id,run_id,bar_open_time,pred_long,pred_short,state_before,decision,reason,processed_at
327,run_20260609_090318_f862b5,2026-06-09 09:03:00,0.011848123097006029,0.042032686868300716,FLAT,HOLD,below_threshold long=0.012 short=0.042,2026-06-09 09:03:42
328,run_20260609_090318_f862b5,2026-06-09 09:04:00,0.011135897563077892,0.04767364604154219,FLAT,HOLD,below_threshold long=0.011 short=0.048,2026-06-09 09:04:10
329,run_20260609_090318_f862b5,2026-06-09 09:05:00,0.009971080869233866,0.05454852859145355,FLAT,HOLD,below_threshold long=0.010 short=0.055,2026-06-09 09:05:06
330,run_20260609_090318_f862b5,2026-06-09 09:06:00,0.008675862234721084,0.0439016803536385,FLAT,HOLD,below_threshold long=0.009 short=0.044,2026-06-09 09:06:09
331,run_20260609_090318_f862b5,2026-06-09 09:07:00,0.006882002540259108,0.0420133741895141,FLAT,HOLD,below_threshold long=0.007 short=0.042,2026-06-09 09:07:09
332,run_20260609_090318_f862b5,2026-06-09 09:08:00,0.00647752468449611,0.03604955058312715,FLAT,HOLD,below_threshold long=0.006 short=0.036,2026-06-09 09:08:09
333,run_20260609_090318_f862b5,2026-06-09 09:09:00,0.008476343236051925,0.05218637769593112,FLAT,HOLD,below_threshold long=0.008 short=0.052,2026-06-09 09:09:09
334,run_20260609_090318_f862b5,2026-06-09 09:10:00,0.009583738497416028,0.050523837492177134,FLAT,HOLD,below_threshold long=0.010 short=0.051,2026-06-09 09:10:09
335,run_20260609_090318_f862b5,2026-06-09 09:11:00,0.011014385192303683,0.03133380894749116,FLAT,HOLD,below_threshold long=0.011 short=0.031,2026-06-09 09:11:06
336,run_20260609_090318_f862b5,2026-06-09 09:12:00,0.010247224304302449,0.03788045761667857,FLAT,HOLD,below_threshold long=0.010 short=0.038,2026-06-09 09:12:10
337,run_20260609_090318_f862b5,2026-06-09 09:13:00,0.01095226295213301,0.034619503429115156,FLAT,HOLD,below_threshold long=0.011 short=0.035,2026-06-09 09:13:09
338,run_20260609_090318_f862b5,2026-06-09 09:14:00,0.009029644125204284,0.036485590811522195,FLAT,HOLD,below_threshold long=0.009 short=0.036,2026-06-09 09:14:09
339,run_20260609_090318_f862b5,2026-06-09 09:15:00,0.008428597731808355,0.03321349048735234,FLAT,HOLD,below_threshold long=0.008 short=0.033,2026-06-09 09:15:09
340,run_20260609_090318_f862b5,2026-06-09 09:16:00,0.009841083457002185,0.03759900166960429,FLAT,HOLD,below_threshold long=0.010 short=0.038,2026-06-09 09:16:09
341,run_20260609_090318_f862b5,2026-06-09 09:17:00,0.007126484168737827,0.02771460201170909,FLAT,HOLD,below_threshold long=0.007 short=0.028,2026-06-09 09:17:09
342,run_20260609_090318_f862b5,2026-06-09 09:18:00,0.007142606345399914,0.026736395501298697,FLAT,HOLD,below_threshold long=0.007 short=0.027,2026-06-09 09:18:09
343,run_20260609_090318_f862b5,2026-06-09 09:19:00,0.007095407639116372,0.02324523102705582,FLAT,HOLD,below_threshold long=0.007 short=0.023,2026-06-09 09:19:09
344,run_20260609_090318_f862b5,2026-06-09 09:20:00,0.00804123451377823,0.02817418681200148,FLAT,HOLD,below_threshold long=0.008 short=0.028,2026-06-09 09:20:09
345,run_20260609_090318_f862b5,2026-06-09 09:21:00,0.00900109343963537,0.033754680018077424,FLAT,HOLD,below_threshold long=0.009 short=0.034,2026-06-09 09:21:09
346,run_20260609_090318_f862b5,2026-06-09 09:22:00,0.007978805930630281,0.025384296806945688,FLAT,HOLD,below_threshold long=0.008 short=0.025,2026-06-09 09:22:09
347,run_20260609_090318_f862b5,2026-06-09 09:23:00,0.008707402160494685,0.03189370641395695,FLAT,HOLD,below_threshold long=0.009 short=0.032,2026-06-09 09:23:09
348,run_20260609_090318_f862b5,2026-06-09 09:24:00,0.007154060648600708,0.030438512712272037,FLAT,HOLD,below_threshold long=0.007 short=0.030,2026-06-09 09:24:09
349,run_20260609_090318_f862b5,2026-06-09 09:25:00,0.0062911316178684345,0.026134368119948143,FLAT,HOLD,below_threshold long=0.006 short=0.026,2026-06-09 09:25:09
350,run_20260609_090318_f862b5,2026-06-09 09:26:00,0.008243671176096866,0.04410244175790713,FLAT,HOLD,below_threshold long=0.008 short=0.044,2026-06-09 09:26:09
351,run_20260609_090318_f862b5,2026-06-09 09:27:00,0.008085886458792038,0.03554219685877086,FLAT,HOLD,below_threshold long=0.008 short=0.036,2026-06-09 09:27:09
352,run_20260609_090318_f862b5,2026-06-09 09:28:00,0.008094600720132428,0.032079495849010535,FLAT,HOLD,below_threshold long=0.008 short=0.032,2026-06-09 09:28:09
353,run_20260609_090318_f862b5,2026-06-09 09:29:00,0.00800230465702146,0.029128270072994313,FLAT,HOLD,below_threshold long=0.008 short=0.029,2026-06-09 09:29:09
354,run_20260609_090318_f862b5,2026-06-09 09:30:00,0.007691800291390619,0.03102183548305499,FLAT,HOLD,below_threshold long=0.008 short=0.031,2026-06-09 09:30:09
355,run_20260609_090318_f862b5,2026-06-09 09:31:00,0.008681807926583116,0.032081385580631366,FLAT,HOLD,below_threshold long=0.009 short=0.032,2026-06-09 09:31:09
356,run_20260609_090318_f862b5,2026-06-09 09:32:00,0.006769151426729645,0.031232856195306993,FLAT,HOLD,below_threshold long=0.007 short=0.031,2026-06-09 09:32:09
357,run_20260609_090318_f862b5,2026-06-09 09:33:00,0.0076600930492962,0.030550176802017177,FLAT,HOLD,below_threshold long=0.008 short=0.031,2026-06-09 09:33:09
358,run_20260609_090318_f862b5,2026-06-09 09:34:00,0.0075277012902053115,0.02938881047340162,FLAT,HOLD,below_threshold long=0.008 short=0.029,2026-06-09 09:34:09
359,run_20260609_090318_f862b5,2026-06-09 09:35:00,0.009174079745173471,0.03412595136012313,FLAT,HOLD,below_threshold long=0.009 short=0.034,2026-06-09 09:35:09
360,run_20260609_090318_f862b5,2026-06-09 09:36:00,0.008799508004652394,0.030537095155128507,FLAT,HOLD,below_threshold long=0.009 short=0.031,2026-06-09 09:36:09
361,run_20260609_090318_f862b5,2026-06-09 09:37:00,0.005087314844571226,0.024039740209957434,FLAT,HOLD,below_threshold long=0.005 short=0.024,2026-06-09 09:37:09
362,run_20260609_090318_f862b5,2026-06-09 09:38:00,0.008613873433427045,0.03178664875750314,FLAT,HOLD,below_threshold long=0.009 short=0.032,2026-06-09 09:38:09
363,run_20260609_090318_f862b5,2026-06-09 09:39:00,0.009275778499151108,0.031637976535693065,FLAT,HOLD,below_threshold long=0.009 short=0.032,2026-06-09 09:39:09
364,run_20260609_090318_f862b5,2026-06-09 09:40:00,0.00865915095322213,0.030633001018250113,FLAT,HOLD,below_threshold long=0.009 short=0.031,2026-06-09 09:40:09
365,run_20260609_090318_f862b5,2026-06-09 09:41:00,0.008795687245024442,0.03165689978850127,FLAT,HOLD,below_threshold long=0.009 short=0.032,2026-06-09 09:41:09
366,run_20260609_090318_f862b5,2026-06-09 09:42:00,0.008148869055430906,0.030268053145147706,FLAT,HOLD,below_threshold long=0.008 short=0.030,2026-06-09 09:42:09
367,run_20260609_090318_f862b5,2026-06-09 09:43:00,0.011579095889387311,0.030507720276842506,FLAT,HOLD,below_threshold long=0.012 short=0.031,2026-06-09 09:43:06
368,run_20260609_090318_f862b5,2026-06-09 09:44:00,0.01173192051327022,0.033844258711764295,FLAT,HOLD,below_threshold long=0.012 short=0.034,2026-06-09 09:44:10
369,run_20260609_090318_f862b5,2026-06-09 09:45:00,0.011668113988912841,0.0312467075702534,FLAT,HOLD,below_threshold long=0.012 short=0.031,2026-06-09 09:45:09
370,run_20260609_090318_f862b5,2026-06-09 09:46:00,0.011210048093058912,0.02820226524457234,FLAT,HOLD,below_threshold long=0.011 short=0.028,2026-06-09 09:46:10
371,run_20260609_090318_f862b5,2026-06-09 09:47:00,0.011281846352370587,0.03857322943380912,FLAT,HOLD,below_threshold long=0.011 short=0.039,2026-06-09 09:47:09
372,run_20260609_090318_f862b5,2026-06-09 09:48:00,0.011074600567105531,0.03125494452243857,FLAT,HOLD,below_threshold long=0.011 short=0.031,2026-06-09 09:48:09
373,run_20260609_090318_f862b5,2026-06-09 09:49:00,0.011246477428702571,0.029380121402936592,FLAT,HOLD,below_threshold long=0.011 short=0.029,2026-06-09 09:49:10
374,run_20260609_090318_f862b5,2026-06-09 09:50:00,0.00774462725180652,0.03492085208785762,FLAT,HOLD,below_threshold long=0.008 short=0.035,2026-06-09 09:50:11
375,run_20260609_090318_f862b5,2026-06-09 09:51:00,0.00732161955957611,0.032378919566434856,FLAT,HOLD,below_threshold long=0.007 short=0.032,2026-06-09 09:51:10
376,run_20260609_090318_f862b5,2026-06-09 09:52:00,0.007395113092828447,0.029576902105744176,FLAT,HOLD,below_threshold long=0.007 short=0.030,2026-06-09 09:52:10
377,run_20260609_090318_f862b5,2026-06-09 09:53:00,0.008537539261031239,0.037587645125910014,FLAT,HOLD,below_threshold long=0.009 short=0.038,2026-06-09 09:53:10
378,run_20260609_090318_f862b5,2026-06-09 09:54:00,0.008307024074983502,0.023699999968666542,FLAT,HOLD,below_threshold long=0.008 short=0.024,2026-06-09 09:54:06
379,run_20260609_090318_f862b5,2026-06-09 09:55:00,0.006761783388727089,0.022071544318031648,FLAT,HOLD,below_threshold long=0.007 short=0.022,2026-06-09 09:55:09
380,run_20260609_090318_f862b5,2026-06-09 09:56:00,0.00681003187805959,0.023887677063497946,FLAT,HOLD,below_threshold long=0.007 short=0.024,2026-06-09 09:56:10
381,run_20260609_090318_f862b5,2026-06-09 09:57:00,0.005927462453387396,0.02805182474071851,FLAT,HOLD,below_threshold long=0.006 short=0.028,2026-06-09 09:57:09
382,run_20260609_090318_f862b5,2026-06-09 09:58:00,0.0060598022296412795,0.024242179404836976,FLAT,HOLD,below_threshold long=0.006 short=0.024,2026-06-09 09:58:09
383,run_20260609_090318_f862b5,2026-06-09 09:59:00,0.00722909523876039,0.031562202771071364,FLAT,HOLD,below_threshold long=0.007 short=0.032,2026-06-09 09:59:09
384,run_20260609_090318_f862b5,2026-06-09 10:00:00,0.006700462682245704,0.032976922581172165,FLAT,HOLD,below_threshold long=0.007 short=0.033,2026-06-09 10:00:09
385,run_20260609_090318_f862b5,2026-06-09 10:01:00,0.006387581455309785,0.02837172978983746,FLAT,HOLD,below_threshold long=0.006 short=0.028,2026-06-09 10:01:09
386,run_20260609_090318_f862b5,2026-06-09 10:02:00,0.006371363197954415,0.030896703905022388,FLAT,HOLD,below_threshold long=0.006 short=0.031,2026-06-09 10:02:09
387,run_20260609_090318_f862b5,2026-06-09 10:03:00,0.0058935840183688415,0.032851809444634825,FLAT,HOLD,below_threshold long=0.006 short=0.033,2026-06-09 10:03:09
388,run_20260609_090318_f862b5,2026-06-09 10:04:00,0.005941734216469916,0.0277711219011442,FLAT,HOLD,below_threshold long=0.006 short=0.028,2026-06-09 10:04:09
389,run_20260609_090318_f862b5,2026-06-09 10:05:00,0.0061190942403008056,0.02826935941438374,FLAT,HOLD,below_threshold long=0.006 short=0.028,2026-06-09 10:05:09
390,run_20260609_090318_f862b5,2026-06-09 10:06:00,0.007023848525981981,0.024910966619639884,FLAT,HOLD,below_threshold long=0.007 short=0.025,2026-06-09 10:06:09
391,run_20260609_090318_f862b5,2026-06-09 10:07:00,0.008280339578489832,0.029124007306235784,FLAT,HOLD,below_threshold long=0.008 short=0.029,2026-06-09 10:07:09
392,run_20260609_090318_f862b5,2026-06-09 10:08:00,0.00764413384980446,0.028343141006195345,FLAT,HOLD,below_threshold long=0.008 short=0.028,2026-06-09 10:08:09
393,run_20260609_090318_f862b5,2026-06-09 10:09:00,0.006389512429097972,0.02116642962392311,FLAT,HOLD,below_threshold long=0.006 short=0.021,2026-06-09 10:09:09
394,run_20260609_090318_f862b5,2026-06-09 10:10:00,0.0059798238760475205,0.024389207606977888,FLAT,HOLD,below_threshold long=0.006 short=0.024,2026-06-09 10:10:10
395,run_20260609_090318_f862b5,2026-06-09 10:11:00,0.006433661120962724,0.021325815773237968,FLAT,HOLD,below_threshold long=0.006 short=0.021,2026-06-09 10:11:09
396,run_20260609_090318_f862b5,2026-06-09 10:12:00,0.00614790954731627,0.02142921771397805,FLAT,HOLD,below_threshold long=0.006 short=0.021,2026-06-09 10:12:09
397,run_20260609_090318_f862b5,2026-06-09 10:13:00,0.00642901482222989,0.023500475008726117,FLAT,HOLD,below_threshold long=0.006 short=0.024,2026-06-09 10:13:09
398,run_20260609_090318_f862b5,2026-06-09 10:14:00,0.006090438389016475,0.022707423470774788,FLAT,HOLD,below_threshold long=0.006 short=0.023,2026-06-09 10:14:10
399,run_20260609_090318_f862b5,2026-06-09 10:15:00,0.005012375484493993,0.018981619518155714,FLAT,HOLD,below_threshold long=0.005 short=0.019,2026-06-09 10:15:10
400,run_20260609_090318_f862b5,2026-06-09 10:16:00,0.007981800689882242,0.02546114415975917,FLAT,HOLD,below_threshold long=0.008 short=0.025,2026-06-09 10:16:09
401,run_20260609_090318_f862b5,2026-06-09 10:17:00,0.007260554271529025,0.029849803527437355,FLAT,HOLD,below_threshold long=0.007 short=0.030,2026-06-09 10:17:10
402,run_20260609_090318_f862b5,2026-06-09 10:18:00,0.006191866845683387,0.02321354685289508,FLAT,HOLD,below_threshold long=0.006 short=0.023,2026-06-09 10:18:10
