entry_thr,max_hold,tp_pct,trades,win_rate,total_return,profit_factor,max_dd,avg_hold,score
0.45,120,0.0,459,0.8105,183.7186,5.804,-0.102,93.0,183.74522500000003
0.42,120,0.0,532,0.797,160.06,4.761,-0.1284,90.6,160.07005
0.38,120,0.0,673,0.7727,156.4791,3.72,-0.1531,87.0,156.470725
0.48,120,0.0,393,0.8397,152.8979,7.423,-0.0957,96.3,152.93497499999998
0.4,120,0.0,604,0.7765,151.9829,3.991,-0.1757,88.9,151.964175
0.5,120,0.0,357,0.8627,146.9504,8.707,-0.108,99.0,146.987075
0.36,120,0.0,755,0.743,123.3039,3.085,-0.189,84.3,123.27015
0.45,90,0.0,466,0.7833,99.5711,4.951,-0.112,75.0,99.585925
0.55,120,0.0,276,0.8768,94.6907,11.022,-0.1133,104.4,94.72825
0.5,90,0.0,363,0.832,89.6694,6.871,-0.0877,79.1,89.70854999999999
0.48,90,0.0,398,0.804,86.7165,6.086,-0.1117,77.3,86.73664999999998
0.42,90,0.0,545,0.7615,79.6506,3.87,-0.1056,73.7,79.663175
0.33,120,0.0,892,0.6984,76.8259,2.467,-0.1591,81.9,76.79595
0.4,90,0.0,619,0.7431,71.4465,3.374,-0.1572,72.4,71.42867500000001
0.38,90,0.0,693,0.7258,70.7981,3.05,-0.1557,71.4,70.7767
0.38,120,0.02,696,0.7931,68.9581,3.389,-0.1167,68.7,68.97302499999999
0.45,120,0.02,472,0.8538,64.3721,5.554,-0.0936,64.1,64.41375
0.55,90,0.0,281,0.8434,58.5951,7.957,-0.1147,82.6,58.6236
0.48,120,0.02,406,0.8768,56.6802,6.95,-0.0766,62.2,56.7361
0.4,120,0.02,620,0.8032,55.7692,3.617,-0.1531,68.0,55.76845
0.5,120,0.02,368,0.9022,54.1546,8.348,-0.0945,60.6,54.2079
0.36,90,0.0,778,0.7134,53.9133,2.583,-0.1841,69.7,53.8746
0.42,120,0.02,546,0.8278,52.9337,4.143,-0.1108,66.8,52.96025
0.36,120,0.02,780,0.7551,48.5627,2.704,-0.1542,69.1,48.549375
0.45,60,0.0,479,0.7704,47.7293,4.475,-0.1424,53.7,47.7257
0.48,60,0.0,406,0.798,44.7654,5.504,-0.116,55.2,44.7819
0.38,120,0.015,708,0.8107,42.6387,3.259,-0.1297,58.9,42.651525
0.5,60,0.0,369,0.8022,41.6197,5.569,-0.1088,56.0,41.64085
0.45,90,0.02,477,0.8134,41.053,4.481,-0.1473,55.9,41.0577
0.48,90,0.02,409,0.8362,40.2849,5.602,-0.1117,54.6,40.3131
0.3,120,0.0,1044,0.6734,40.3571,2.011,-0.2541,78.9,40.2734
0.38,90,0.02,709,0.7518,39.9302,2.82,-0.1548,59.6,39.91575
0.42,60,0.0,560,0.7411,37.9501,3.46,-0.1555,53.3,37.932624999999994
0.5,90,0.02,372,0.8656,37.4113,6.387,-0.087,53.5,37.459199999999996
0.42,120,0.015,552,0.8442,32.8151,4.168,-0.0987,55.5,32.851800000000004
0.33,90,0.0,917,0.6783,32.2963,2.112,-0.1401,67.9,32.270825
0.36,120,0.015,790,0.781,31.481,2.644,-0.1666,60.2,31.467950000000002
0.4,120,0.015,629,0.8172,31.2654,3.352,-0.1534,58.1,31.268
0.45,120,0.015,476,0.8697,31.1373,5.089,-0.0981,50.6,31.180674999999997
0.42,90,0.02,555,0.782,30.5343,3.339,-0.1448,57.9,30.532400000000003
0.4,90,0.02,630,0.7635,30.4856,2.905,-0.169,58.9,30.466975
0.55,60,0.0,284,0.8204,30.4077,7.156,-0.1028,57.7,30.4364
0.55,120,0.02,283,0.9081,28.8726,9.075,-0.1001,56.5,28.924575
0.36,90,0.02,793,0.7289,27.865,2.337,-0.1797,59.8,27.832375
0.45,60,0.02,485,0.7938,27.7767,4.289,-0.1527,43.9,27.7738
0.5,120,0.015,375,0.9147,26.3389,7.681,-0.095,46.8,26.395075
0.48,60,0.02,413,0.8184,25.7599,5.272,-0.116,43.1,25.781499999999998
0.48,120,0.015,412,0.8835,25.4695,5.908,-0.0753,49.4,25.527725
0.45,45,0.0,485,0.7361,25.0407,3.85,-0.1993,41.8,25.000075
0.38,90,0.015,716,0.7709,24.7241,2.692,-0.1672,52.1,24.708225
0.55,90,0.02,285,0.8842,24.6156,7.924,-0.1075,50.0,24.6579
0.4,60,0.0,638,0.7038,24.4862,2.708,-0.2076,52.8,24.43335
0.42,60,0.02,567,0.7601,24.0881,3.305,-0.169,45.4,24.068625
0.38,60,0.0,720,0.6931,23.774,2.498,-0.1838,52.2,23.730375000000002
0.5,60,0.02,374,0.8316,22.8913,5.404,-0.1128,42.1,22.9178
0.45,90,0.015,481,0.8295,22.7419,4.257,-0.1292,45.0,22.759675
0.3,90,0.0,1073,0.6589,22.4565,1.848,-0.2317,65.7,22.380375
0.38,60,0.02,728,0.706,21.4843,2.515,-0.1722,46.3,21.449700000000004
0.33,120,0.02,923,0.7096,20.8976,1.98,-0.2124,69.5,20.843799999999998
0.48,45,0.0,412,0.7451,20.5141,4.131,-0.1313,42.6,20.509724999999996
0.5,45,0.0,373,0.756,20.0527,4.284,-0.1335,43.0,20.049950000000003
0.42,45,0.0,566,0.7191,19.7123,3.085,-0.1943,41.6,19.669925
0.36,60,0.0,806,0.6811,19.6805,2.206,-0.2525,51.3,19.599525
0.42,90,0.015,559,0.8014,19.5087,3.239,-0.1421,49.1,19.513
0.4,60,0.02,645,0.7225,19.2851,2.634,-0.1967,46.0,19.242375
0.4,90,0.015,636,0.7846,19.1324,2.775,-0.1713,51.0,19.1179
0.48,90,0.015,414,0.843,18.3453,4.702,-0.1182,44.1,18.371950000000002
0.5,90,0.015,377,0.8753,18.3073,5.465,-0.0903,41.9,18.355975
0.45,60,0.015,488,0.8115,18.2136,4.037,-0.1274,36.7,18.227774999999998
0.55,45,0.0,287,0.7909,17.7999,5.062,-0.1756,44.0,17.784824999999998
0.36,90,0.015,801,0.7491,17.3784,2.217,-0.1917,53.2,17.344825
0.45,45,0.02,491,0.7536,17.2123,3.714,-0.1952,35.9,17.1781
0.38,120,0.01,722,0.8518,16.2746,3.029,-0.116,41.7,16.30455
0.55,60,0.02,286,0.8531,16.0872,7.104,-0.0986,39.8,16.126175
0.42,60,0.015,570,0.7737,16.1318,3.117,-0.1484,39.6,16.126025
0.36,60,0.02,818,0.687,15.8608,2.141,-0.2375,46.2,15.788799999999998
0.33,120,0.015,938,0.7324,15.7998,1.935,-0.1911,61.4,15.76235
0.48,60,0.015,417,0.8321,14.9653,4.697,-0.1203,36.0,14.988174999999998
0.38,45,0.0,731,0.6717,14.9661,2.432,-0.1686,40.8,14.924725
0.48,45,0.02,418,0.7632,14.714,3.984,-0.1337,35.5,14.71295
0.42,120,0.01,567,0.8942,14.6287,4.178,-0.0784,36.1,14.68805
0.55,120,0.015,285,0.9263,14.244,8.793,-0.1001,42.3,14.300524999999999
0.38,60,0.015,734,0.7166,13.9196,2.35,-0.1763,41.7,13.8856
0.33,90,0.02,939,0.6901,13.8547,1.815,-0.1923,59.7,13.806075
0.5,45,0.02,378,0.7778,13.6239,4.222,-0.1535,34.4,13.6166
0.42,45,0.02,572,0.729,13.6133,2.915,-0.1905,36.9,13.5753
0.45,120,0.01,487,0.9158,13.4422,5.732,-0.065,32.6,13.513649999999998
0.4,45,0.0,647,0.6862,13.3069,2.499,-0.1917,41.2,13.2576
0.5,60,0.015,379,0.8443,13.203,4.718,-0.1163,34.3,13.230925
0.4,120,0.01,644,0.8587,13.0839,3.147,-0.1293,40.5,13.108925
0.36,120,0.01,810,0.821,13.0328,2.395,-0.1292,43.5,13.048449999999999
0.55,90,0.015,286,0.8986,12.6068,7.509,-0.116,38.5,12.64845
0.45,45,0.015,493,0.7688,12.5478,3.489,-0.1599,31.1,12.53505
0.38,45,0.02,737,0.6771,12.3165,2.331,-0.1667,37.4,12.277425000000001
0.3,120,0.02,1080,0.6796,12.3317,1.661,-0.2748,68.6,12.2392
0.4,60,0.015,650,0.7292,11.8905,2.418,-0.1875,40.9,11.854049999999999
0.38,90,0.01,729,0.8299,11.4031,2.544,-0.1688,37.8,11.401175
0.33,60,0.0,953,0.6464,11.0165,1.75,-0.2765,50.4,10.914850000000001
0.4,45,0.02,651,0.6928,10.7946,2.391,-0.1858,37.3,10.7499
0.42,90,0.01,571,0.8651,10.5191,3.29,-0.1376,33.0,10.541575
0.36,60,0.015,824,0.6978,10.5534,2.003,-0.236,42.2,10.48485
0.36,45,0.0,823,0.6537,10.5213,2.0,-0.2083,40.3,10.455575
0.48,120,0.01,422,0.9289,10.3008,6.058,-0.0688,30.5,10.373625
0.5,30,0.0,382,0.733,10.3246,3.733,-0.1219,29.3,10.3219
0.45,90,0.01,492,0.8882,10.2055,4.231,-0.1143,30.0,10.2454
0.42,45,0.015,574,0.7387,10.2058,2.758,-0.1635,33.2,10.183725
0.55,30,0.0,292,0.7705,10.0026,4.847,-0.145,29.7,9.997724999999999
0.48,45,0.015,422,0.7749,9.9688,3.764,-0.1313,30.3,9.971875
0.33,90,0.015,951,0.7108,9.9705,1.747,-0.1631,54.0,9.94165
0.3,120,0.015,1100,0.7036,9.9706,1.636,-0.2782,61.1,9.882399999999999
0.55,45,0.02,289,0.8097,9.8613,4.858,-0.1855,32.7,9.845975
0.3,90,0.02,1102,0.6624,9.7774,1.605,-0.2916,58.9,9.6722
0.45,30,0.0,493,0.6917,9.6354,2.936,-0.1659,28.9,9.600375
0.5,45,0.015,381,0.79,9.5499,4.093,-0.1375,28.9,9.55365
0.48,30,0.0,421,0.7126,9.5193,3.416,-0.1163,29.2,9.5143
0.55,60,0.015,287,0.8676,9.2351,6.488,-0.103,31.8,9.2755
0.4,90,0.01,648,0.841,9.2637,2.611,-0.1968,36.7,9.25055
0.38,45,0.015,742,0.6846,9.1366,2.197,-0.1708,34.6,9.09735
0.5,120,0.01,385,0.9429,8.763,6.283,-0.1039,28.5,8.821775
0.36,90,0.01,820,0.8024,8.5991,2.043,-0.1743,39.5,8.58755
0.42,60,0.01,577,0.8284,8.3799,3.023,-0.17,28.3,8.376999999999999
0.38,60,0.01,740,0.777,8.3688,2.359,-0.1327,31.7,8.3717
0.48,90,0.01,423,0.9007,8.2535,4.653,-0.0878,28.0,8.309775
0.36,45,0.02,830,0.659,8.3871,1.912,-0.2371,37.3,8.3083
0.45,60,0.01,496,0.8528,8.136,3.715,-0.1254,25.7,8.1615
0.33,120,0.01,961,0.7784,8.0922,1.844,-0.2398,46.6,8.0419
0.4,45,0.015,656,0.6982,7.9085,2.241,-0.1865,34.0,7.8648
0.5,30,0.02,384,0.7422,7.5695,3.486,-0.1291,25.2,7.5655
0.5,90,0.01,386,0.9197,7.3944,5.043,-0.1058,26.5,7.446425
0.42,30,0.0,579,0.6839,7.4599,2.406,-0.132,28.8,7.439875000000001
0.3,90,0.015,1115,0.6807,7.3777,1.557,-0.2619,53.5,7.291925
0.45,30,0.02,496,0.6976,7.1259,2.741,-0.1642,26.1,7.0932
0.33,60,0.02,969,0.6491,7.1705,1.625,-0.2881,45.8,7.063725
0.48,60,0.01,426,0.8756,6.951,4.258,-0.0932,24.1,6.9982999999999995
0.48,30,0.02,424,0.7193,6.9734,3.162,-0.1163,25.9,6.970075
0.55,30,0.02,292,0.7877,6.7955,4.504,-0.1465,24.1,6.794175
0.55,120,0.01,293,0.9659,6.5789,16.481,-0.0367,23.9,6.677025
0.36,60,0.01,838,0.7554,6.6999,1.958,-0.1882,32.9,6.669650000000001
0.4,60,0.01,655,0.7847,6.6296,2.352,-0.1783,30.8,6.611625
0.55,45,0.015,290,0.831,6.4119,4.536,-0.1895,26.9,6.3999
0.3,60,0.0,1125,0.6284,6.4144,1.485,-0.3575,49.0,6.2677499999999995
0.3,120,0.01,1138,0.7522,6.2377,1.594,-0.2311,46.8,6.1852
0.45,45,0.01,500,0.828,6.1524,3.171,-0.1547,22.5,6.15705
0.42,45,0.01,579,0.8066,6.0808,2.64,-0.1837,24.6,6.0656
0.55,90,0.01,293,0.9454,5.8862,11.673,-0.0343,22.5,5.9803999999999995
0.42,30,0.02,581,0.6885,5.9856,2.295,-0.132,26.6,5.966725
0.33,90,0.01,974,0.7649,5.914,1.682,-0.2333,41.9,5.863575
0.38,45,0.01,745,0.745,5.8745,2.133,-0.1527,27.1,5.859400000000001
0.5,30,0.015,387,0.7597,5.8237,3.346,-0.1229,22.1,5.8271749999999995
0.36,45,0.015,836,0.6687,5.8492,1.781,-0.2808,34.8,5.750975
0.5,60,0.01,388,0.8866,5.6683,4.081,-0.1258,22.8,5.702050000000001
0.48,30,0.015,427,0.7354,5.5426,3.034,-0.1163,23.1,5.5432999999999995
0.45,30,0.015,497,0.7123,5.5021,2.587,-0.1342,23.7,5.488075
0.33,45,0.0,973,0.6197,5.3653,1.589,-0.2441,39.7,5.273175000000001
0.48,45,0.01,429,0.8345,5.1069,3.408,-0.1217,21.2,5.129675
0.4,45,0.01,659,0.7648,5.1312,2.19,-0.1589,26.3,5.11795
0.55,60,0.01,293,0.9181,4.8283,8.022,-0.0492,19.7,4.908224999999999
0.5,45,0.01,390,0.8487,4.7646,3.748,-0.1418,20.0,4.780875
0.55,30,0.015,293,0.7986,4.7535,4.031,-0.1507,20.6,4.7528
0.42,30,0.015,582,0.6993,4.5927,2.161,-0.0972,24.8,4.593925
0.33,60,0.015,979,0.6599,4.6646,1.525,-0.2582,42.3,4.575475
0.36,45,0.01,843,0.7236,4.457,1.78,-0.2473,27.9,4.3892500000000005
0.4,30,0.0,662,0.6526,4.239,1.872,-0.1606,28.6,4.1968499999999995
0.55,45,0.01,295,0.8949,4.069,6.051,-0.1113,17.7,4.112075
0.3,60,0.02,1140,0.6298,4.0744,1.39,-0.3555,45.3,3.9290999999999996
0.3,90,0.01,1152,0.7344,3.9017,1.445,-0.2752,42.0,3.8227
0.4,30,0.02,663,0.6591,3.8548,1.838,-0.1605,26.7,3.814325
0.33,45,0.02,983,0.6216,3.8455,1.489,-0.282,37.0,3.7349
0.45,30,0.01,501,0.7665,3.5584,2.425,-0.1342,18.1,3.557925
0.42,30,0.01,585,0.7504,3.4585,2.137,-0.1147,19.5,3.46375
0.38,30,0.02,751,0.6378,3.4924,1.72,-0.1471,26.9,3.4533
0.38,30,0.0,748,0.631,3.4934,1.72,-0.1551,28.4,3.4486
0.48,30,0.01,431,0.7865,3.384,2.764,-0.1075,17.2,3.401875
0.5,30,0.01,392,0.801,3.2788,2.972,-0.1187,16.2,3.2947
0.33,60,0.01,994,0.7143,3.2571,1.491,-0.283,34.5,3.1691749999999996
0.55,30,0.01,297,0.835,2.8765,4.051,-0.0968,14.7,2.9118500000000003
0.4,30,0.015,666,0.6667,2.9264,1.728,-0.1525,25.1,2.8918250000000003
0.33,45,0.015,991,0.6297,2.8123,1.419,-0.2978,34.9,2.695825
0.38,30,0.015,754,0.6459,2.7241,1.634,-0.1567,25.4,2.682225
0.3,45,0.0,1160,0.6121,2.7611,1.331,-0.327,38.8,2.625625
0.38,30,0.01,754,0.6883,2.6254,1.703,-0.1184,21.1,2.613275
0.4,30,0.01,666,0.7102,2.5425,1.765,-0.1205,20.6,2.5348
0.3,60,0.015,1150,0.6391,2.5281,1.308,-0.326,42.1,2.3998749999999998
0.36,30,0.02,846,0.6123,2.3222,1.471,-0.1971,26.8,2.251725
0.36,30,0.0,842,0.6057,2.2767,1.462,-0.2047,28.2,2.200775
0.33,45,0.01,1001,0.6793,1.9967,1.376,-0.3083,29.3,1.887375
0.36,30,0.01,853,0.6647,1.8777,1.465,-0.1625,21.6,1.8376249999999998
0.3,45,0.02,1171,0.6166,1.9812,1.27,-0.3617,36.7,1.8295000000000001
0.36,30,0.015,850,0.6224,1.7894,1.409,-0.2057,25.5,1.71715
0.3,60,0.01,1175,0.6894,1.6983,1.263,-0.3215,34.6,1.5849
0.3,45,0.015,1180,0.6212,1.1735,1.195,-0.3924,34.7,1.0076
0.33,30,0.02,1013,0.5755,0.903,1.203,-0.2959,26.6,0.773925
0.3,45,0.01,1194,0.6633,0.8025,1.16,-0.3881,29.5,0.6492749999999999
0.33,30,0.0,1010,0.5683,0.7153,1.173,-0.2897,27.8,0.5875250000000001
0.33,30,0.015,1015,0.5813,0.5735,1.147,-0.3112,25.6,0.4382250000000001
0.33,30,0.01,1019,0.6173,0.5037,1.142,-0.3356,22.3,0.365225
0.3,30,0.02,1207,0.5551,0.3994,1.095,-0.3366,26.4,0.24487499999999998
0.3,30,0.0,1201,0.5504,0.3447,1.087,-0.2866,27.4,0.214
0.3,30,0.015,1210,0.5603,0.2,1.058,-0.3706,25.5,0.029775000000000024
0.3,30,0.01,1218,0.592,0.1104,1.039,-0.3674,22.5,-0.05030000000000001
