direction,entry_cutoff,tp_spec,sl_spec,n_trades,total_fact_log_return,avg_fact_log_return,compounded_return_pct,win_rate,avg_hold_minutes
short,0.9,bucket_mean_mfe,none,425,-0.2345650346472639,-0.0005519177285817974,-20.908520464597867,0.4988235294117647,49.93411764705883
short,0.92,bucket_mean_mfe,none,314,-0.13019974532347342,-0.0004146488704569217,-12.20799470192837,0.5063694267515924,47.49363057324841
short,0.94,bucket_mean_mfe,none,208,-0.17536760249120179,-0.0008431134735153932,-16.08515090112519,0.5384615384615384,46.5
short,0.95,bucket_mean_mfe,none,156,-0.29133312094820707,-0.0018675200060782504,-25.273329364222985,0.5256410256410257,46.25
short,0.96,bucket_mean_mfe,none,118,-0.21040414538633606,-0.0017830859778503055,-18.974328172419717,0.5423728813559322,43.940677966101696
short,0.97,bucket_mean_mfe,none,73,-0.3207146776027431,-0.004393351747982782,-27.43697399781082,0.5068493150684932,43.863013698630134
short,0.98,bucket_mean_mfe,none,50,-0.22262779588713116,-0.004452555917742624,-19.958728923857816,0.52,44.14
short,0.99,bucket_mean_mfe,none,27,-0.0922572758703281,-0.0034169361433454854,-8.812948291715983,0.5555555555555556,39.18518518518518
short,0.9,bucket_mean_mfe,0.5x_tp,764,-0.09180248897145166,-0.00012016032587886342,-8.771468183661991,0.3756544502617801,25.25392670157068
short,0.92,bucket_mean_mfe,0.5x_tp,594,-0.13122815478394015,-0.00022092281950158275,-12.298234421086484,0.36195286195286197,22.55723905723906
short,0.94,bucket_mean_mfe,0.5x_tp,410,-0.04585116286366262,-0.00011183210454551859,-4.481588151974581,0.36097560975609755,20.151219512195123
short,0.95,bucket_mean_mfe,0.5x_tp,328,-0.20572595195727894,-0.0006272132681624358,-18.594386379225035,0.3445121951219512,17.972560975609756
short,0.96,bucket_mean_mfe,0.5x_tp,260,-0.05934215683948363,-0.00022823906476724472,-5.761572923593317,0.35384615384615387,16.746153846153845
short,0.97,bucket_mean_mfe,0.5x_tp,195,-0.27160091495523486,-0.0013928252048986403,-23.78416335903646,0.3076923076923077,13.953846153846154
short,0.98,bucket_mean_mfe,0.5x_tp,123,-0.21368707043837296,-0.001737293255596528,-19.239893226723026,0.2845528455284553,11.032520325203253
short,0.99,bucket_mean_mfe,0.5x_tp,75,-0.16069943930261466,-0.0021426591907015287,-14.845202549895342,0.25333333333333335,8.0
short,0.9,bucket_mean_mfe,1.0x_tp,541,0.015670606825433704,2.896600152575546e-05,1.5794034671500645,0.48428835489833644,38.373382624768944
short,0.92,bucket_mean_mfe,1.0x_tp,414,-0.013767214662095417,-3.325414169588265e-05,-1.3672879967190132,0.4830917874396135,35.44444444444444
short,0.94,bucket_mean_mfe,1.0x_tp,296,-0.023700661069255804,-8.006980090964799e-05,-2.342200617781376,0.48986486486486486,31.966216216216218
short,0.95,bucket_mean_mfe,1.0x_tp,231,-0.19491640227239926,-0.0008437939492311656,-17.709655196107388,0.47186147186147187,30.48917748917749
short,0.96,bucket_mean_mfe,1.0x_tp,187,-0.10288653637046002,-0.000550195381660214,-9.777066211055763,0.47593582887700536,27.53475935828877
short,0.97,bucket_mean_mfe,1.0x_tp,134,-0.21875821510923774,-0.0016325239933525203,-19.648402730954306,0.4626865671641791,22.380597014925375
short,0.98,bucket_mean_mfe,1.0x_tp,89,-0.2768800382319044,-0.0031110116655270153,-24.185455987697225,0.4157303370786517,20.0561797752809
short,0.99,bucket_mean_mfe,1.0x_tp,54,-0.19435059544755226,-0.0035990851008805974,-17.663081582806704,0.3888888888888889,16.0
short,0.9,bucket_mean_mfe,1.5x_tp,475,-0.3273143840146105,-0.0006890829137149695,-27.914291854414188,0.48210526315789476,44.193684210526314
short,0.92,bucket_mean_mfe,1.5x_tp,364,-0.1645730899118812,-0.00045212387338428896,-15.174424425990395,0.49175824175824173,41.4532967032967
short,0.94,bucket_mean_mfe,1.5x_tp,249,-0.2036477456053888,-0.0008178624321501559,-18.425032801030216,0.5100401606425703,38.381526104417674
short,0.95,bucket_mean_mfe,1.5x_tp,199,-0.3771150464477991,-0.001895050484662307,-31.41628337726594,0.49246231155778897,35.98994974874372
short,0.96,bucket_mean_mfe,1.5x_tp,155,-0.3044936693999144,-0.0019644752864510606,-26.250330298352086,0.4967741935483871,32.81290322580645
short,0.97,bucket_mean_mfe,1.5x_tp,105,-0.39398702905747907,-0.0037522574195950386,-32.56371966951248,0.45714285714285713,30.0
short,0.98,bucket_mean_mfe,1.5x_tp,73,-0.3677997327143158,-0.005038352502935833,-30.774419600162382,0.4520547945205479,27.561643835616437
short,0.99,bucket_mean_mfe,1.5x_tp,45,-0.19456164011949195,-0.004323592002655377,-17.680456517234422,0.4666666666666667,21.155555555555555
short,0.9,bucket_mean_mfe,2.0x_tp,445,-0.14998890271241533,-0.00033705371396048386,-13.928247199800314,0.49213483146067416,47.337078651685395
short,0.92,bucket_mean_mfe,2.0x_tp,340,-0.0592433658746178,-0.0001742451937488759,-5.752262558572596,0.5029411764705882,44.40294117647059
short,0.94,bucket_mean_mfe,2.0x_tp,228,-0.058220157905659035,-0.00025535156976166245,-5.655778169186043,0.5350877192982456,42.666666666666664
short,0.95,bucket_mean_mfe,2.0x_tp,176,-0.18067943005356785,-0.0010265876707589083,-16.52971035259777,0.5227272727272727,41.32954545454545
short,0.96,bucket_mean_mfe,2.0x_tp,135,-0.13495479791567608,-0.0009996651697457488,-12.624459363903629,0.5259259259259259,38.148148148148145
short,0.97,bucket_mean_mfe,2.0x_tp,90,-0.2046376878737572,-0.002273752087486191,-18.505747351137238,0.5,35.86666666666667
short,0.98,bucket_mean_mfe,2.0x_tp,63,-0.28167449922255117,-0.004471023797183352,-24.548075883391697,0.49206349206349204,34.317460317460316
short,0.99,bucket_mean_mfe,2.0x_tp,41,-0.17546216121244446,-0.004279564907620596,-16.093085406804985,0.5121951219512195,24.878048780487806
short,0.9,bucket_median_mfe,none,508,0.04249975820026235,8.366094133909911e-05,4.341580407598,0.5708661417322834,41.482283464566926
short,0.92,bucket_median_mfe,none,374,-0.09858747310049001,-0.0002636028692526471,-9.388357166581617,0.5802139037433155,40.22727272727273
short,0.94,bucket_median_mfe,none,260,0.20435045556988649,0.0007859632906534095,22.672799178965054,0.6230769230769231,37.0
short,0.95,bucket_median_mfe,none,197,0.010209035116483325,5.182251328164124e-05,1.0261325107450592,0.6192893401015228,36.40609137055838
short,0.96,bucket_median_mfe,none,143,-0.13000953627699763,-0.0009091575963426408,-12.191294280077114,0.6293706293706294,35.07692307692308
short,0.97,bucket_median_mfe,none,88,-0.3052370017739513,-0.00346860229288581,-26.30513044553081,0.6022727272727273,36.47727272727273
short,0.98,bucket_median_mfe,none,61,-0.14572412680976027,-0.002388920111635414,-13.560386598608487,0.5901639344262295,37.032786885245905
short,0.99,bucket_median_mfe,none,34,-0.03773650236082421,-0.0011098971282595355,-3.7033353097672084,0.6470588235294118,29.294117647058822
short,0.9,bucket_median_mfe,0.5x_tp,1193,-0.23482758857902972,-0.0001968378781048028,-20.92928351768918,0.3344509639564124,13.85666387259011
short,0.92,bucket_median_mfe,0.5x_tp,911,-0.14548027631032664,-0.00015969294874898643,-13.539305685518578,0.33150384193194293,12.275521405049396
short,0.94,bucket_median_mfe,0.5x_tp,652,-0.10659380355503424,-0.00016348742876538995,-10.110927493920807,0.32975460122699385,10.357361963190185
short,0.95,bucket_median_mfe,0.5x_tp,520,-0.0589266766761682,-0.00011332053206955423,-5.722410591498317,0.3326923076923077,8.907692307692308
short,0.96,bucket_median_mfe,0.5x_tp,415,-0.08674455044176355,-0.00020902301311268324,-8.30887096965337,0.327710843373494,8.096385542168674
short,0.97,bucket_median_mfe,0.5x_tp,297,-0.32026828397227386,-0.0010783443904790367,-27.404575094401817,0.2727272727272727,5.9393939393939394
short,0.98,bucket_median_mfe,0.5x_tp,186,-0.2680204394783153,-0.001440970104722125,-23.510785305336345,0.25268817204301075,5.28494623655914
short,0.99,bucket_median_mfe,0.5x_tp,102,-0.10449568898791718,-0.0010244675390972272,-9.922131933371093,0.27450980392156865,3.7549019607843137
short,0.9,bucket_median_mfe,1.0x_tp,797,-0.03647810058531407,-4.576926045836144e-05,-3.582079137455574,0.49435382685069007,24.767879548306148
short,0.92,bucket_median_mfe,1.0x_tp,615,-0.23246718400614264,-0.00037799542114819943,-20.742424191876673,0.4796747967479675,22.19349593495935
short,0.94,bucket_median_mfe,1.0x_tp,432,-0.10408198761132154,-0.0002409305268780591,-9.884858885927217,0.4861111111111111,19.108796296296298
short,0.95,bucket_median_mfe,1.0x_tp,350,-0.1891284006571436,-0.0005403668590204103,-17.231977481324677,0.48,17.254285714285714
short,0.96,bucket_median_mfe,1.0x_tp,279,-0.1056939055081858,-0.00037883120253830036,-10.030000085392487,0.4874551971326165,15.512544802867383
short,0.97,bucket_median_mfe,1.0x_tp,200,-0.2373364100761966,-0.001186682050380983,-21.127409196095858,0.45,12.88
short,0.98,bucket_median_mfe,1.0x_tp,129,-0.30967935609421315,-0.0024006151635210323,-26.631783077118655,0.3875968992248062,11.023255813953488
short,0.99,bucket_median_mfe,1.0x_tp,77,-0.2399942003539259,-0.0031168077968042325,-21.33675767570309,0.36363636363636365,7.545454545454546
short,0.9,bucket_median_mfe,1.5x_tp,663,-0.012972405293325325,-1.956622216187832e-05,-1.2888626306723494,0.5460030165912518,30.80241327300151
short,0.92,bucket_median_mfe,1.5x_tp,513,-0.04284251868245648,-8.351368164221537e-05,-4.193774490627177,0.5516569200779727,28.239766081871345
short,0.94,bucket_median_mfe,1.5x_tp,379,0.11327691639828645,0.0002988836844281964,11.994202032302258,0.5725593667546174,24.34300791556728
short,0.95,bucket_median_mfe,1.5x_tp,298,-0.0790583948108166,-0.0002652966268819349,-7.601403311605203,0.5704697986577181,22.70805369127517
short,0.96,bucket_median_mfe,1.5x_tp,232,0.008753066349844437,3.7728734266570847e-05,0.87914864511911,0.5775862068965517,19.69396551724138
short,0.97,bucket_median_mfe,1.5x_tp,167,-0.1757190500443519,-0.0010522098805051013,-16.114637387733666,0.5568862275449101,16.724550898203592
short,0.98,bucket_median_mfe,1.5x_tp,112,-0.23614964221780366,-0.002108478948373247,-21.03375017565664,0.5089285714285714,15.625
short,0.99,bucket_median_mfe,1.5x_tp,69,-0.1630410478838091,-0.0023629137374465087,-15.044368479005655,0.5072463768115942,10.594202898550725
short,0.9,bucket_median_mfe,2.0x_tp,588,-0.1736446253174624,-0.0002953139886351401,-15.940442903100271,0.5561224489795918,35.11054421768708
short,0.92,bucket_median_mfe,2.0x_tp,448,-0.09750957968123444,-0.00021765531178846975,-9.290634815385502,0.5625,33.433035714285715
short,0.94,bucket_median_mfe,2.0x_tp,316,-0.049010772349471814,-0.0001550973808527589,-4.78291274741377,0.5854430379746836,29.34493670886076
short,0.95,bucket_median_mfe,2.0x_tp,255,-0.2299101035407912,-0.0009016082491795733,-20.539496852852103,0.5803921568627451,28.094117647058823
short,0.96,bucket_median_mfe,2.0x_tp,195,-0.14114121620216602,-0.0007238011087290565,-13.163332440524567,0.5846153846153846,25.148717948717948
short,0.97,bucket_median_mfe,2.0x_tp,134,-0.2861745428867331,-0.0021356309170651724,-24.886850015577156,0.5597014925373134,21.776119402985074
short,0.98,bucket_median_mfe,2.0x_tp,94,-0.32175295069705395,-0.003422903730819723,-27.512275137012644,0.5212765957446809,20.627659574468087
short,0.99,bucket_median_mfe,2.0x_tp,57,-0.20498240097784665,-0.0035961824732955554,-18.533834646625746,0.5263157894736842,15.614035087719298
short,0.9,bucket_p75_mfe,none,864,-0.21474671519966895,-0.0002485494388885057,-19.32542492617515,0.7673611111111112,22.5
short,0.92,bucket_p75_mfe,none,651,-0.1577845596948938,-0.00024237259553747128,-14.596624455703699,0.7726574500768049,21.714285714285715
short,0.94,bucket_p75_mfe,none,430,-0.09565040751594275,-0.00022244280817661105,-9.121833621884845,0.8093023255813954,19.727906976744187
short,0.95,bucket_p75_mfe,none,331,-0.14450819246254218,-0.00043658064188079206,-13.455217777480188,0.8096676737160121,19.40785498489426
short,0.96,bucket_p75_mfe,none,251,-0.0156777015908137,-6.246096251320199e-05,-1.5555446155797625,0.8127490039840638,19.131474103585656
short,0.97,bucket_p75_mfe,none,144,-0.14097819548868237,-0.000979015246449183,-13.149175111084865,0.7916666666666666,20.381944444444443
short,0.98,bucket_p75_mfe,none,97,-0.1184902199946198,-0.0012215486597383484,-11.173949719317932,0.8041237113402062,19.835051546391753
short,0.99,bucket_p75_mfe,none,53,-0.05807341056212029,-0.0010957247275871751,-5.64193238936328,0.8490566037735849,15.037735849056604
short,0.9,bucket_p75_mfe,0.5x_tp,3257,-0.21353479595377645,-6.556180410002347e-05,-19.227594586727392,0.3236106846791526,2.5848940743015043
short,0.92,bucket_p75_mfe,0.5x_tp,2345,-0.15284595920901892,-6.517951352196969e-05,-14.17380810258776,0.3236673773987207,2.357782515991471
short,0.94,bucket_p75_mfe,0.5x_tp,1533,-0.23601214289627923,-0.00015395443111303276,-21.02289162337778,0.3105022831050228,2.0574037834311807
short,0.95,bucket_p75_mfe,0.5x_tp,1191,-0.23601214289627923,-0.0001981630083092185,-21.02289162337778,0.30394626364399663,1.8790931989924433
short,0.96,bucket_p75_mfe,0.5x_tp,897,-0.23601214289627923,-0.0002631127568520393,-21.02289162337778,0.29431438127090304,1.8093645484949832
short,0.97,bucket_p75_mfe,0.5x_tp,572,-0.20004838778827477,-0.00034973494368579507,-18.130886253388844,0.28146853146853146,1.6433566433566433
short,0.98,bucket_p75_mfe,0.5x_tp,340,-0.13711181634926697,-0.00040327004808607934,-12.812726894437276,0.2735294117647059,1.5147058823529411
short,0.99,bucket_p75_mfe,0.5x_tp,179,-0.10564353062976307,-0.0005901873219539837,-10.025467743427974,0.24581005586592178,1.312849162011173
short,0.9,bucket_p75_mfe,1.0x_tp,2353,-0.12697681630274654,-5.3963797833721437e-05,-11.924590850332473,0.49383765405864855,4.561835954101148
short,0.92,bucket_p75_mfe,1.0x_tp,1756,-0.09550853058324266,-5.438982379455732e-05,-9.108939191700237,0.49373576309794986,4.038154897494305
short,0.94,bucket_p75_mfe,1.0x_tp,1167,-0.040459224496505006,-3.466942973136676e-05,-3.9651677600557322,0.4961439588688946,3.4250214224507283
short,0.95,bucket_p75_mfe,1.0x_tp,930,-0.1258731428780156,-0.00013534746546023182,-11.827330700032778,0.48494623655913977,3.1139784946236557
short,0.96,bucket_p75_mfe,1.0x_tp,709,-0.19330518370552394,-0.0002726448289217545,-17.576960593387525,0.4696755994358251,2.92524682651622
short,0.97,bucket_p75_mfe,1.0x_tp,476,-0.2877100408640356,-0.000604432858958058,-25.00209760158567,0.4327731092436975,2.5945378151260505
short,0.98,bucket_p75_mfe,1.0x_tp,293,-0.19330518370552394,-0.0006597446542850646,-17.576960593387525,0.42662116040955633,2.3071672354948807
short,0.99,bucket_p75_mfe,1.0x_tp,157,-0.049450163273506126,-0.0003149691928248798,-4.824741081197459,0.46496815286624205,1.7898089171974523
short,0.9,bucket_p75_mfe,1.5x_tp,1916,-0.23821643608090964,-0.00012433008146185264,-21.19678859474733,0.5882045929018789,6.688413361169102
short,0.92,bucket_p75_mfe,1.5x_tp,1440,-0.14727692055719735,-0.0001022756392758315,-13.694505333513984,0.5895833333333333,5.985416666666667
short,0.94,bucket_p75_mfe,1.5x_tp,980,-0.1539465147708947,-0.00015708828037846396,-14.268212637188526,0.5857142857142857,4.998979591836735
short,0.95,bucket_p75_mfe,1.5x_tp,778,-0.2188046850254798,-0.0002812399550456039,-19.652136576192913,0.5758354755784062,4.553984575835476
short,0.96,bucket_p75_mfe,1.5x_tp,608,-0.32367379597204005,-0.0005323582170592764,-27.651379199349368,0.5526315789473685,4.1792763157894735
short,0.97,bucket_p75_mfe,1.5x_tp,407,-0.33940793883179204,-0.0008339261396358527,-28.780814089326324,0.5257985257985258,3.5724815724815726
short,0.98,bucket_p75_mfe,1.5x_tp,249,-0.18431424492852283,-0.0007402178511185655,-16.83255867080614,0.5341365461847389,3.3734939759036147
short,0.99,bucket_p75_mfe,1.5x_tp,139,-0.02697281633100334,-0.00019404903835254202,-2.6612298586222605,0.5827338129496403,2.273381294964029
short,0.9,bucket_p75_mfe,2.0x_tp,1643,-0.2407449362518673,-0.0001465276544442284,-21.395790833636376,0.6524650030432136,8.72915398660986
short,0.92,bucket_p75_mfe,2.0x_tp,1256,-0.288370710021834,-0.00022959451434859395,-25.05163003852151,0.6464968152866242,7.663216560509555
short,0.94,bucket_p75_mfe,2.0x_tp,866,-0.20247358851743213,-0.0002338032199970348,-18.329194721624155,0.6466512702078522,6.323325635103926
short,0.95,bucket_p75_mfe,2.0x_tp,691,-0.28005728892495196,-0.00040529274808241965,-24.425955534209333,0.6353111432706223,5.8393632416787264
short,0.96,bucket_p75_mfe,2.0x_tp,535,-0.31360859512934625,-0.0005861842899613949,-26.919498717060286,0.6224299065420561,5.598130841121495
short,0.97,bucket_p75_mfe,2.0x_tp,353,-0.3532065778680276,-0.0010005852064250073,-29.756792853148784,0.5920679886685553,4.770538243626063
short,0.98,bucket_p75_mfe,2.0x_tp,227,-0.2628585131301886,-0.0011579670181946634,-23.11493281091903,0.5814977973568282,3.9779735682819384
short,0.99,bucket_p75_mfe,2.0x_tp,126,-0.1348640816550167,-0.0010703498544048944,-12.616532622047272,0.5873015873015873,2.6904761904761907
short,0.9,0.75x_bucket_mean,none,477,-0.05009000904977112,-0.00010501050115256,-4.885619090276128,0.549266247379455,44.085953878406706
short,0.92,0.75x_bucket_mean,none,354,-0.07665138129353392,-0.00021652932568794894,-7.378730759985864,0.5649717514124294,42.40395480225989
short,0.94,0.75x_bucket_mean,none,246,0.19052454219344103,0.0007744900089164269,20.988406648191127,0.6097560975609756,39.06910569105691
short,0.95,0.75x_bucket_mean,none,184,-0.020300542826784358,-0.0001103290371020889,-2.0095874109057,0.5978260869565217,38.66304347826087
short,0.96,0.75x_bucket_mean,none,136,-0.11708745969236557,-0.0008609372036203351,-11.049260628170831,0.6029411764705882,37.52205882352941
short,0.97,0.75x_bucket_mean,none,83,-0.27930646578297186,-0.003365138141963516,-24.369191485477337,0.5903614457831325,38.25301204819277
short,0.98,0.75x_bucket_mean,none,58,-0.17605406921966876,-0.003035414986546013,-16.14273588570656,0.5862068965517241,38.172413793103445
short,0.99,0.75x_bucket_mean,none,29,-0.12196580968716793,-0.004205717575419584,-11.482136748038585,0.5862068965517241,33.62068965517241
short,0.9,0.75x_bucket_mean,0.5x_tp,1069,-0.2445851544570742,-0.0002287980864893117,-21.697069290921732,0.3376987839101964,16.150608044901777
short,0.92,0.75x_bucket_mean,0.5x_tp,815,-0.0679102202080115,-8.332542356811227e-05,-6.565564494643117,0.34355828220858897,14.737423312883436
short,0.94,0.75x_bucket_mean,0.5x_tp,582,-0.044218776778940774,-7.597727968890167e-05,-4.325537893155673,0.33676975945017185,12.264604810996564
short,0.95,0.75x_bucket_mean,0.5x_tp,454,-0.12830216915511933,-0.0002826038968174435,-12.04124452435732,0.32819383259911894,11.015418502202643
short,0.96,0.75x_bucket_mean,0.5x_tp,359,-0.04834405940354643,-0.0001346631181157282,-4.719409115674777,0.3342618384401114,9.62116991643454
short,0.97,0.75x_bucket_mean,0.5x_tp,260,-0.2429332875446604,-0.0009343587982486939,-21.567616380484765,0.28846153846153844,7.7153846153846155
short,0.98,0.75x_bucket_mean,0.5x_tp,163,-0.1875180931149782,-0.0011504177491716454,-17.098588140306013,0.27607361963190186,6.558282208588957
short,0.99,0.75x_bucket_mean,0.5x_tp,94,-0.09744056749709756,-0.0010366017818840166,-9.284374547957563,0.2765957446808511,5.1063829787234045
short,0.9,0.75x_bucket_mean,1.0x_tp,721,-0.07410865409521401,-0.00010278592801000556,-7.142920465974112,0.4909847434119279,28.144244105409154
short,0.92,0.75x_bucket_mean,1.0x_tp,566,-0.31942294562508156,-0.0005643514940372466,-27.343181452354415,0.4752650176678445,25.127208480565372
short,0.94,0.75x_bucket_mean,1.0x_tp,402,0.00227690775993319,5.6639496515751e-06,0.22795018828927205,0.4975124378109453,21.64676616915423
short,0.95,0.75x_bucket_mean,1.0x_tp,313,-0.1349107091850335,-0.0004310246299841326,-12.620607002305528,0.48881789137380194,20.169329073482427
short,0.96,0.75x_bucket_mean,1.0x_tp,245,-0.11589204890612292,-0.0004730287710453997,-10.942864373936612,0.4857142857142857,17.49795918367347
short,0.97,0.75x_bucket_mean,1.0x_tp,177,-0.22101583968121338,-0.0012486770603458383,-19.829601854587096,0.4576271186440678,15.146892655367232
short,0.98,0.75x_bucket_mean,1.0x_tp,120,-0.2667385047725574,-0.002222820873104645,-23.412668250010647,0.4083333333333333,12.941666666666666
short,0.99,0.75x_bucket_mean,1.0x_tp,71,-0.18079115439079482,-0.0025463542871942933,-16.539035494454424,0.39436619718309857,9.394366197183098
short,0.9,0.75x_bucket_mean,1.5x_tp,596,0.00624231610669156,1.0473684742771073e-05,0.6261839965437277,0.535234899328859,34.62080536912752
short,0.92,0.75x_bucket_mean,1.5x_tp,454,0.009485687824141612,2.0893585515730425e-05,0.9530819549837144,0.5440528634361234,32.6784140969163
short,0.94,0.75x_bucket_mean,1.5x_tp,333,0.08863508395622886,0.00026617142329197856,9.268184642819154,0.5645645645645646,27.636636636636638
short,0.95,0.75x_bucket_mean,1.5x_tp,264,-0.06516131140147363,-0.00024682314924800617,-6.308368409715603,0.5568181818181818,26.166666666666668
short,0.96,0.75x_bucket_mean,1.5x_tp,204,-0.06104540866248296,-0.00029924219932589684,-5.921948077899241,0.5637254901960784,23.41176470588235
short,0.97,0.75x_bucket_mean,1.5x_tp,142,-0.18396613902578246,-0.0012955361903224116,-16.80360255395844,0.5422535211267606,20.535211267605632
short,0.98,0.75x_bucket_mean,1.5x_tp,101,-0.2115367839353885,-0.0020944236033206783,-19.066049018705876,0.504950495049505,19.10891089108911
short,0.99,0.75x_bucket_mean,1.5x_tp,59,-0.13345198371225217,-0.0022618980290212234,-12.493051444291359,0.5084745762711864,14.627118644067796
short,0.9,0.75x_bucket_mean,2.0x_tp,546,-0.12064042092020784,-0.00022095315186851253,-11.364738384358585,0.5402930402930403,38.34981684981685
short,0.92,0.75x_bucket_mean,2.0x_tp,415,-0.09650146318827327,-0.00023253364623680305,-9.199143098871232,0.5469879518072289,36.566265060240966
short,0.94,0.75x_bucket_mean,2.0x_tp,292,0.05489480033852824,0.0001879958915703022,5.642947280664523,0.5787671232876712,32.476027397260275
short,0.95,0.75x_bucket_mean,2.0x_tp,234,-0.1862281403138931,-0.0007958467534781756,-16.991580229124548,0.5683760683760684,30.371794871794872
short,0.96,0.75x_bucket_mean,2.0x_tp,178,-0.19017919870506528,-0.0010684224646351982,-17.318904278564673,0.5561797752808989,27.98314606741573
short,0.97,0.75x_bucket_mean,2.0x_tp,122,-0.3241368585592283,-0.0026568594963871173,-27.68487338332658,0.5327868852459017,25.098360655737704
short,0.98,0.75x_bucket_mean,2.0x_tp,86,-0.2841582124780817,-0.003304165261373043,-24.735244294925508,0.5232558139534884,23.03488372093023
short,0.99,0.75x_bucket_mean,2.0x_tp,51,-0.18749187359110536,-0.003676311246884419,-17.096414476262577,0.5294117647058824,16.84313725490196
short,0.9,0.50x_bucket_mean,none,593,-0.1754912341794441,-0.00029593800030260385,-16.095524794303707,0.6239460370994941,35.322091062394605
short,0.92,0.50x_bucket_mean,none,447,0.045128017869079204,0.00010095753438272752,4.616177873815852,0.6510067114093959,32.92170022371365
short,0.94,0.50x_bucket_mean,none,310,0.05203870210308002,0.0001678667809776775,5.341651115884449,0.6806451612903226,30.448387096774194
short,0.95,0.50x_bucket_mean,none,237,-0.041990722903215885,-0.00017717604600513031,-4.11213238584952,0.6835443037974683,29.717299578059073
short,0.96,0.50x_bucket_mean,none,177,-0.05373973198577282,-0.00030361430500436623,-5.232127513318352,0.7062146892655368,28.084745762711865
short,0.97,0.50x_bucket_mean,none,109,-0.23144783158400903,-0.0021233746016881563,-20.66159159855362,0.6788990825688074,28.926605504587155
short,0.98,0.50x_bucket_mean,none,73,-0.14993377316227,-0.00205388730359274,-13.923501971988284,0.6438356164383562,30.684931506849313
short,0.99,0.50x_bucket_mean,none,39,-0.013066406457154633,-0.00033503606300396493,-1.2981411563650402,0.7435897435897436,23.564102564102566
short,0.9,0.50x_bucket_mean,0.5x_tp,1693,-0.011915385205594955,-7.038030245478414e-06,-1.1844678115997986,0.3360897814530419,8.041937389249853
short,0.92,0.50x_bucket_mean,0.5x_tp,1270,0.05881524276929817,4.631121477897494e-05,6.057927294807364,0.33779527559055117,6.907874015748032
short,0.94,0.50x_bucket_mean,0.5x_tp,864,0.06698248462183713,7.752602386786705e-05,6.927674922395499,0.3402777777777778,5.804398148148148
short,0.95,0.50x_bucket_mean,0.5x_tp,688,-0.07834674380819913,-0.0001138760811165685,-7.53562435457723,0.32558139534883723,5.265988372093023
short,0.96,0.50x_bucket_mean,0.5x_tp,527,-0.044151631236425896,-8.377918640688026e-05,-4.3191135638125715,0.32827324478178366,5.013282732447818
short,0.97,0.50x_bucket_mean,0.5x_tp,378,-0.18948085966646216,-0.0005012721155197412,-17.26114467612263,0.2962962962962963,3.955026455026455
short,0.98,0.50x_bucket_mean,0.5x_tp,236,-0.16614614775761993,-0.0007040091006678811,-15.307755067266715,0.2796610169491525,3.419491525423729
short,0.99,0.50x_bucket_mean,0.5x_tp,132,-0.03846950164324489,-0.000291435618509431,-3.773894832685587,0.3106060606060606,2.553030303030303
short,0.9,0.50x_bucket_mean,1.0x_tp,1135,0.026125565364623817,2.301811926398574e-05,2.646982944018905,0.4977973568281938,15.395594713656388
short,0.92,0.50x_bucket_mean,1.0x_tp,870,0.03572070905465796,4.1058286269721794e-05,3.6366358327156068,0.49885057471264366,13.281609195402298
short,0.94,0.50x_bucket_mean,1.0x_tp,618,0.1413761673211678,0.0002287640247915337,15.185785778467986,0.5097087378640777,11.323624595469255
short,0.95,0.50x_bucket_mean,1.0x_tp,492,-0.12879190985809136,-0.00026177217450831574,-12.084310960542366,0.4878048780487805,10.004065040650406
short,0.96,0.50x_bucket_mean,1.0x_tp,387,-0.04591594796152758,-0.00011864586036570434,-4.4877761211877925,0.49612403100775193,9.638242894056848
short,0.97,0.50x_bucket_mean,1.0x_tp,272,-0.19884084372065874,-0.0007310325136788924,-18.03196597748713,0.45955882352941174,7.852941176470588
short,0.98,0.50x_bucket_mean,1.0x_tp,175,-0.2027964946392952,-0.001158837112224544,-18.35556246724368,0.4342857142857143,6.811428571428571
short,0.99,0.50x_bucket_mean,1.0x_tp,102,-0.05129266885765986,-0.0005028693025260771,-4.999940574641803,0.47058823529411764,4.607843137254902
short,0.9,0.50x_bucket_mean,1.5x_tp,916,-0.07599431256278122,-8.296322332181355e-05,-7.317852221663978,0.5676855895196506,21.48471615720524
short,0.92,0.50x_bucket_mean,1.5x_tp,709,-0.1914943003233532,-0.0002700906915703148,-17.42756685452408,0.5669957686882934,18.58392101551481
short,0.94,0.50x_bucket_mean,1.5x_tp,514,-0.04891468634099351,-9.51647594182753e-05,-4.773763277999777,0.5778210116731517,15.651750972762645
short,0.95,0.50x_bucket_mean,1.5x_tp,403,-0.11120994151151992,-0.00027595518985488814,-10.524911614360821,0.575682382133995,14.791563275434243
short,0.96,0.50x_bucket_mean,1.5x_tp,316,-0.18235261471498265,-0.0005770652364398185,-16.669254786561318,0.5664556962025317,12.348101265822784
short,0.97,0.50x_bucket_mean,1.5x_tp,221,-0.20897828876540944,-0.0009456031165855631,-18.858714777304364,0.5520361990950227,10.90950226244344
short,0.98,0.50x_bucket_mean,1.5x_tp,146,-0.3065123635154545,-0.002099399750105853,-26.399058154071188,0.4931506849315068,9.86986301369863
short,0.99,0.50x_bucket_mean,1.5x_tp,89,-0.12763110645257292,-0.0014340573758716058,-11.982198874744421,0.5280898876404494,7.426966292134831
short,0.9,0.50x_bucket_mean,2.0x_tp,787,-0.10872107431204006,-0.00013814621894795435,-10.301942646729911,0.6035578144853876,25.555273189326556
short,0.92,0.50x_bucket_mean,2.0x_tp,616,0.04051254792519109,6.576712325518035e-05,4.134437633187016,0.6185064935064936,22.86038961038961
short,0.94,0.50x_bucket_mean,2.0x_tp,445,-0.020243375491254302,-4.5490731441020904e-05,-2.003985399985997,0.6247191011235955,19.730337078651687
short,0.95,0.50x_bucket_mean,2.0x_tp,349,-0.1091044779784877,-0.00031262028074065246,-10.336326618900681,0.6246418338108882,18.484240687679083
short,0.96,0.50x_bucket_mean,2.0x_tp,274,-0.04118431565162561,-0.00015030772135629782,-4.034776528095618,0.635036496350365,16.047445255474454
short,0.97,0.50x_bucket_mean,2.0x_tp,191,-0.24564739633284027,-0.0012861120226850275,-21.78020178169272,0.6020942408376964,13.471204188481675
short,0.98,0.50x_bucket_mean,2.0x_tp,130,-0.3081264266435261,-0.0023702032818732773,-26.517758899477894,0.5538461538461539,12.492307692307692
short,0.99,0.50x_bucket_mean,2.0x_tp,79,-0.2045701097390627,-0.0025894950599881354,-18.500239935466567,0.5569620253164557,9.08860759493671
