fold,pvalue_rounds,actual_rounds,selected_features,max_pvalue,is_stable,removed_features,train_roc_auc,train_pr_auc,train_brier_score,train_log_loss,valid_roc_auc,valid_pr_auc,valid_brier_score,valid_log_loss
1,0,0,47,1.0,False,0,0.7300208657821862,0.33749840775822226,0.11290054859512569,0.3899518969701551,0.6564505715242241,0.23107693999554507,0.10313647888936184,0.3678081194348308
1,1,1,20,0.8614103236156931,False,27,0.7216605827291265,0.3284409880032798,0.11390262863309847,0.39751319224600284,0.6653982734707542,0.24426321724251318,0.10301011225830259,0.3678425389895343
1,2,2,18,0.00045692894755522775,True,29,0.7216222981455593,0.328525117442201,0.11389919338262709,0.39749776448827145,0.6657091443875843,0.24425456815873214,0.10313254124573229,0.3682166565163199
1,3,2,18,0.00045692894755522775,True,29,0.7216222981455593,0.328525117442201,0.11389919338262709,0.39749776448827145,0.6657091443875843,0.24425456815873214,0.10313254124573229,0.3682166565163199
1,4,2,18,0.00045692894755522775,True,29,0.7216222981455593,0.328525117442201,0.11389919338262709,0.39749776448827145,0.6657091443875843,0.24425456815873214,0.10313254124573229,0.3682166565163199
2,0,0,47,1.0,False,0,0.7243343236738906,0.3277509487382445,0.10920435236961704,0.3785168726359849,0.6160748555968507,0.21071302157720395,0.11480566265646666,0.40849917197704244
2,1,1,19,0.45916011007434776,False,28,0.7214842670792504,0.3236802640643179,0.10973480368415753,0.3824093207752365,0.6272268978365272,0.21836875315906845,0.11385465838767558,0.40640871203672013
2,2,2,16,0.0002721438337617911,True,31,0.7212711231281206,0.32335223060316504,0.10974946762435667,0.38251725484141924,0.6453611560989462,0.2301598649674788,0.11380392241959966,0.4072744301885993
2,3,2,16,0.0002721438337617911,True,31,0.7212711231281206,0.32335223060316504,0.10974946762435667,0.38251725484141924,0.6453611560989462,0.2301598649674788,0.11380392241959966,0.4072744301885993
2,4,2,16,0.0002721438337617911,True,31,0.7212711231281206,0.32335223060316504,0.10974946762435667,0.38251725484141924,0.6453611560989462,0.2301598649674788,0.11380392241959966,0.4072744301885993
3,0,0,47,1.0,False,0,0.7150671735443275,0.3148879217529767,0.10990890139995171,0.3824716040630647,0.6562422137214381,0.1016959417905368,0.05565293299714728,0.22314363534869772
3,1,1,18,0.10736379471689084,False,29,0.7125196689192256,0.31231265864909574,0.11031816316114393,0.3860037063563043,0.6635411628486421,0.1016432268809007,0.05492431188644452,0.21923749528787445
3,2,2,16,0.04198289190734214,False,31,0.712469558085853,0.31235097372315596,0.11034072394208048,0.38621507856759985,0.6614929135704759,0.101843603652366,0.0550504454341656,0.2198337678534137
3,3,3,15,0.00021289492799902583,True,32,0.7118191322605649,0.31207680058300313,0.11035411279860421,0.38628839791319414,0.6609249732518431,0.10188593507297355,0.055075165308805,0.21998466881834622
3,4,3,15,0.00021289492799902583,True,32,0.7118191322605649,0.31207680058300313,0.11035411279860421,0.38628839791319414,0.6609249732518431,0.10188593507297355,0.055075165308805,0.21998466881834622
4,0,0,47,1.0,False,0,0.7195693456103913,0.30881597237863306,0.10483219288766042,0.366063046574708,0.76423054087406,0.2376302298877184,0.06284265317759473,0.2422010716941085
4,1,1,20,0.5923210040927768,False,27,0.7170036553063237,0.3062951223962769,0.10520550330844206,0.3691149107948003,0.766852837085846,0.23263174792248337,0.06342048469395746,0.24230116642472924
4,2,2,17,0.028927971010689453,False,30,0.7169126259418924,0.30637441672245025,0.10522473878208222,0.36934027434242483,0.7650643786816923,0.22950721888297584,0.06368092391425052,0.24309514597702164
4,3,3,16,4.2034735588788893e-05,True,31,0.7162668586443734,0.30617026183346585,0.10523900549823037,0.369410178536787,0.7621830543202404,0.22789955881985696,0.06372816037561968,0.24341300967635604
4,4,3,16,4.2034735588788893e-05,True,31,0.7162668586443734,0.30617026183346585,0.10523900549823037,0.369410178536787,0.7621830543202404,0.22789955881985696,0.06372816037561968,0.24341300967635604
5,0,0,47,1.0,False,0,0.7274933323205853,0.3052106375336393,0.10022449654295376,0.3517535392364873,0.7259825223417011,0.25017836185033115,0.10421135763741127,0.3556986947773867
5,1,1,19,0.04101459155203709,False,28,0.7150116288785082,0.29294569473221194,0.10197529264178333,0.3625845365633818,0.715651347891692,0.24648844813122905,0.10448908120276128,0.3611060166017179
5,2,2,18,0.006670855459833705,True,29,0.715758348208069,0.29355384405785395,0.10192835587726669,0.3622904458881712,0.7162103373722012,0.24715179239995652,0.10440124564489248,0.36064153736667065
5,3,2,18,0.006670855459833705,True,29,0.715758348208069,0.29355384405785395,0.10192835587726669,0.3622904458881712,0.7162103373722012,0.24715179239995652,0.10440124564489248,0.36064153736667065
5,4,2,18,0.006670855459833705,True,29,0.715758348208069,0.29355384405785395,0.10192835587726669,0.3622904458881712,0.7162103373722012,0.24715179239995652,0.10440124564489248,0.36064153736667065
6,0,0,47,1.0,False,0,0.7272953833987986,0.3006456929639138,0.10028318221308179,0.3501754764660801,0.6670059619019921,0.15893027285899683,0.06600510640961749,0.25629186998269804
6,1,1,21,0.44064890701780146,False,26,0.7206723165187865,0.2928200937932851,0.10129502219603527,0.3560638498461333,0.6666306764107383,0.1545637193784015,0.06635808094522307,0.25733654972556325
6,2,2,19,0.006663958119256175,True,28,0.7213182994620089,0.29319903639568656,0.10126686601866572,0.35588898092077115,0.6674683205930729,0.15449404567721697,0.06633940998929948,0.25722656291929
6,3,2,19,0.006663958119256175,True,28,0.7213182994620089,0.29319903639568656,0.10126686601866572,0.35588898092077115,0.6674683205930729,0.15449404567721697,0.06633940998929948,0.25722656291929
6,4,2,19,0.006663958119256175,True,28,0.7213182994620089,0.29319903639568656,0.10126686601866572,0.35588898092077115,0.6674683205930729,0.15449404567721697,0.06633940998929948,0.25722656291929
7,0,0,47,0.9999998685074913,False,0,0.7273834706751662,0.29302106985274967,0.09640778747617944,0.338669072269983,0.6866751255547665,0.2480017145777756,0.10560877406965824,0.3627993273059123
7,1,1,19,0.5902936793669387,False,28,0.7263483826835384,0.292804774581956,0.09643557435535327,0.33952104748096534,0.6884399526072826,0.2517582705981033,0.10528802115699439,0.36173525281776964
7,2,2,15,0.00443720251774936,True,32,0.7267222508052515,0.2924499809666429,0.09651037370590478,0.3396762335561531,0.6913030517286145,0.2559950513317097,0.10502803079941492,0.36059089453036375
7,3,2,15,0.00443720251774936,True,32,0.7267222508052515,0.2924499809666429,0.09651037370590478,0.3396762335561531,0.6913030517286145,0.2559950513317097,0.10502803079941492,0.36059089453036375
7,4,2,15,0.00443720251774936,True,32,0.7267222508052515,0.2924499809666429,0.09651037370590478,0.3396762335561531,0.6913030517286145,0.2559950513317097,0.10502803079941492,0.36059089453036375
