trial_no,param_hash,params,objective_score,mean_valid_rmse,std_valid_rmse,mean_train_rmse,mean_gap,mean_valid_mae,elapsed_s,p_num_leaves,p_max_depth,p_min_child_samples,p_min_child_weight,p_min_split_gain,p_reg_alpha,p_reg_lambda,p_subsample,p_colsample_bytree,p_learning_rate,p_max_bin,p_path_smooth,p_extra_trees,mean_top10_lift,std_top10_lift,mean_spearman_rho,mean_decile_monotonicity
1,a8a7ba2238311140,"{'num_leaves': 32, 'max_depth': 5, 'min_child_samples': 283, 'min_child_weight': 0.08450201302139065, 'min_split_gain': 0.006158459876169438, 'reg_alpha': 1.1080485964481517, 'reg_lambda': 37.33607072503034, 'subsample': 0.5140568163377729, 'colsample_bytree': 0.6202315627373403, 'learning_rate': 0.011742701698247473, 'max_bin': 63, 'path_smooth': 5.094011902587738, 'extra_trees': True}",0.0136569953951695,0.0131271747186461,0.0021192827060936,0.0133360599963043,-0.0002088852776581,0.0084489912709881,2.3,32,5,283,0.0845020130213906,0.0061584598761694,1.1080485964481517,37.33607072503034,0.5140568163377729,0.6202315627373403,0.0117427016982474,63,5.094011902587738,True,,,,
2,5885c657f4e33b89,"{'num_leaves': 32, 'max_depth': 5, 'min_child_samples': 1547, 'min_child_weight': 0.0001554002697432927, 'min_split_gain': 8.108768226750889e-05, 'reg_alpha': 2.044206137953301, 'reg_lambda': 18.337021671045928, 'subsample': 0.8290438700426869, 'colsample_bytree': 0.562715580877921, 'learning_rate': 0.04673777448553254, 'max_bin': 63, 'path_smooth': 1.2987752032221334, 'extra_trees': True}",0.0136686118188866,0.0131444015647481,0.002096841016554,0.0133939417517865,-0.0002495401870384,0.0083977550829294,3.5,32,5,1547,0.0001554002697432,8.108768226750889e-05,2.044206137953301,18.337021671045928,0.8290438700426869,0.562715580877921,0.0467377744855325,63,1.2987752032221334,True,,,,
3,e9bff0bf8a4b4af9,"{'num_leaves': 5, 'max_depth': 3, 'min_child_samples': 353, 'min_child_weight': 0.011198164932559403, 'min_split_gain': 0.0, 'reg_alpha': 0.95290284510031, 'reg_lambda': 86.10323423725237, 'subsample': 0.612912679069076, 'colsample_bytree': 0.5722758236209213, 'learning_rate': 0.014740961625414347, 'max_bin': 63, 'path_smooth': 0.00572644951569379, 'extra_trees': False}",0.0133008660687527,0.0128284036740723,0.0018898495787214,0.0129158115614711,-8.74078873988153e-05,0.008247725901974,8.1,5,3,353,0.0111981649325594,0.0,0.95290284510031,86.10323423725237,0.612912679069076,0.5722758236209213,0.0147409616254143,63,0.0057264495156937,False,,,,
4,30f3f0feddf5f86e,"{'num_leaves': 13, 'max_depth': -1, 'min_child_samples': 1003, 'min_child_weight': 0.03147999017725312, 'min_split_gain': 0.004778108184926552, 'reg_alpha': 0.6324998225557302, 'reg_lambda': 4.214376026129216, 'subsample': 0.8661299006976004, 'colsample_bytree': 0.8328586144980811, 'learning_rate': 0.012202487834934933, 'max_bin': 127, 'path_smooth': 0.5370095583865401, 'extra_trees': False}",0.0135290090886155,0.0130168260717182,0.0020487320675893,0.0132243509643362,-0.0002075248926179,0.0083498681700687,3.1,13,-1,1003,0.0314799901772531,0.0047781081849265,0.6324998225557302,4.214376026129216,0.8661299006976004,0.8328586144980811,0.0122024878349349,127,0.5370095583865401,False,,,,
5,e322f93409c76a87,"{'num_leaves': 5, 'max_depth': 6, 'min_child_samples': 3645, 'min_child_weight': 0.009875351660720863, 'min_split_gain': 0.0, 'reg_alpha': 0.6617005787654167, 'reg_lambda': 36.42990695707062, 'subsample': 0.6794578877691699, 'colsample_bytree': 0.6912447175717362, 'learning_rate': 0.00689869591812769, 'max_bin': 63, 'path_smooth': 0.0028715758625046375, 'extra_trees': False}",0.0144393111416772,0.0138722929779653,0.0022680726548475,0.0141707631890801,-0.0002984702111147,0.0090455485170941,0.7,5,6,3645,0.0098753516607208,0.0,0.6617005787654167,36.42990695707062,0.6794578877691699,0.6912447175717362,0.0068986959181276,63,0.0028715758625046,False,,,,
6,bc82e2d9e20a6f30,"{'num_leaves': 13, 'max_depth': 5, 'min_child_samples': 2079, 'min_child_weight': 0.0045786579640486645, 'min_split_gain': 0.011481415388655809, 'reg_alpha': 0.17251570726102333, 'reg_lambda': 4.054153574900173, 'subsample': 0.4654089172839697, 'colsample_bytree': 0.6120304335394173, 'learning_rate': 0.008195107921137312, 'max_bin': 63, 'path_smooth': 2.591864498494624, 'extra_trees': False}",0.0144393111416772,0.0138722929779653,0.0022680726548475,0.0141707631890801,-0.0002984702111147,0.0090455485170941,0.9,13,5,2079,0.0045786579640486,0.0114814153886558,0.1725157072610233,4.054153574900173,0.4654089172839697,0.6120304335394173,0.0081951079211373,63,2.591864498494624,False,,,,
7,661a7e9a9dd419e5,"{'num_leaves': 6, 'max_depth': 6, 'min_child_samples': 2299, 'min_child_weight': 0.004689175173981012, 'min_split_gain': 0.00014940840554230074, 'reg_alpha': 1.366447141364937, 'reg_lambda': 21.312140994390624, 'subsample': 0.6531934307200352, 'colsample_bytree': 0.8384122307996207, 'learning_rate': 0.007344173433759004, 'max_bin': 63, 'path_smooth': 0.0012326741610799745, 'extra_trees': False}",0.0144393111416772,0.0138722929779653,0.0022680726548475,0.0141707631890801,-0.0002984702111147,0.0090455485170941,0.8,6,6,2299,0.004689175173981,0.0001494084055423,1.366447141364937,21.312140994390624,0.6531934307200352,0.8384122307996207,0.007344173433759,63,0.0012326741610799,False,,,,
8,9b02a58fd156d11f,"{'num_leaves': 27, 'max_depth': -1, 'min_child_samples': 1270, 'min_child_weight': 0.0002863757952026767, 'min_split_gain': 4.416590318748443e-05, 'reg_alpha': 0.6099321139745849, 'reg_lambda': 7.803915372354436, 'subsample': 0.6405106130482412, 'colsample_bytree': 0.5309072534887259, 'learning_rate': 0.021342859108104982, 'max_bin': 127, 'path_smooth': 0.0022418145176583866, 'extra_trees': False}",0.0135486250215428,0.0130399540783188,0.002034683772896,0.0132618609611478,-0.000221906882829,0.0083404943016974,4.3,27,-1,1270,0.0002863757952026,4.416590318748443e-05,0.6099321139745849,7.803915372354436,0.6405106130482412,0.5309072534887259,0.0213428591081049,127,0.0022418145176583,False,,,,
9,f29290cbaf6fa8d7,"{'num_leaves': 4, 'max_depth': 3, 'min_child_samples': 533, 'min_child_weight': 0.08082191418328016, 'min_split_gain': 0.006292576951965629, 'reg_alpha': 1.3031776284459848, 'reg_lambda': 27.150659192692217, 'subsample': 0.6746807510718943, 'colsample_bytree': 0.5133449371070954, 'learning_rate': 0.0062425347197348656, 'max_bin': 127, 'path_smooth': 4.077646622339472, 'extra_trees': False}",0.0136023549230056,0.013079523453007,0.0020913258799942,0.0132468665374122,-0.0001673430844052,0.0084101441508896,6.0,4,3,533,0.0808219141832801,0.0062925769519656,1.3031776284459848,27.150659192692217,0.6746807510718943,0.5133449371070954,0.0062425347197348,127,4.077646622339472,False,,,,
10,e171a4946350917c,"{'num_leaves': 6, 'max_depth': 4, 'min_child_samples': 384, 'min_child_weight': 0.03714008148792371, 'min_split_gain': 0.0020743320413499976, 'reg_alpha': 1.0816284932722808, 'reg_lambda': 27.474254184170306, 'subsample': 0.6660465198875518, 'colsample_bytree': 0.7263853044214659, 'learning_rate': 0.019189690630545233, 'max_bin': 63, 'path_smooth': 0.0021765932828029678, 'extra_trees': True}",0.0134746758690778,0.0129700478817909,0.0020185119491476,0.0131722846337797,-0.0002022367519887,0.0083300926722842,3.1,6,4,384,0.0371400814879237,0.0020743320413499,1.0816284932722808,27.474254184170302,0.6660465198875518,0.7263853044214659,0.0191896906305452,63,0.0021765932828029,True,,,,
11,ea63e3c545f1e102,"{'num_leaves': 11, 'max_depth': 6, 'min_child_samples': 341, 'min_child_weight': 0.00020427202922274044, 'min_split_gain': 0.00020866271281712076, 'reg_alpha': 0.22417041133332874, 'reg_lambda': 2.19374395493986, 'subsample': 0.9125600591883986, 'colsample_bytree': 0.6986366838202369, 'learning_rate': 0.011113217365318616, 'max_bin': 63, 'path_smooth': 0.23102658895922132, 'extra_trees': False}",0.013190629937484,0.0127395276691662,0.001804409073271,0.0126934525505293,4.60751186369332e-05,0.0082671047328227,5.3,11,6,341,0.0002042720292227,0.0002086627128171,0.2241704113333287,2.19374395493986,0.9125600591883986,0.6986366838202369,0.0111132173653186,63,0.2310265889592213,False,,,,
12,b529f3f0b764ede4,"{'num_leaves': 56, 'max_depth': -1, 'min_child_samples': 271, 'min_child_weight': 0.0028838654399998, 'min_split_gain': 0.013518886099402097, 'reg_alpha': 0.09179689200646007, 'reg_lambda': 75.10224336900762, 'subsample': 0.7358640261880376, 'colsample_bytree': 0.6340936406341722, 'learning_rate': 0.009245824964666104, 'max_bin': 127, 'path_smooth': 0.12097332285996083, 'extra_trees': False}",0.0134631361113775,0.0129702722034772,0.0019714556316014,0.0130990825594233,-0.0001288103559461,0.0083701176450418,2.0,56,-1,271,0.0028838654399998,0.013518886099402,0.09179689200646,75.10224336900762,0.7358640261880376,0.6340936406341722,0.0092458249646661,127,0.1209733228599608,False,,,,
13,23f598fa21d80d59,"{'num_leaves': 4, 'max_depth': 2, 'min_child_samples': 336, 'min_child_weight': 0.004593126754499354, 'min_split_gain': 0.0384275846002364, 'reg_alpha': 0.0027183349224501083, 'reg_lambda': 22.10447406231447, 'subsample': 0.5906168919195042, 'colsample_bytree': 0.745653580815141, 'learning_rate': 0.026666414080456533, 'max_bin': 63, 'path_smooth': 1.1873806512263125, 'extra_trees': False}",0.0138594704491388,0.0133145109046472,0.0021798381779663,0.0134795470642934,-0.0001650361596461,0.0086185217584894,1.3,4,2,336,0.0045931267544993,0.0384275846002364,0.0027183349224501,22.10447406231447,0.5906168919195042,0.745653580815141,0.0266664140804565,63,1.1873806512263123,False,,,,
14,d2c12867572b4b37,"{'num_leaves': 49, 'max_depth': -1, 'min_child_samples': 1549, 'min_child_weight': 0.0012964830748893104, 'min_split_gain': 1.4114003627068444e-05, 'reg_alpha': 2.085254046019695, 'reg_lambda': 41.352611767575176, 'subsample': 0.6085694464113577, 'colsample_bytree': 0.9217396370418469, 'learning_rate': 0.00976984879837264, 'max_bin': 127, 'path_smooth': 0.01056477767674024, 'extra_trees': True}",0.0137788136345072,0.0132447422010767,0.002136285733722,0.0134859821602965,-0.0002412399592198,0.0084723594726047,7.4,49,-1,1549,0.0012964830748893,1.4114003627068444e-05,2.085254046019695,41.352611767575176,0.6085694464113577,0.9217396370418468,0.0097698487983726,127,0.0105647776767402,True,,,,
15,7041bc641ea48805,"{'num_leaves': 4, 'max_depth': 2, 'min_child_samples': 996, 'min_child_weight': 0.09486951758165588, 'min_split_gain': 0.0, 'reg_alpha': 3.6873050231087663, 'reg_lambda': 31.420713222214147, 'subsample': 0.8953962454392623, 'colsample_bytree': 0.8860679838187179, 'learning_rate': 0.016513090639353075, 'max_bin': 63, 'path_smooth': 0.018353386369238407, 'extra_trees': False}",0.0136326407991844,0.0131030887618358,0.0021182081493944,0.0132950695115636,-0.0001919807497277,0.0083857848393547,7.5,4,2,996,0.0948695175816558,0.0,3.6873050231087663,31.420713222214147,0.8953962454392623,0.8860679838187179,0.016513090639353,63,0.0183533863692384,False,,,,
16,84383761ac86d8d9,"{'num_leaves': 22, 'max_depth': 6, 'min_child_samples': 3144, 'min_child_weight': 0.0006128886062256177, 'min_split_gain': 2.3870783409459368e-05, 'reg_alpha': 5.587951166584242, 'reg_lambda': 3.033480098231497, 'subsample': 0.511378966205743, 'colsample_bytree': 0.8486676032749436, 'learning_rate': 0.0071163011916421555, 'max_bin': 127, 'path_smooth': 0.24976476203076983, 'extra_trees': False}",0.0144393111416772,0.0138722929779653,0.0022680726548475,0.0141707631890801,-0.0002984702111147,0.0090455485170941,0.7,22,6,3144,0.0006128886062256,2.3870783409459368e-05,5.587951166584242,3.033480098231497,0.511378966205743,0.8486676032749436,0.0071163011916421,127,0.2497647620307698,False,,,,
17,b849e21b876dfa04,"{'num_leaves': 43, 'max_depth': -1, 'min_child_samples': 7210, 'min_child_weight': 0.0031785098279519313, 'min_split_gain': 0.012871209314627622, 'reg_alpha': 0.0037634834469661644, 'reg_lambda': 1.0662832214911593, 'subsample': 0.5648280149994276, 'colsample_bytree': 0.4290933306719126, 'learning_rate': 0.02380283455256953, 'max_bin': 63, 'path_smooth': 0.003071355011352014, 'extra_trees': False}",0.0144393111416772,0.0138722929779653,0.0022680726548475,0.0141707631890801,-0.0002984702111147,0.0090455485170941,0.8,43,-1,7210,0.0031785098279519,0.0128712093146276,0.0037634834469661,1.0662832214911593,0.5648280149994276,0.4290933306719126,0.0238028345525695,63,0.003071355011352,False,,,,
18,c3f0f00500defa16,"{'num_leaves': 16, 'max_depth': 4, 'min_child_samples': 3884, 'min_child_weight': 0.014003009674078491, 'min_split_gain': 6.296549278860482e-05, 'reg_alpha': 0.9035163494101631, 'reg_lambda': 1.828586474565426, 'subsample': 0.5118769018251723, 'colsample_bytree': 0.9065375306039045, 'learning_rate': 0.012489590468324941, 'max_bin': 127, 'path_smooth': 0.09001941398429979, 'extra_trees': False}",0.0144393111416772,0.0138722929779653,0.0022680726548475,0.0141707631890801,-0.0002984702111147,0.0090455485170941,0.7,16,4,3884,0.0140030096740784,6.296549278860482e-05,0.9035163494101632,1.828586474565426,0.5118769018251723,0.9065375306039044,0.0124895904683249,127,0.0900194139842997,False,,,,
19,6352fa11d0cedb51,"{'num_leaves': 8, 'max_depth': 3, 'min_child_samples': 219, 'min_child_weight': 0.004630140044206895, 'min_split_gain': 0.05003037029082277, 'reg_alpha': 0.34347920317545416, 'reg_lambda': 1.6285264157746024, 'subsample': 0.5201697985319563, 'colsample_bytree': 0.6014685915897823, 'learning_rate': 0.04625960461315967, 'max_bin': 127, 'path_smooth': 0.2421978106069844, 'extra_trees': False}",0.0141244342701735,0.0135545202237453,0.0022796561857131,0.0137243233598372,-0.0001698031360919,0.0088097170361568,1.5,8,3,219,0.0046301400442068,0.0500303702908227,0.3434792031754541,1.6285264157746024,0.5201697985319563,0.6014685915897823,0.0462596046131596,127,0.2421978106069844,False,,,,
20,afef14dfd936d6f8,"{'num_leaves': 35, 'max_depth': 8, 'min_child_samples': 214, 'min_child_weight': 0.0002125357492151454, 'min_split_gain': 0.013773800774140987, 'reg_alpha': 2.07832977498182, 'reg_lambda': 39.231433436227334, 'subsample': 0.5663203709832169, 'colsample_bytree': 0.668461754359432, 'learning_rate': 0.020183004871743182, 'max_bin': 127, 'path_smooth': 0.25848100247744216, 'extra_trees': True}",0.0140250409800696,0.0134520423958022,0.0022919943370697,0.0136756534659132,-0.0002236110701109,0.008692358198494,1.3,35,8,214,0.0002125357492151,0.0137738007741409,2.07832977498182,39.23143343622733,0.5663203709832169,0.668461754359432,0.0201830048717431,127,0.2584810024774421,True,,,,
21,6d35fce0367e43c6,"{'num_leaves': 10, 'max_depth': -1, 'min_child_samples': 510, 'min_child_weight': 0.010693614649931035, 'min_split_gain': 0.004052510066533089, 'reg_alpha': 0.4915282932359738, 'reg_lambda': 21.113480392927077, 'subsample': 0.8321160906264597, 'colsample_bytree': 0.8488627451104526, 'learning_rate': 0.008222858777041198, 'max_bin': 63, 'path_smooth': 0.0018460158595086213, 'extra_trees': False}",0.0133978602581493,0.0129126640778669,0.0019407847211298,0.0130555381551607,-0.0001428740772938,0.0083221187326405,4.7,10,-1,510,0.010693614649931,0.004052510066533,0.4915282932359738,21.11348039292708,0.8321160906264597,0.8488627451104526,0.0082228587770411,63,0.0018460158595086,False,,,,
22,5178b8923ac3e041,"{'num_leaves': 7, 'max_depth': 5, 'min_child_samples': 258, 'min_child_weight': 0.016675398619845468, 'min_split_gain': 0.00017431657960054151, 'reg_alpha': 0.40224388604485, 'reg_lambda': 19.588526768276328, 'subsample': 0.5978947579689612, 'colsample_bytree': 0.47458563362926265, 'learning_rate': 0.007221971757393746, 'max_bin': 127, 'path_smooth': 0.004995349553745401, 'extra_trees': False}",0.0132025828929179,0.0127482053789054,0.0018175100560501,0.0128112020921261,-6.299671322075422e-05,0.0082435312953425,8.5,7,5,258,0.0166753986198454,0.0001743165796005,0.40224388604485,19.588526768276328,0.5978947579689612,0.4745856336292626,0.0072219717573937,127,0.0049953495537454,False,,,,
23,bce624c51859d415,"{'num_leaves': 5, 'max_depth': 4, 'min_child_samples': 289, 'min_child_weight': 0.010995545775462261, 'min_split_gain': 0.0003754238225290726, 'reg_alpha': 0.6502186372642104, 'reg_lambda': 34.51367320693089, 'subsample': 0.47265127348963343, 'colsample_bytree': 0.47229395706809224, 'learning_rate': 0.00782342817686666, 'max_bin': 127, 'path_smooth': 0.009943752434754663, 'extra_trees': True}",0.0133878626087349,0.012900791807355,0.0019482832055196,0.0131311533047662,-0.0002303614974111,0.0082985805851929,4.6,5,4,289,0.0109955457754622,0.000375423822529,0.6502186372642104,34.51367320693089,0.4726512734896334,0.4722939570680922,0.0078234281768666,127,0.0099437524347546,True,,,,
24,08b715e2b68f48d2,"{'num_leaves': 8, 'max_depth': 4, 'min_child_samples': 286, 'min_child_weight': 0.011105254607132896, 'min_split_gain': 0.0, 'reg_alpha': 0.30005795280675157, 'reg_lambda': 38.82183435148367, 'subsample': 0.47465010423188586, 'colsample_bytree': 0.8616084015730964, 'learning_rate': 0.005849614364115061, 'max_bin': 127, 'path_smooth': 4.079552962611262, 'extra_trees': True}",0.0132920659107432,0.0128180900794952,0.0018959033249917,0.0129409209105535,-0.0001228308310582,0.0082447487967107,12.2,8,4,286,0.0111052546071328,0.0,0.3000579528067515,38.82183435148367,0.4746501042318858,0.8616084015730964,0.005849614364115,127,4.079552962611262,True,,,,
25,512a6e8caf0c83a2,"{'num_leaves': 8, 'max_depth': 3, 'min_child_samples': 421, 'min_child_weight': 0.007667716495853257, 'min_split_gain': 0.0037147800453125926, 'reg_alpha': 0.4632985974280602, 'reg_lambda': 28.211992281858613, 'subsample': 0.7976629361256127, 'colsample_bytree': 0.6209487828046405, 'learning_rate': 0.007272415932305068, 'max_bin': 127, 'path_smooth': 0.3616205354819772, 'extra_trees': False}",0.0133549313858522,0.0128766902377433,0.0019129645924356,0.0130250343832261,-0.0001483441454828,0.0083087480507848,5.0,8,3,421,0.0076677164958532,0.0037147800453125,0.4632985974280602,28.211992281858613,0.7976629361256127,0.6209487828046405,0.007272415932305,127,0.3616205354819772,False,,,,
26,5c21fc70cc62e265,"{'num_leaves': 4, 'max_depth': 2, 'min_child_samples': 261, 'min_child_weight': 0.009631144551080759, 'min_split_gain': 0.0004651119248429907, 'reg_alpha': 0.40535540070011333, 'reg_lambda': 23.741930639048647, 'subsample': 0.6066855297705277, 'colsample_bytree': 0.7415243284044541, 'learning_rate': 0.006624555491546667, 'max_bin': 127, 'path_smooth': 4.627986443771727, 'extra_trees': True}",0.0132759765828567,0.0128073298544816,0.0018745869135004,0.0130206473452562,-0.0002133174907745,0.0082572466961917,5.1,4,2,261,0.0096311445510807,0.0004651119248429,0.4053554007001133,23.741930639048647,0.6066855297705277,0.7415243284044541,0.0066245554915466,127,4.627986443771727,True,,,,
27,b11c2ac210806d08,"{'num_leaves': 7, 'max_depth': 6, 'min_child_samples': 352, 'min_child_weight': 0.014907763078265412, 'min_split_gain': 0.02478802668993824, 'reg_alpha': 0.41883895522137027, 'reg_lambda': 32.22249383713094, 'subsample': 0.5671887186101462, 'colsample_bytree': 0.7695863565125136, 'learning_rate': 0.005968354248855107, 'max_bin': 63, 'path_smooth': 0.6014402865348989, 'extra_trees': True}",0.0138637804286895,0.0133111902224062,0.0022103608251332,0.0135282702734466,-0.0002170800510403,0.008596319982587,2.4,7,6,352,0.0149077630782654,0.0247880266899382,0.4188389552213702,32.22249383713094,0.5671887186101462,0.7695863565125136,0.0059683542488551,63,0.6014402865348989,True,,,,
28,3af371bd30f244cf,"{'num_leaves': 5, 'max_depth': 8, 'min_child_samples': 376, 'min_child_weight': 0.00725712307843109, 'min_split_gain': 2.4009493199539677e-05, 'reg_alpha': 0.6268479690289617, 'reg_lambda': 19.631885895978996, 'subsample': 0.8399627207940282, 'colsample_bytree': 0.8072638455032833, 'learning_rate': 0.008403953560880542, 'max_bin': 63, 'path_smooth': 1.5151629983760233, 'extra_trees': True}",0.013268050079225,0.0128012254869848,0.0018672983689607,0.0129843410763341,-0.0001831155893492,0.0082480160122452,6.5,5,8,376,0.007257123078431,2.400949319953968e-05,0.6268479690289617,19.631885895979,0.8399627207940282,0.8072638455032833,0.0084039535608805,63,1.5151629983760233,True,,,,
29,b7628d8b83f25f95,"{'num_leaves': 11, 'max_depth': -1, 'min_child_samples': 383, 'min_child_weight': 0.006933005238135936, 'min_split_gain': 2.399920139642578e-05, 'reg_alpha': 0.4325573100438075, 'reg_lambda': 25.52537930853041, 'subsample': 0.6424111779238918, 'colsample_bytree': 0.6867966727080699, 'learning_rate': 0.009753283463617266, 'max_bin': 63, 'path_smooth': 1.5739062720389252, 'extra_trees': True}",0.0133024056303709,0.0128286554931368,0.0018950005489362,0.013015524925064,-0.0001868694319272,0.0082635128902602,7.1,11,-1,383,0.0069330052381359,2.399920139642578e-05,0.4325573100438075,25.52537930853041,0.6424111779238918,0.6867966727080699,0.0097532834636172,63,1.5739062720389252,True,,,,
30,258762d6a46d8e02,"{'num_leaves': 8, 'max_depth': 4, 'min_child_samples': 237, 'min_child_weight': 0.00572706106067316, 'min_split_gain': 3.0125506262009528e-05, 'reg_alpha': 0.4906004434647171, 'reg_lambda': 22.708104725118897, 'subsample': 0.7811477901033492, 'colsample_bytree': 0.7667827499262129, 'learning_rate': 0.00686372367552155, 'max_bin': 127, 'path_smooth': 1.122350716841757, 'extra_trees': True}",0.0132082355966881,0.0127528354609385,0.0018216005429984,0.0129102929728024,-0.0001574575118639,0.0082366772720504,6.7,8,4,237,0.0057270610606731,3.0125506262009528e-05,0.4906004434647171,22.708104725118897,0.7811477901033492,0.7667827499262129,0.0068637236755215,127,1.122350716841757,True,,,,
31,fece828df248ccae,"{'num_leaves': 6, 'max_depth': 6, 'min_child_samples': 230, 'min_child_weight': 0.013060591849594377, 'min_split_gain': 4.270184054562428e-05, 'reg_alpha': 0.39373212327601126, 'reg_lambda': 20.667240638364188, 'subsample': 0.7620587973692909, 'colsample_bytree': 0.7131223113745448, 'learning_rate': 0.012125983478324498, 'max_bin': 63, 'path_smooth': 1.3219224421947326, 'extra_trees': True}",0.013185233363598,0.0127331949230356,0.0018081537622497,0.0128680144722034,-0.0001348195491677,0.0082301881231051,5.4,6,6,230,0.0130605918495943,4.270184054562428e-05,0.3937321232760112,20.667240638364188,0.7620587973692909,0.7131223113745448,0.0121259834783244,63,1.3219224421947326,True,,,,
32,ddb78ddad3dc1ea2,"{'num_leaves': 6, 'max_depth': 4, 'min_child_samples': 433, 'min_child_weight': 0.007079632263476397, 'min_split_gain': 0.007430891908717705, 'reg_alpha': 0.5733248599599363, 'reg_lambda': 24.873871220310992, 'subsample': 0.5094350793681142, 'colsample_bytree': 0.7347920583618547, 'learning_rate': 0.009570856343785995, 'max_bin': 127, 'path_smooth': 0.06565561101151537, 'extra_trees': False}",0.0135683224168722,0.0130514094700445,0.0020676517873106,0.013223580362848,-0.0001721708928034,0.008397360285431,2.9,6,4,433,0.0070796322634763,0.0074308919087177,0.5733248599599363,24.873871220310992,0.5094350793681142,0.7347920583618547,0.0095708563437859,127,0.0656556110115153,False,,,,
33,c1b4f3b58df1de0f,"{'num_leaves': 9, 'max_depth': 4, 'min_child_samples': 256, 'min_child_weight': 0.015755433414337217, 'min_split_gain': 0.0005878364451048434, 'reg_alpha': 0.5349711702876684, 'reg_lambda': 14.692430525757144, 'subsample': 0.9360401762060603, 'colsample_bytree': 0.8868606697477431, 'learning_rate': 0.0065411541025289545, 'max_bin': 63, 'path_smooth': 2.226313494036409, 'extra_trees': False}",0.0132195929822442,0.0127660627468759,0.001814120941473,0.0128591102587869,-9.30475119110142e-05,0.0082561198918803,6.0,9,4,256,0.0157554334143372,0.0005878364451048,0.5349711702876684,14.692430525757144,0.9360401762060604,0.8868606697477431,0.0065411541025289,63,2.226313494036409,False,,,,
34,78321bff20dabfd7,"{'num_leaves': 12, 'max_depth': -1, 'min_child_samples': 214, 'min_child_weight': 0.016518017969010604, 'min_split_gain': 0.003985658294286041, 'reg_alpha': 0.25309469774877813, 'reg_lambda': 15.94870965932629, 'subsample': 0.5746939693822662, 'colsample_bytree': 0.8364919287218191, 'learning_rate': 0.005938269483120892, 'max_bin': 63, 'path_smooth': 0.4217704580576872, 'extra_trees': True}",0.0133354723573969,0.0128570282506669,0.0019137764269197,0.0130560637938323,-0.0001990355431653,0.0083014591670079,4.2,12,-1,214,0.0165180179690106,0.003985658294286,0.2530946977487781,15.94870965932629,0.5746939693822662,0.8364919287218191,0.0059382694831208,63,0.4217704580576872,True,,,,
35,f472e3617a52eabf,"{'num_leaves': 4, 'max_depth': -1, 'min_child_samples': 318, 'min_child_weight': 0.015012755331601083, 'min_split_gain': 0.0, 'reg_alpha': 0.31209793585340484, 'reg_lambda': 29.310878053281144, 'subsample': 0.5371230220688985, 'colsample_bytree': 0.848794961808662, 'learning_rate': 0.011183917644937964, 'max_bin': 63, 'path_smooth': 1.225839457618699, 'extra_trees': True}",0.0132807063620106,0.0128095146244431,0.0018847669502702,0.0129468073731445,-0.0001372927487014,0.0082533338396732,5.4,4,-1,318,0.015012755331601,0.0,0.3120979358534048,29.310878053281144,0.5371230220688985,0.848794961808662,0.0111839176449379,63,1.225839457618699,True,,,,
36,d6442bffbc844aa2,"{'num_leaves': 10, 'max_depth': 5, 'min_child_samples': 233, 'min_child_weight': 0.007631939932543533, 'min_split_gain': 0.0, 'reg_alpha': 0.40407058439871557, 'reg_lambda': 26.409875103053004, 'subsample': 0.7879669422546702, 'colsample_bytree': 0.8780639794054532, 'learning_rate': 0.005720834517009611, 'max_bin': 127, 'path_smooth': 0.005917877397107181, 'extra_trees': True}",0.0131851145051879,0.0127322989212919,0.0018112623355839,0.0128275704657973,-9.527154450537575e-05,0.0082276397151362,9.4,10,5,233,0.0076319399325435,0.0,0.4040705843987155,26.409875103053004,0.7879669422546702,0.8780639794054532,0.0057208345170096,127,0.0059178773971071,True,,,,
37,d6c61a3611e134d4,"{'num_leaves': 6, 'max_depth': -1, 'min_child_samples': 208, 'min_child_weight': 0.010819077828120435, 'min_split_gain': 0.002793665624399412, 'reg_alpha': 0.25568344289779765, 'reg_lambda': 30.346936706840985, 'subsample': 0.82835622291242, 'colsample_bytree': 0.5504411117856918, 'learning_rate': 0.005414190196821717, 'max_bin': 127, 'path_smooth': 0.005421667947797662, 'extra_trees': False}",0.0132193027711698,0.0127678134060647,0.0018059574604203,0.0128686945962865,-0.0001008811902218,0.0082625290978638,4.8,6,-1,208,0.0108190778281204,0.0027936656243994,0.2556834428977976,30.346936706840985,0.82835622291242,0.5504411117856918,0.0054141901968217,127,0.0054216679477976,False,,,,
38,7eba77f30d5f9287,"{'num_leaves': 6, 'max_depth': 8, 'min_child_samples': 307, 'min_child_weight': 0.007170510351601044, 'min_split_gain': 0.0035126377830779877, 'reg_alpha': 0.6297677503958545, 'reg_lambda': 17.78022087119656, 'subsample': 0.7746903607079707, 'colsample_bytree': 0.8011349646670576, 'learning_rate': 0.008640542162963654, 'max_bin': 63, 'path_smooth': 0.003924243609218478, 'extra_trees': True}",0.0133796064667418,0.0128919324367403,0.0019506961200062,0.0130829223318758,-0.0001909898951354,0.0083069160817232,3.4,6,8,307,0.007170510351601,0.0035126377830779,0.6297677503958545,17.78022087119656,0.7746903607079707,0.8011349646670576,0.0086405421629636,63,0.0039242436092184,True,,,,
39,0fd78c98fb140f54,"{'num_leaves': 7, 'max_depth': 5, 'min_child_samples': 221, 'min_child_weight': 0.00819006735544784, 'min_split_gain': 2.9982656192937e-05, 'reg_alpha': 0.3316337679482621, 'reg_lambda': 20.17909633363554, 'subsample': 0.7883876419517327, 'colsample_bytree': 0.7688321409798072, 'learning_rate': 0.00707395229681815, 'max_bin': 63, 'path_smooth': 0.04316506882516255, 'extra_trees': True}",0.0131703687879042,0.0127203363513731,0.0018001297461243,0.0128396817518825,-0.0001193454005094,0.0082265960396322,6.2,7,5,221,0.0081900673554478,2.9982656192937e-05,0.3316337679482621,20.17909633363554,0.7883876419517327,0.7688321409798072,0.0070739522968181,63,0.0431650688251625,True,,,,
40,6b7fd4767173612a,"{'num_leaves': 4, 'max_depth': 2, 'min_child_samples': 269, 'min_child_weight': 0.008683068000352675, 'min_split_gain': 1.3939247749776325e-05, 'reg_alpha': 0.30640860322971486, 'reg_lambda': 21.957920113141338, 'subsample': 0.771175008190993, 'colsample_bytree': 0.8022388361671278, 'learning_rate': 0.008572315700419386, 'max_bin': 127, 'path_smooth': 0.01840164326918688, 'extra_trees': True}",0.0131834988210217,0.0127327106645693,0.0018031526258096,0.0128549355168588,-0.0001222248522895,0.0082260215723699,5.6,4,2,269,0.0086830680003526,1.3939247749776323e-05,0.3064086032297148,21.957920113141338,0.771175008190993,0.8022388361671278,0.0085723157004193,127,0.0184016432691868,True,,,,
41,4ad20f39d7295f8a,"{'num_leaves': 8, 'max_depth': 3, 'min_child_samples': 258, 'min_child_weight': 0.008544730671813367, 'min_split_gain': 0.00319190475532259, 'reg_alpha': 0.5042779248442918, 'reg_lambda': 30.056316941271596, 'subsample': 0.9174895612211431, 'colsample_bytree': 0.7106554922010218, 'learning_rate': 0.007810869322629195, 'max_bin': 127, 'path_smooth': 1.5830026542599966, 'extra_trees': False}",0.0132956643821928,0.0128305073990707,0.0018606279324884,0.0129233373159403,-9.28299168695898e-05,0.0082797956402988,2.8,8,3,258,0.0085447306718133,0.0031919047553225,0.5042779248442918,30.0563169412716,0.9174895612211432,0.7106554922010218,0.0078108693226291,127,1.5830026542599966,False,,,,
42,c2c5301f12c8f02d,"{'num_leaves': 8, 'max_depth': 3, 'min_child_samples': 211, 'min_child_weight': 0.01222359540572314, 'min_split_gain': 2.9068786176483435e-05, 'reg_alpha': 0.25791407924465093, 'reg_lambda': 16.59599340273337, 'subsample': 0.6756395645270931, 'colsample_bytree': 0.5503766500097353, 'learning_rate': 0.006522774153987649, 'max_bin': 63, 'path_smooth': 0.0011448046222041568, 'extra_trees': True}",0.0131825761491112,0.0127303825554658,0.0018087743745816,0.0128556570613636,-0.0001252745058977,0.008227249976409,6.1,8,3,211,0.0122235954057231,2.9068786176483435e-05,0.2579140792446509,16.59599340273337,0.6756395645270931,0.5503766500097353,0.0065227741539876,63,0.0011448046222041,True,,,,
43,125987632463d1f4,"{'num_leaves': 10, 'max_depth': 5, 'min_child_samples': 299, 'min_child_weight': 0.005936071069084246, 'min_split_gain': 4.115774728852202e-05, 'reg_alpha': 0.34398228157025384, 'reg_lambda': 31.91500944110257, 'subsample': 0.9481312127701482, 'colsample_bytree': 0.8398771522950959, 'learning_rate': 0.006506596694223183, 'max_bin': 127, 'path_smooth': 0.5631968234976636, 'extra_trees': False}",0.0131767664742311,0.0127303367953373,0.0017857187155754,0.0125684397428673,0.0001618970524699,0.0082450668551554,7.7,10,5,299,0.0059360710690842,4.115774728852202e-05,0.3439822815702538,31.91500944110257,0.9481312127701482,0.8398771522950959,0.0065065966942231,127,0.5631968234976636,False,,,,
44,37b3583cb666af2e,"{'num_leaves': 7, 'max_depth': 5, 'min_child_samples': 230, 'min_child_weight': 0.008903667098815978, 'min_split_gain': 1.1038513164049592e-05, 'reg_alpha': 0.24575656019081396, 'reg_lambda': 14.797477642610101, 'subsample': 0.8825519562956234, 'colsample_bytree': 0.9447488794402126, 'learning_rate': 0.007873955331223242, 'max_bin': 63, 'path_smooth': 9.147168036786404, 'extra_trees': True}",0.013143705917492,0.0126985725311412,0.0017805335454028,0.0127167336375144,-1.816110637321497e-05,0.008224084906138,7.3,7,5,230,0.0089036670988159,1.1038513164049592e-05,0.2457565601908139,14.7974776426101,0.8825519562956234,0.9447488794402126,0.0078739553312232,63,9.147168036786404,True,,,,
45,5ddf89ae84199e31,"{'num_leaves': 5, 'max_depth': 4, 'min_child_samples': 327, 'min_child_weight': 0.008126691976565093, 'min_split_gain': 2.0902447176652513e-05, 'reg_alpha': 0.32161596730264985, 'reg_lambda': 14.573762786478625, 'subsample': 0.6125147040009807, 'colsample_bytree': 0.9051108677565107, 'learning_rate': 0.0051927055497583766, 'max_bin': 63, 'path_smooth': 0.008539041805325304, 'extra_trees': False}",0.0132169845204719,0.012760441161277,0.0018261734367793,0.0127597157574135,7.254038635329252e-07,0.008254854205848,7.9,5,4,327,0.008126691976565,2.090244717665252e-05,0.3216159673026498,14.573762786478625,0.6125147040009807,0.9051108677565108,0.0051927055497583,63,0.0085390418053253,False,,,,
46,237b854d0edc3282,"{'num_leaves': 7, 'max_depth': 3, 'min_child_samples': 211, 'min_child_weight': 0.006528929581918999, 'min_split_gain': 0.0009400693721143439, 'reg_alpha': 0.46054045560962537, 'reg_lambda': 23.435657023991823, 'subsample': 0.8042415573091868, 'colsample_bytree': 0.7909744652165884, 'learning_rate': 0.009432689825609833, 'max_bin': 127, 'path_smooth': 0.029270729058805893, 'extra_trees': False}",0.0131891122433964,0.0127409615654746,0.0017926027116874,0.0128428945318123,-0.0001019329663377,0.0082480900928431,3.7,7,3,211,0.0065289295819189,0.0009400693721143,0.4605404556096253,23.435657023991823,0.8042415573091868,0.7909744652165884,0.0094326898256098,127,0.0292707290588058,False,,,,
47,741aeae250d6db56,"{'num_leaves': 7, 'max_depth': 8, 'min_child_samples': 332, 'min_child_weight': 0.011600649591331544, 'min_split_gain': 0.0008517066425145925, 'reg_alpha': 0.3394305100857827, 'reg_lambda': 30.760217343277063, 'subsample': 0.7784736824150513, 'colsample_bytree': 0.8796144424404262, 'learning_rate': 0.006695641825458896, 'max_bin': 63, 'path_smooth': 0.09891629341198045, 'extra_trees': True}",0.0132739160777618,0.0128051477850677,0.001875073170776,0.0130261460664521,-0.0002209982813843,0.0082664444214985,3.9,7,8,332,0.0116006495913315,0.0008517066425145,0.3394305100857827,30.760217343277063,0.7784736824150513,0.8796144424404262,0.0066956418254588,63,0.0989162934119804,True,,,,
48,2362e4d29d129e00,"{'num_leaves': 5, 'max_depth': 4, 'min_child_samples': 304, 'min_child_weight': 0.005909446435842038, 'min_split_gain': 0.046703635716643405, 'reg_alpha': 0.2875317806873062, 'reg_lambda': 15.003341998411024, 'subsample': 0.5448699534330943, 'colsample_bytree': 0.9158994011479717, 'learning_rate': 0.007342843110217747, 'max_bin': 63, 'path_smooth': 0.24769016715311207, 'extra_trees': False}",0.0140792119228758,0.0135125744465243,0.0022665499054063,0.0137067381057413,-0.000194163659217,0.0087734704838311,1.6,5,4,304,0.005909446435842,0.0467036357166434,0.2875317806873062,15.003341998411024,0.5448699534330943,0.9158994011479716,0.0073428431102177,63,0.247690167153112,False,,,,
49,4448a46041037604,"{'num_leaves': 4, 'max_depth': 3, 'min_child_samples': 383, 'min_child_weight': 0.009201838385227697, 'min_split_gain': 0.0034283021596850254, 'reg_alpha': 0.330294154161408, 'reg_lambda': 26.52539377188805, 'subsample': 0.9098382765116662, 'colsample_bytree': 0.8187000871210122, 'learning_rate': 0.011419072444974103, 'max_bin': 63, 'path_smooth': 1.3428289108463618, 'extra_trees': False}",0.0133096831328148,0.0128391907455262,0.0018819695491544,0.012982741766433,-0.0001435510209067,0.0082874132720698,2.0,4,3,383,0.0092018383852276,0.003428302159685,0.330294154161408,26.52539377188805,0.9098382765116662,0.8187000871210122,0.0114190724449741,63,1.3428289108463618,False,,,,
50,e75c61d234a22194,"{'num_leaves': 5, 'max_depth': 8, 'min_child_samples': 287, 'min_child_weight': 0.00955461736554874, 'min_split_gain': 0.0005759102367070502, 'reg_alpha': 0.5305140107464351, 'reg_lambda': 33.553056102307295, 'subsample': 0.6567265075716233, 'colsample_bytree': 0.8218907403905878, 'learning_rate': 0.009437206790408105, 'max_bin': 127, 'path_smooth': 0.0031295298584419285, 'extra_trees': False}",0.0132339942498739,0.0127744016532599,0.0018383703864559,0.0129218672141882,-0.0001474655609282,0.0082571288595894,4.0,5,8,287,0.0095546173655487,0.000575910236707,0.5305140107464351,33.553056102307295,0.6567265075716233,0.8218907403905878,0.0094372067904081,127,0.0031295298584419,False,,,,
51,8b64c55ea1065e43,"{'num_leaves': 4, 'max_depth': 4, 'min_child_samples': 271, 'min_child_weight': 0.013208216538951817, 'min_split_gain': 0.08753075569972578, 'reg_alpha': 0.3035684904227296, 'reg_lambda': 27.722157948879403, 'subsample': 0.5729152863810482, 'colsample_bytree': 0.73610246281449, 'learning_rate': 0.009862775912209389, 'max_bin': 127, 'path_smooth': 4.998119884635961, 'extra_trees': False}",0.0144046165987499,0.013827522378211,0.0023083768821555,0.0140719219196535,-0.0002443995414424,0.0089997420974416,1.0,4,4,271,0.0132082165389518,0.0875307556997257,0.3035684904227296,27.722157948879403,0.5729152863810482,0.73610246281449,0.0098627759122093,127,4.998119884635961,False,,,,
52,b63c7287a9c533e6,"{'num_leaves': 4, 'max_depth': 6, 'min_child_samples': 215, 'min_child_weight': 0.009759369038172799, 'min_split_gain': 1.5660076860051427e-05, 'reg_alpha': 0.41046450103281185, 'reg_lambda': 27.174269506679632, 'subsample': 0.8945636500957629, 'colsample_bytree': 0.8246227975588066, 'learning_rate': 0.009852855214442372, 'max_bin': 63, 'path_smooth': 0.008672425979619789, 'extra_trees': False}",0.0131558500044513,0.0127154579236427,0.001761568323234,0.0126209646551666,9.449326847610698e-05,0.0082299115783113,5.2,4,6,215,0.0097593690381727,1.5660076860051427e-05,0.4104645010328118,27.174269506679632,0.8945636500957629,0.8246227975588066,0.0098528552144423,63,0.0086724259796197,False,,,,
53,6d21cea6231c0472,"{'num_leaves': 4, 'max_depth': 2, 'min_child_samples': 280, 'min_child_weight': 0.009778729046965839, 'min_split_gain': 0.0, 'reg_alpha': 0.21490529401147726, 'reg_lambda': 18.725859440401738, 'subsample': 0.9069981210545706, 'colsample_bytree': 0.7992618939690381, 'learning_rate': 0.006145079752992311, 'max_bin': 127, 'path_smooth': 2.5770599315529257, 'extra_trees': True}",0.0131654566419265,0.0127189227968423,0.0017861353803367,0.012829517604611,-0.0001105948077686,0.0082241367487603,6.4,4,2,280,0.0097787290469658,0.0,0.2149052940114772,18.72585944040173,0.9069981210545706,0.7992618939690381,0.0061450797529923,127,2.5770599315529257,True,,,,
54,42062ee229975377,"{'num_leaves': 8, 'max_depth': 3, 'min_child_samples': 260, 'min_child_weight': 0.006735557637657158, 'min_split_gain': 0.002297634816357932, 'reg_alpha': 0.49722136145111573, 'reg_lambda': 14.943309109576349, 'subsample': 0.5731046312669499, 'colsample_bytree': 0.6506545278447196, 'learning_rate': 0.009251022545642416, 'max_bin': 63, 'path_smooth': 9.884927315513847, 'extra_trees': True}",0.0133671540534083,0.0128833723965095,0.0019351266275953,0.0130993809247742,-0.0002160085282647,0.0083094507677801,2.6,8,3,260,0.0067355576376571,0.0022976348163579,0.4972213614511157,14.943309109576347,0.5731046312669499,0.6506545278447196,0.0092510225456424,63,9.884927315513847,True,,,,
55,e187ec0f8c72cc26,"{'num_leaves': 6, 'max_depth': 6, 'min_child_samples': 292, 'min_child_weight': 0.013875928688848398, 'min_split_gain': 0.0, 'reg_alpha': 0.41296331781241225, 'reg_lambda': 22.46329866436622, 'subsample': 0.6997637944452653, 'colsample_bytree': 0.9114709458879476, 'learning_rate': 0.007655994386691289, 'max_bin': 63, 'path_smooth': 0.003447209304093686, 'extra_trees': False}",0.0131892869146874,0.012738022387361,0.0018050581093057,0.0126570457691289,8.097661823207487e-05,0.008248878020506,6.4,6,6,292,0.0138759286888483,0.0,0.4129633178124122,22.46329866436622,0.6997637944452653,0.9114709458879476,0.0076559943866912,63,0.0034472093040936,False,,,,
56,fbe56b6262d4bf1c,"{'num_leaves': 5, 'max_depth': 3, 'min_child_samples': 270, 'min_child_weight': 0.010059706755795948, 'min_split_gain': 1.1767253893171574e-05, 'reg_alpha': 0.31535596430515916, 'reg_lambda': 19.681503731740207, 'subsample': 0.9332014522857737, 'colsample_bytree': 0.8371725332138815, 'learning_rate': 0.008123381764039709, 'max_bin': 127, 'path_smooth': 3.87246227034385, 'extra_trees': False}",0.0131549107346628,0.0127149561354253,0.0017598183969498,0.012613254089828,0.0001017020455972,0.0082370901876201,6.9,5,3,270,0.0100597067557959,1.1767253893171574e-05,0.3153559643051591,19.681503731740207,0.9332014522857736,0.8371725332138815,0.0081233817640397,127,3.87246227034385,False,,,,
57,c577092f69690194,"{'num_leaves': 5, 'max_depth': 4, 'min_child_samples': 338, 'min_child_weight': 0.01021791450823981, 'min_split_gain': 0.0013127082695582647, 'reg_alpha': 0.3938290646325084, 'reg_lambda': 16.71076726436444, 'subsample': 0.6437529769662405, 'colsample_bytree': 0.6456299343019428, 'learning_rate': 0.00578681345559498, 'max_bin': 63, 'path_smooth': 3.142371021789716, 'extra_trees': False}",0.0132794350736776,0.0128121634777066,0.0018690863838838,0.0129911182810657,-0.0001789548033591,0.008281039092436,3.4,5,4,338,0.0102179145082398,0.0013127082695582,0.3938290646325084,16.71076726436444,0.6437529769662405,0.6456299343019428,0.0057868134555949,63,3.142371021789716,False,,,,
58,ee2d192ee529a60e,"{'num_leaves': 4, 'max_depth': 2, 'min_child_samples': 268, 'min_child_weight': 0.008694759901592517, 'min_split_gain': 0.013655148815699835, 'reg_alpha': 0.5641340485086698, 'reg_lambda': 24.609864187418516, 'subsample': 0.8737028924802537, 'colsample_bytree': 0.9060773606456418, 'learning_rate': 0.010368644235370955, 'max_bin': 63, 'path_smooth': 0.1772894672401568, 'extra_trees': False}",0.0135107969654673,0.0130084909578543,0.0020092240304519,0.0131299064323071,-0.0001214154744527,0.0083985842627551,1.8,4,2,268,0.0086947599015925,0.0136551488156998,0.5641340485086698,24.60986418741852,0.8737028924802537,0.9060773606456418,0.0103686442353709,63,0.1772894672401568,False,,,,
59,ff9683378d301f6b,"{'num_leaves': 5, 'max_depth': 3, 'min_child_samples': 267, 'min_child_weight': 0.005597421117103013, 'min_split_gain': 0.0011244192114282776, 'reg_alpha': 0.5447705360937412, 'reg_lambda': 13.89532639392483, 'subsample': 0.5552963044134256, 'colsample_bytree': 0.6101734923962305, 'learning_rate': 0.005312818242109026, 'max_bin': 127, 'path_smooth': 0.0661410933308899, 'extra_trees': False}",0.0132705878231043,0.0128041385771026,0.001865796984007,0.0129833277088017,-0.0001791891316991,0.0082812801668184,4.0,5,3,267,0.005597421117103,0.0011244192114282,0.5447705360937412,13.89532639392483,0.5552963044134256,0.6101734923962305,0.005312818242109,127,0.0661410933308899,False,,,,
60,1a59e4a65817da52,"{'num_leaves': 6, 'max_depth': 4, 'min_child_samples': 216, 'min_child_weight': 0.007932494914992398, 'min_split_gain': 0.0, 'reg_alpha': 0.22165421995009932, 'reg_lambda': 25.19736925500732, 'subsample': 0.6235998552131898, 'colsample_bytree': 0.6354170607683768, 'learning_rate': 0.007202430120958152, 'max_bin': 63, 'path_smooth': 0.001015413260613644, 'extra_trees': False}",0.0131588291719318,0.0127120244830468,0.00178721875554,0.0125919047383748,0.0001201197446719,0.0082332626424716,5.2,6,4,216,0.0079324949149923,0.0,0.2216542199500993,25.19736925500732,0.6235998552131898,0.6354170607683768,0.0072024301209581,63,0.0010154132606136,False,,,,
61,cb92453e542a895f,"{'num_leaves': 9, 'max_depth': 5, 'min_child_samples': 213, 'min_child_weight': 0.014326136225075954, 'min_split_gain': 0.006158459876169438, 'reg_alpha': 0.4305962832985638, 'reg_lambda': 27.511777180179497, 'subsample': 0.5911207963954437, 'colsample_bytree': 0.7022679985990645, 'learning_rate': 0.0070485068265114985, 'max_bin': 63, 'path_smooth': 5.094011902587738, 'extra_trees': True}",-0.0052297617816037,0.0082153983012701,0.0001030687254539,0.0118940020536337,,0.0059022271262951,3.1,9,5,213,0.0143261362250759,0.0061584598761694,0.4305962832985638,27.511777180179497,0.5911207963954437,0.7022679985990645,0.0070485068265114,63,5.094011902587738,True,0.0053611320142673,0.000262740465327,0.2553713877821056,0.8660714285714286
62,60dd1253641688eb,"{'num_leaves': 10, 'max_depth': 5, 'min_child_samples': 286, 'min_child_weight': 0.0060328224307613035, 'min_split_gain': 8.108768226750889e-05, 'reg_alpha': 0.468768447900924, 'reg_lambda': 24.311802340366096, 'subsample': 0.8503750380485244, 'colsample_bytree': 0.656385597357348, 'learning_rate': 0.011946538880668049, 'max_bin': 63, 'path_smooth': 1.2987752032221334, 'extra_trees': True}",-0.0058605106612358,0.0081175319691602,9.91898253270727e-05,0.0117005052954441,,0.0056849391558691,3.7,10,5,286,0.0060328224307613,8.108768226750889e-05,0.468768447900924,24.311802340366096,0.8503750380485244,0.656385597357348,0.011946538880668,63,1.2987752032221334,True,0.0061849639604172,0.0006489065983627,0.2600262524901592,0.9444444444444444
63,2150081cebe41089,"{'num_leaves': 5, 'max_depth': 3, 'min_child_samples': 221, 'min_child_weight': 0.010559719368941246, 'min_split_gain': 0.0, 'reg_alpha': 0.431488093104712, 'reg_lambda': 35.44845989298323, 'subsample': 0.6778455397810084, 'colsample_bytree': 0.6636335650614656, 'learning_rate': 0.007774952795595776, 'max_bin': 63, 'path_smooth': 0.00572644951569379, 'extra_trees': False}",-0.0059577026885556,0.0080911188783047,7.67318950148305e-05,0.011415746338076,,0.0056799744730849,6.6,5,3,221,0.0105597193689412,0.0,0.431488093104712,35.44845989298323,0.6778455397810084,0.6636335650614656,0.0077749527955957,63,0.0057264495156937,False,0.006282159546009,0.0006489137149067,0.2553277387818888,0.9444444444444444
64,93f924bc2b9540bd,"{'num_leaves': 6, 'max_depth': -1, 'min_child_samples': 265, 'min_child_weight': 0.013014653383160942, 'min_split_gain': 0.004778108184926552, 'reg_alpha': 0.4506426548429815, 'reg_lambda': 19.02324829659125, 'subsample': 0.8809207771874249, 'colsample_bytree': 0.8611908555297785, 'learning_rate': 0.007179726794471772, 'max_bin': 127, 'path_smooth': 0.5370095583865401, 'extra_trees': False}",-0.0051475857300322,0.0081658709898944,9.140688908395105e-05,0.0117395478251454,,0.0058370123197642,3.2,6,-1,265,0.0130146533831609,0.0047781081849265,0.4506426548429815,19.02324829659125,0.8809207771874249,0.8611908555297785,0.0071797267944717,127,0.5370095583865401,False,0.0052770477980675,0.0002589241360705,0.2550949489045986,1.0
65,6480bfe2561e3a9f,"{'num_leaves': 5, 'max_depth': 6, 'min_child_samples': 331, 'min_child_weight': 0.011003886917527544, 'min_split_gain': 0.0, 'reg_alpha': 0.45285634793485086, 'reg_lambda': 30.05269896487179, 'subsample': 0.7315721982145525, 'colsample_bytree': 0.753828210148426, 'learning_rate': 0.005673511684267445, 'max_bin': 63, 'path_smooth': 0.0028715758625046375, 'extra_trees': False}",-0.0058193012672009,0.0080975996669684,8.939227209880853e-05,0.0114989794339011,,0.0056830826202997,7.5,5,6,331,0.0110038869175275,0.0,0.4528563479348508,30.05269896487179,0.7315721982145525,0.753828210148426,0.0056735116842674,63,0.0028715758625046,False,0.0061188263726549,0.0005990502109079,0.2562874106094299,0.8888888888888888
66,37efdea52c13956d,"{'num_leaves': 8, 'max_depth': 5, 'min_child_samples': 212, 'min_child_weight': 0.015702973702851567, 'min_split_gain': 0.006158459876169438, 'reg_alpha': 0.5112253494172286, 'reg_lambda': 31.197032317818106, 'subsample': 0.5911207963954437, 'colsample_bytree': 0.6977131112180295, 'learning_rate': 0.006890688449020092, 'max_bin': 63, 'path_smooth': 5.094011902587738, 'extra_trees': True}",-0.0046254967785144,0.0085730449369894,0.0014113465457289,0.0118524689686127,,0.0060805523336212,5.5,8,5,212,0.0157029737028515,0.0061584598761694,0.5112253494172286,31.197032317818103,0.5911207963954437,0.6977131112180295,0.00689068844902,63,5.094011902587738,True,0.0068553358260041,0.0044596780949792,0.2553634653915097,0.8541666666666666
67,1ad1a97137d707da,"{'num_leaves': 8, 'max_depth': 5, 'min_child_samples': 285, 'min_child_weight': 0.006321944136619028, 'min_split_gain': 8.108768226750889e-05, 'reg_alpha': 0.546373036722162, 'reg_lambda': 27.733091095317633, 'subsample': 0.8503241518412936, 'colsample_bytree': 0.6394186420319171, 'learning_rate': 0.011542180591456964, 'max_bin': 63, 'path_smooth': 1.2987752032221334, 'extra_trees': True}",-0.005152007872644,0.0084836235128182,0.0013893031035437,0.011678593875409,,0.0058965697773593,6.5,8,5,285,0.006321944136619,8.108768226750889e-05,0.546373036722162,27.73309109531764,0.8503241518412936,0.6394186420319171,0.0115421805914569,63,1.2987752032221334,True,0.0072529243653109,0.0042018329853338,0.2555730901110254,0.9166666666666666
68,ebef199e4067eb22,"{'num_leaves': 5, 'max_depth': 3, 'min_child_samples': 221, 'min_child_weight': 0.011719764661254326, 'min_split_gain': 0.0, 'reg_alpha': 0.5161264184477609, 'reg_lambda': 40.21537265416439, 'subsample': 0.6725013859268987, 'colsample_bytree': 0.647085444585855, 'learning_rate': 0.007494070494473231, 'max_bin': 63, 'path_smooth': 0.00572644951569379, 'extra_trees': False}",-0.0051029852390834,0.0084697980691972,0.0014004896735466,0.0115106280388902,,0.0058907348520085,8.8,5,3,221,0.0117197646612543,0.0,0.5161264184477609,40.21537265416439,0.6725013859268987,0.647085444585855,0.0074940704944732,63,0.0057264495156937,False,0.0072360434654113,0.0042661164526559,0.2557808140315982,0.8055555555555555
69,d2bea09599421ea4,"{'num_leaves': 6, 'max_depth': -1, 'min_child_samples': 265, 'min_child_weight': 0.013638377822338848, 'min_split_gain': 0.004778108184926552, 'reg_alpha': 0.5014753982004002, 'reg_lambda': 20.88656722446864, 'subsample': 0.880956061312794, 'colsample_bytree': 0.8531295818163661, 'learning_rate': 0.006990829249664872, 'max_bin': 127, 'path_smooth': 0.5370095583865401, 'extra_trees': False}",-0.0046198730722347,0.0085310665700851,0.0014205687778706,0.0116924930789158,,0.0060143226138756,6.7,6,-1,265,0.0136383778223388,0.0047781081849265,0.5014753982004002,20.88656722446864,0.880956061312794,0.8531295818163661,0.0069908292496648,127,0.5370095583865401,False,0.0066552249267837,0.0040707037090979,0.2552913246252647,0.90625
70,c49a2cd617667b71,"{'num_leaves': 4, 'max_depth': 6, 'min_child_samples': 351, 'min_child_weight': 0.011696912688368323, 'min_split_gain': 0.0, 'reg_alpha': 0.5162969743865864, 'reg_lambda': 32.77741750691001, 'subsample': 0.7440394806763456, 'colsample_bytree': 0.7392568359398715, 'learning_rate': 0.00564143854333866, 'max_bin': 63, 'path_smooth': 0.0028715758625046375, 'extra_trees': False}",-0.0050216487407036,0.0084793042634974,0.0014077157042528,0.0115743239480275,,0.0058938487141071,14.0,4,6,351,0.0116969126883683,0.0,0.5162969743865864,32.77741750691001,0.7440394806763456,0.7392568359398715,0.0056414385433386,63,0.0028715758625046,False,0.0071537647935976,0.0042642321057878,0.2542794966085577,0.861111111111111
71,c9cb1aba021e20e9,"{'num_leaves': 6, 'max_depth': 5, 'min_child_samples': 314, 'min_child_weight': 0.010877167498233455, 'min_split_gain': 0.011481415388655809, 'reg_alpha': 0.45733361271818096, 'reg_lambda': 21.52398979053565, 'subsample': 0.5810865238952181, 'colsample_bytree': 0.6664111579698203, 'learning_rate': 0.006006159261819757, 'max_bin': 63, 'path_smooth': 2.591864498494624, 'extra_trees': False}",-0.0047405712582352,0.0086296372334801,0.0014212298200823,0.0118778166308067,,0.0061692474412563,5.4,6,5,314,0.0108771674982334,0.0114814153886558,0.4573336127181809,21.52398979053565,0.5810865238952181,0.6664111579698203,0.0060061592618197,63,2.591864498494624,False,0.0068527915101822,0.0042244405038939,0.2454932549815091,0.9
72,ebcc02b2d97bc1fa,"{'num_leaves': 5, 'max_depth': 6, 'min_child_samples': 335, 'min_child_weight': 0.010914788567352255, 'min_split_gain': 0.00014940840554230074, 'reg_alpha': 0.585866128529614, 'reg_lambda': 30.86218226884067, 'subsample': 0.7240446592824097, 'colsample_bytree': 0.856367172098742, 'learning_rate': 0.005766726439922196, 'max_bin': 63, 'path_smooth': 0.0012326741610799745, 'extra_trees': False}",-0.0050500701840926,0.0084798943085647,0.0014053726152988,0.0116062794223529,,0.0058912965607368,11.4,5,6,335,0.0109147885673522,0.0001494084055423,0.585866128529614,30.86218226884067,0.7240446592824097,0.856367172098742,0.0057667264399221,63,0.0012326741610799,False,0.0071053452711521,0.004110550174119,0.254632150404591,0.8888888888888888
73,e621ca021f3af090,"{'num_leaves': 7, 'max_depth': -1, 'min_child_samples': 296, 'min_child_weight': 0.007570643312859204, 'min_split_gain': 4.416590318748443e-05, 'reg_alpha': 0.5497415181828267, 'reg_lambda': 24.813163404844317, 'subsample': 0.6814954020461905, 'colsample_bytree': 0.5983410387182263, 'learning_rate': 0.008567450907577781, 'max_bin': 127, 'path_smooth': 0.0022418145176583866, 'extra_trees': False}",-0.0050294760003782,0.0084738799706336,0.0014028299920655,0.0114982509736628,,0.0058865641089563,8.2,7,-1,296,0.0075706433128592,4.416590318748443e-05,0.5497415181828267,24.81316340484432,0.6814954020461905,0.5983410387182263,0.0085674509075777,127,0.0022418145176583,False,0.0071823784645651,0.0043058049283738,0.2548481987097936,0.8888888888888888
74,9a05cce3a70648cc,"{'num_leaves': 4, 'max_depth': 3, 'min_child_samples': 246, 'min_child_weight': 0.016881579893286328, 'min_split_gain': 0.006292576951965629, 'reg_alpha': 0.5984397588797908, 'reg_lambda': 31.30036577513285, 'subsample': 0.6989305845578849, 'colsample_bytree': 0.5783023526253391, 'learning_rate': 0.00543310014973658, 'max_bin': 127, 'path_smooth': 4.077646622339472, 'extra_trees': False}",-0.0047531880246567,0.0085619914873795,0.0014199818791461,0.011768420167726,,0.006064033709571,5.8,4,3,246,0.0168815798932863,0.0062925769519656,0.5984397588797908,31.30036577513285,0.6989305845578849,0.5783023526253391,0.0054331001497365,127,4.077646622339472,False,0.0068374512622616,0.0041685264752098,0.2558526874136033,0.9375
75,5ee616b226d788ca,"{'num_leaves': 4, 'max_depth': 4, 'min_child_samples': 230, 'min_child_weight': 0.015537868158479596, 'min_split_gain': 0.0020743320413499976, 'reg_alpha': 0.5922522608083315, 'reg_lambda': 33.843044815846326, 'subsample': 0.6839765910031963, 'colsample_bytree': 0.7458651254135144, 'learning_rate': 0.008271593881762674, 'max_bin': 63, 'path_smooth': 0.0021765932828029678, 'extra_trees': True}",-0.004632804283926,0.0085223475888144,0.0013966526512199,0.0117900739703585,,0.0059902500369254,5.4,4,4,230,0.0155378681584795,0.0020743320413499,0.5922522608083315,33.843044815846326,0.6839765910031963,0.7458651254135144,0.0082715938817626,63,0.0021765932828029,True,0.0068577899232387,0.0044499712786255,0.2572781889571287,0.861111111111111
76,b75d73e02fa24a14,"{'num_leaves': 6, 'max_depth': 6, 'min_child_samples': 224, 'min_child_weight': 0.00734134146409309, 'min_split_gain': 0.00020866271281712076, 'reg_alpha': 0.5117076696211688, 'reg_lambda': 19.790601288996616, 'subsample': 0.9143605204291356, 'colsample_bytree': 0.7205337795834704, 'learning_rate': 0.006749534603448924, 'max_bin': 63, 'path_smooth': 0.23102658895922132, 'extra_trees': False}",-0.0049462618122129,0.0084776856806051,0.0014065679165222,0.0115101946163646,,0.0058986380128668,9.4,6,6,224,0.007341341464093,0.0002086627128171,0.5117076696211688,19.790601288996616,0.9143605204291356,0.7205337795834704,0.0067495346034489,63,0.2310265889592213,False,0.0071082366412405,0.0043239496580551,0.2554225135336627,0.861111111111111
77,7e835328fe05a19f,"{'num_leaves': 9, 'max_depth': -1, 'min_child_samples': 213, 'min_child_weight': 0.0107701341805033, 'min_split_gain': 0.013518886099402097, 'reg_alpha': 0.4968367712695687, 'reg_lambda': 42.62498693389025, 'subsample': 0.7493855130081527, 'colsample_bytree': 0.6712304231683821, 'learning_rate': 0.006293540507855547, 'max_bin': 127, 'path_smooth': 0.12097332285996083, 'extra_trees': False}",-0.0046864953049333,0.0086160755583882,0.0014183026227572,0.0118242746309828,,0.0061615103850231,6.0,9,-1,213,0.0107701341805033,0.013518886099402,0.4968367712695687,42.62498693389025,0.7493855130081527,0.6712304231683821,0.0062935405078555,127,0.1209733228599608,False,0.0066984560969902,0.0040239215841137,0.246713870184153,0.9083333333333334
78,57b004f35307fe35,"{'num_leaves': 4, 'max_depth': 2, 'min_child_samples': 222, 'min_child_weight': 0.011500952716654396, 'min_split_gain': 0.0384275846002364, 'reg_alpha': 0.3374760628933552, 'reg_lambda': 32.81443029542157, 'subsample': 0.6177904520864995, 'colsample_bytree': 0.7665653338494197, 'learning_rate': 0.009293404107284334, 'max_bin': 63, 'path_smooth': 1.1873806512263125, 'extra_trees': False}",-0.0046320152797253,0.0088345316493903,0.0014542879495407,0.0121043523051298,,0.0064578417648809,4.3,4,2,222,0.0115009527166543,0.0384275846002364,0.3374760628933552,32.81443029542157,0.6177904520864995,0.7665653338494197,0.0092934041072843,63,1.1873806512263123,False,0.0067411152627839,0.0042181999661172,0.2210702892346289,1.0
79,b5938b8ee99bc327,"{'num_leaves': 9, 'max_depth': -1, 'min_child_samples': 302, 'min_child_weight': 0.009632223946895403, 'min_split_gain': 1.4114003627068444e-05, 'reg_alpha': 0.6941642368522336, 'reg_lambda': 39.324478605219205, 'subsample': 0.6275587408554062, 'colsample_bytree': 0.9246316560613013, 'learning_rate': 0.0064076143366440345, 'max_bin': 127, 'path_smooth': 0.01056477767674024, 'extra_trees': True}",-0.0050831650618467,0.008491871561597,0.0013985435199496,0.0117161056363595,,0.005900962701627,13.6,9,-1,302,0.0096322239468954,1.4114003627068444e-05,0.6941642368522336,39.324478605219205,0.6275587408554062,0.9246316560613012,0.006407614336644,127,0.0105647776767402,True,0.0072030472213824,0.0042397643190713,0.2538475873531065,0.9444444444444444
80,83659f47c0abcd52,"{'num_leaves': 4, 'max_depth': 2, 'min_child_samples': 277, 'min_child_weight': 0.017931651988033034, 'min_split_gain': 0.0, 'reg_alpha': 0.7491252063813756, 'reg_lambda': 39.053727996790656, 'subsample': 0.896650780014891, 'colsample_bytree': 0.8926104548769314, 'learning_rate': 0.007728419108955163, 'max_bin': 63, 'path_smooth': 0.018353386369238407, 'extra_trees': False}",-0.0050569113175277,0.0084778985885241,0.0014108272736155,0.0115638509348326,,0.0058959183085837,12.9,4,2,277,0.017931651988033,0.0,0.7491252063813756,39.053727996790656,0.896650780014891,0.8926104548769314,0.0077284191089551,63,0.0183533863692384,False,0.0071047314549343,0.0040956402748132,0.2538048619056192,0.861111111111111
81,e9d67c9e02dfa11e,"{'num_leaves': 7, 'max_depth': 6, 'min_child_samples': 358, 'min_child_weight': 0.008873272923862453, 'min_split_gain': 2.3870783409459368e-05, 'reg_alpha': 0.7916309086394108, 'reg_lambda': 23.94866060542643, 'subsample': 0.5214563914106483, 'colsample_bytree': 0.8590374353627228, 'learning_rate': 0.005686449532555588, 'max_bin': 127, 'path_smooth': 0.24976476203076983, 'extra_trees': False}",-0.0049783130203163,0.0084963323281005,0.0013989578560494,0.0116328633490762,,0.0059076724581631,13.5,7,6,358,0.0088732729238624,2.3870783409459368e-05,0.7916309086394108,23.94866060542643,0.5214563914106483,0.8590374353627228,0.0056864495325555,127,0.2497647620307698,False,0.0070412316980355,0.0041258373554384,0.2502691903806523,0.8333333333333334
82,1a65eee8c17d1528,"{'num_leaves': 9, 'max_depth': -1, 'min_child_samples': 427, 'min_child_weight': 0.011012045869960919, 'min_split_gain': 0.012871209314627622, 'reg_alpha': 0.35840047511699186, 'reg_lambda': 18.98155745050466, 'subsample': 0.564582417294572, 'colsample_bytree': 0.4903291910018243, 'learning_rate': 0.008805637939185283, 'max_bin': 63, 'path_smooth': 0.003071355011352014, 'extra_trees': False}",-0.0047128913637935,0.0086489756465403,0.0014274916590903,0.0119137020644371,,0.0061904661742095,4.8,9,-1,427,0.0110120458699609,0.0128712093146276,0.3584004751169918,18.98155745050466,0.564582417294572,0.4903291910018243,0.0088056379391852,63,0.003071355011352,False,0.0067956066084766,0.0041654304893661,0.2432520496798118,1.0
83,e7c3ef60f7a38b3b,"{'num_leaves': 7, 'max_depth': 4, 'min_child_samples': 388, 'min_child_weight': 0.013648855829969614, 'min_split_gain': 6.296549278860482e-05, 'reg_alpha': 0.6498473623277843, 'reg_lambda': 21.34012943274683, 'subsample': 0.5098939440143727, 'colsample_bytree': 0.9103236910864163, 'learning_rate': 0.0069918596721968125, 'max_bin': 127, 'path_smooth': 0.09001941398429979, 'extra_trees': False}",-0.0049995793954893,0.0084979729745788,0.0013999536472312,0.0116680775746129,,0.0059095129723729,9.6,7,4,388,0.0136488558299696,6.296549278860482e-05,0.6498473623277843,21.34012943274683,0.5098939440143727,0.9103236910864164,0.0069918596721968,127,0.0900194139842997,False,0.0070337833612602,0.0040684079315417,0.2516487167941243,0.8888888888888888
84,be4f315ee67cea94,"{'num_leaves': 7, 'max_depth': 3, 'min_child_samples': 204, 'min_child_weight': 0.01162835612634714, 'min_split_gain': 0.05003037029082277, 'reg_alpha': 0.5901205535907719, 'reg_lambda': 20.264080322645352, 'subsample': 0.5179210797697547, 'colsample_bytree': 0.6424406541543203, 'learning_rate': 0.0112947333092279, 'max_bin': 127, 'path_smooth': 0.2421978106069844, 'extra_trees': False}",-0.0049153395017073,0.0090013984778115,0.0015189119806938,0.0123102990240876,,0.0066402593719155,3.6,7,3,204,0.0116283561263471,0.0500303702908227,0.5901205535907719,20.264080322645352,0.5179210797697547,0.6424406541543203,0.0112947333092279,127,0.2421978106069844,False,0.0069622939016442,0.0040939087998738,0.1992293062955092,1.0
85,2f27a5162c118d69,"{'num_leaves': 8, 'max_depth': 8, 'min_child_samples': 203, 'min_child_weight': 0.007443882568159298, 'min_split_gain': 0.013773800774140987, 'reg_alpha': 0.7177424116750308, 'reg_lambda': 37.316791995856654, 'subsample': 0.5625926732253688, 'colsample_bytree': 0.6929874887406393, 'learning_rate': 0.008335622955719777, 'max_bin': 127, 'path_smooth': 0.25848100247744216, 'extra_trees': True}",-0.0046517900643631,0.0086799487330184,0.0014366375303927,0.0119925214002347,,0.0062447313920199,6.2,8,8,203,0.0074438825681592,0.0137738007741409,0.7177424116750308,37.316791995856654,0.5625926732253688,0.6929874887406393,0.0083356229557197,127,0.2584810024774421,True,0.0068404135821218,0.0043772470355174,0.2494344960757152,1.0
86,a1db9009e118d3c0,"{'num_leaves': 6, 'max_depth': -1, 'min_child_samples': 414, 'min_child_weight': 0.010465548180608186, 'min_split_gain': 0.004052510066533089, 'reg_alpha': 0.4129110856685759, 'reg_lambda': 22.203680894249075, 'subsample': 0.810127946994972, 'colsample_bytree': 0.8486776739710362, 'learning_rate': 0.0054695839286323595, 'max_bin': 63, 'path_smooth': 0.0018460158595086213, 'extra_trees': False}",-0.0047639310301234,0.0085347458363914,0.0014269650748682,0.0117551411890882,,0.0060012522838103,8.2,6,-1,414,0.0104655481806081,0.004052510066533,0.4129110856685759,22.203680894249075,0.810127946994972,0.8486776739710362,0.0054695839286323,63,0.0018460158595086,False,0.0067688396929213,0.0040098173255957,0.255999821816923,0.8263888888888888
87,b22581a3136ffb0a,"{'num_leaves': 5, 'max_depth': 5, 'min_child_samples': 226, 'min_child_weight': 0.01659936108576793, 'min_split_gain': 0.00017431657960054151, 'reg_alpha': 0.3694622863457396, 'reg_lambda': 22.27240249918076, 'subsample': 0.525303282268388, 'colsample_bytree': 0.4614212507203965, 'learning_rate': 0.0050895454791444, 'max_bin': 127, 'path_smooth': 0.004995349553745401, 'extra_trees': False}",-0.0049226153932074,0.0084754510569475,0.0014027352590569,0.0115585446412026,,0.0058909915337463,10.3,5,5,226,0.0165993610857679,0.0001743165796005,0.3694622863457396,22.27240249918076,0.525303282268388,0.4614212507203965,0.0050895454791444,127,0.0049953495537454,False,0.0070738375348615,0.0043024442833082,0.2561616663281887,0.861111111111111
88,1f3816a21c3d6bd5,"{'num_leaves': 4, 'max_depth': 4, 'min_child_samples': 263, 'min_child_weight': 0.011009054733232467, 'min_split_gain': 0.0003754238225290726, 'reg_alpha': 0.7477485824359009, 'reg_lambda': 37.168349494829904, 'subsample': 0.47131204028328244, 'colsample_bytree': 0.4889783333123147, 'learning_rate': 0.006068153861686955, 'max_bin': 127, 'path_smooth': 0.009943752434754663, 'extra_trees': True}",-0.0047520943079197,0.0085222651932192,0.0014020809441286,0.0118485319515404,,0.0059692848607713,7.6,4,4,263,0.0110090547332324,0.000375423822529,0.7477485824359009,37.168349494829904,0.4713120402832824,0.4889783333123147,0.0060681538616869,127,0.0099437524347546,True,0.0068304149194968,0.0041566412231542,0.2577015996139244,0.8888888888888888
89,e53963e3e3704b6e,"{'num_leaves': 6, 'max_depth': 4, 'min_child_samples': 275, 'min_child_weight': 0.011271036632540256, 'min_split_gain': 0.0, 'reg_alpha': 0.34660605562028757, 'reg_lambda': 36.51724103043457, 'subsample': 0.47492457295686613, 'colsample_bytree': 0.9074860199334038, 'learning_rate': 0.005422166080784156, 'max_bin': 127, 'path_smooth': 4.079552962611262, 'extra_trees': True}",-0.0048578643619994,0.0084990366358974,0.0014008157211025,0.0117505142476501,,0.0059191259495459,9.3,6,4,275,0.0112710366325402,0.0,0.3466060556202875,36.51724103043457,0.4749245729568661,0.9074860199334038,0.0054221660807841,127,4.079552962611262,True,0.0069711310788618,0.0042265334337249,0.2561148153820777,0.9166666666666666
90,6de6314d161745d1,"{'num_leaves': 8, 'max_depth': 3, 'min_child_samples': 389, 'min_child_weight': 0.007639027466917986, 'min_split_gain': 0.0037147800453125926, 'reg_alpha': 0.5350818727761806, 'reg_lambda': 27.905869534529618, 'subsample': 0.8597870241094002, 'colsample_bytree': 0.6557580213626842, 'learning_rate': 0.006804085460876028, 'max_bin': 127, 'path_smooth': 0.3616205354819772, 'extra_trees': False}",-0.0047381642455186,0.008527901396094,0.0014283566959857,0.0117291659535502,,0.0059963607298805,7.1,8,3,389,0.0076390274669179,0.0037147800453125,0.5350818727761806,27.90586953452961,0.8597870241094002,0.6557580213626842,0.006804085460876,127,0.3616205354819772,False,0.0068914067952994,0.0043064850995615,0.2568095924956113,0.8541666666666666
91,1915a31b8a7c7e56,"{'num_leaves': 4, 'max_depth': 2, 'min_child_samples': 244, 'min_child_weight': 0.009638450668175112, 'min_split_gain': 0.0004651119248429907, 'reg_alpha': 0.4517254489751136, 'reg_lambda': 23.338909163634256, 'subsample': 0.6327102096302053, 'colsample_bytree': 0.7778715736530226, 'learning_rate': 0.006340449553908867, 'max_bin': 127, 'path_smooth': 4.627986443771727, 'extra_trees': True}",-0.0048550766296376,0.0084932733396127,0.0013907624163847,0.0117461320834543,,0.0059225677402014,9.1,4,2,244,0.0096384506681751,0.0004651119248429,0.4517254489751136,23.338909163634256,0.6327102096302053,0.7778715736530226,0.0063404495539088,127,4.627986443771727,True,0.0069649906018546,0.004219827944434,0.2570924647856348,0.8333333333333333
92,5956048961e16345,"{'num_leaves': 6, 'max_depth': 6, 'min_child_samples': 343, 'min_child_weight': 0.014919072000282625, 'min_split_gain': 0.02478802668993824, 'reg_alpha': 0.533294608857909, 'reg_lambda': 31.42273901751014, 'subsample': 0.5876938749999464, 'colsample_bytree': 0.8096348846418513, 'learning_rate': 0.00581735963798352, 'max_bin': 63, 'path_smooth': 0.6014402865348989, 'extra_trees': True}",-0.0047534412075685,0.0087863157030708,0.0014564977914147,0.0121106845540224,,0.0063804745874164,6.2,6,6,343,0.0149190720002826,0.0247880266899382,0.533294608857909,31.42273901751014,0.5876938749999464,0.8096348846418513,0.0058173596379835,63,0.6014402865348989,True,0.006891964087983,0.0042770457608288,0.2347900729896231,0.95
93,ed2c912003960829,"{'num_leaves': 4, 'max_depth': 8, 'min_child_samples': 364, 'min_child_weight': 0.007266039067796392, 'min_split_gain': 2.4009493199539677e-05, 'reg_alpha': 0.7984097640022859, 'reg_lambda': 19.298632811415125, 'subsample': 0.9081966486917705, 'colsample_bytree': 0.8483029540792628, 'learning_rate': 0.007795457622761207, 'max_bin': 63, 'path_smooth': 1.5151629983760233, 'extra_trees': True}",-0.0051122972908724,0.0084869782504821,0.0013999072389994,0.0117047699827932,,0.0058963031220284,12.0,4,8,364,0.0072660390677963,2.400949319953968e-05,0.7984097640022859,19.298632811415125,0.9081966486917704,0.8483029540792628,0.0077954576227612,63,1.5151629983760233,True,0.0072170531799431,0.0042095117781415,0.2573885158492573,0.8888888888888888
94,83bc8242d3a6bbeb,"{'num_leaves': 9, 'max_depth': -1, 'min_child_samples': 336, 'min_child_weight': 0.007923037545645292, 'min_split_gain': 2.399920139642578e-05, 'reg_alpha': 0.560012906092672, 'reg_lambda': 29.697378848849333, 'subsample': 0.673519317769251, 'colsample_bytree': 0.7096653981209424, 'learning_rate': 0.00903408848745942, 'max_bin': 63, 'path_smooth': 1.5739062720389252, 'extra_trees': True}",-0.0049380661709424,0.0084981773753036,0.0013963562174677,0.0117501549670534,,0.0059142820584422,7.2,9,-1,336,0.0079230375456452,2.399920139642578e-05,0.560012906092672,29.697378848849333,0.673519317769251,0.7096653981209424,0.0090340884874594,63,1.5739062720389252,True,0.0070314301933229,0.004186728044761,0.2550555891165378,0.9166666666666666
95,1d7a9e684209189d,"{'num_leaves': 7, 'max_depth': 4, 'min_child_samples': 221, 'min_child_weight': 0.0072565235670954695, 'min_split_gain': 3.0125506262009528e-05, 'reg_alpha': 0.6145390678456417, 'reg_lambda': 25.46325861225618, 'subsample': 0.8214191183192432, 'colsample_bytree': 0.784478996842003, 'learning_rate': 0.006568569660155125, 'max_bin': 127, 'path_smooth': 1.122350716841757, 'extra_trees': True}",-0.004958495797821,0.0084816059748054,0.0013931698586714,0.0116504097861865,,0.0058939029526609,12.1,7,4,221,0.0072565235670954,3.0125506262009528e-05,0.6145390678456417,25.46325861225618,0.8214191183192432,0.784478996842003,0.0065685696601551,127,1.122350716841757,True,0.0070357947358549,0.0041545978760676,0.2551698974364226,0.9166666666666666
96,d76e03ac60f16ef3,"{'num_leaves': 5, 'max_depth': 6, 'min_child_samples': 227, 'min_child_weight': 0.016607374390295086, 'min_split_gain': 4.270184054562428e-05, 'reg_alpha': 0.4931992525529113, 'reg_lambda': 23.570440882652395, 'subsample': 0.8000086875002015, 'colsample_bytree': 0.7335815442210656, 'learning_rate': 0.010751433465850009, 'max_bin': 63, 'path_smooth': 1.3219224421947326, 'extra_trees': True}",-0.0051532362008454,0.0084801071398181,0.0013934683660569,0.0116464932099845,,0.005891727401892,8.4,5,6,227,0.016607374390295,4.270184054562428e-05,0.4931992525529113,23.570440882652395,0.8000086875002015,0.7335815442210656,0.01075143346585,63,1.3219224421947326,True,0.0072430593806061,0.0041796463595215,0.2552810017788201,0.8888888888888888
97,5904460017322137,"{'num_leaves': 5, 'max_depth': 4, 'min_child_samples': 445, 'min_child_weight': 0.007331630630183159, 'min_split_gain': 0.007430891908717705, 'reg_alpha': 0.7329303118899839, 'reg_lambda': 28.831338083689307, 'subsample': 0.5133931430442252, 'colsample_bytree': 0.7427054115077478, 'learning_rate': 0.008893439439661723, 'max_bin': 127, 'path_smooth': 0.06565561101151537, 'extra_trees': False}",-0.0046798298947923,0.0086227740057312,0.0014396281724217,0.0118934395768538,,0.0061346756629926,5.7,5,4,445,0.0073316306301831,0.0074308919087177,0.7329303118899839,28.831338083689307,0.5133931430442252,0.7427054115077478,0.0088934394396617,127,0.0656556110115153,False,0.00672647276776,0.0040932857459354,0.2449681223685031,0.9166666666666666
98,afe5ebff4ceb73b0,"{'num_leaves': 8, 'max_depth': 4, 'min_child_samples': 259, 'min_child_weight': 0.016586025682898912, 'min_split_gain': 0.0005878364451048434, 'reg_alpha': 0.6840124827668369, 'reg_lambda': 17.250221524918334, 'subsample': 0.9300676034294882, 'colsample_bytree': 0.8900624598467473, 'learning_rate': 0.0063381636924417185, 'max_bin': 63, 'path_smooth': 2.226313494036409, 'extra_trees': False}",-0.0046268631061111,0.008485786639727,0.0014082768433111,0.0116109764797703,,0.0059281425739762,10.8,8,4,259,0.0165860256828989,0.0005878364451048,0.6840124827668369,17.250221524918334,0.9300676034294882,0.8900624598467473,0.0063381636924417,63,2.226313494036409,False,0.0067269905633598,0.0042002549144973,0.255805246407589,0.8888888888888888
99,b81b07f7f171a1de,"{'num_leaves': 10, 'max_depth': -1, 'min_child_samples': 216, 'min_child_weight': 0.016234717713511537, 'min_split_gain': 0.003985658294286041, 'reg_alpha': 0.3223640944595541, 'reg_lambda': 19.64975033161257, 'subsample': 0.518864375284759, 'colsample_bytree': 0.8392385495810053, 'learning_rate': 0.005900278888732888, 'max_bin': 63, 'path_smooth': 0.4217704580576872, 'extra_trees': True}",-0.0046606491775557,0.0085413912295407,0.0013975804102999,0.0118100180794489,,0.006026860077233,7.9,10,-1,216,0.0162347177135115,0.003985658294286,0.3223640944595541,19.64975033161257,0.518864375284759,0.8392385495810053,0.0059002788887328,63,0.4217704580576872,True,0.0067750108167261,0.0042287232783406,0.2566527497120634,0.8819444444444444
100,9dc0aee715a2caf1,"{'num_leaves': 4, 'max_depth': -1, 'min_child_samples': 336, 'min_child_weight': 0.014755271810928882, 'min_split_gain': 0.0, 'reg_alpha': 0.3975159075594051, 'reg_lambda': 36.11272937121399, 'subsample': 0.47755691603397765, 'colsample_bytree': 0.8512438790162307, 'learning_rate': 0.01085291238132456, 'max_bin': 63, 'path_smooth': 1.225839457618699, 'extra_trees': True}",-0.0051158648600422,0.0085057095549202,0.0014066890038073,0.0117733130874808,,0.0059161214430884,7.1,4,-1,336,0.0147552718109288,0.0,0.3975159075594051,36.11272937121399,0.4775569160339776,0.8512438790162307,0.0108529123813245,63,1.225839457618699,True,0.0071902831091286,0.0041488364981727,0.2542206424747474,0.9444444444444444
101,1a66612edf6d4664,"{'num_leaves': 8, 'max_depth': 5, 'min_child_samples': 238, 'min_child_weight': 0.007501044655828163, 'min_split_gain': 0.0, 'reg_alpha': 0.5184702882035833, 'reg_lambda': 32.53852274880423, 'subsample': 0.7533478063981751, 'colsample_bytree': 0.8761354513156439, 'learning_rate': 0.005699287218384317, 'max_bin': 127, 'path_smooth': 0.005917877397107181, 'extra_trees': True}",-0.0048270359128093,0.0084816914527986,0.0013864118974065,0.0116606769683684,,0.0059119816746749,10.9,8,5,238,0.0075010446558281,0.0,0.5184702882035833,32.53852274880423,0.7533478063981751,0.8761354513156439,0.0056992872183843,127,0.0059178773971071,True,0.0069576039370603,0.0042611360485018,0.2555213419694578,0.8888888888888888
102,616e5d667f77f16a,"{'num_leaves': 5, 'max_depth': -1, 'min_child_samples': 209, 'min_child_weight': 0.01206161798585392, 'min_split_gain': 0.002793665624399412, 'reg_alpha': 0.326642890871309, 'reg_lambda': 38.893195428601864, 'subsample': 0.8055936196061602, 'colsample_bytree': 0.5496697574611741, 'learning_rate': 0.00540013561920347, 'max_bin': 127, 'path_smooth': 0.005421667947797662, 'extra_trees': False}",-0.0046960763726553,0.0085067321435266,0.0014037352870932,0.0116513135437568,,0.0059697620635086,6.2,5,-1,209,0.0120616179858539,0.0027936656243994,0.326642890871309,38.89319542860186,0.8055936196061602,0.5496697574611741,0.0054001356192034,127,0.0054216679477976,False,0.0067320697429471,0.0040719867405835,0.2567865144252845,0.8541666666666666
103,a4b0c4d954163dfc,"{'num_leaves': 6, 'max_depth': 8, 'min_child_samples': 323, 'min_child_weight': 0.00752965804466455, 'min_split_gain': 0.0035126377830779877, 'reg_alpha': 0.8063689557793313, 'reg_lambda': 21.715281553516455, 'subsample': 0.7401775131557908, 'colsample_bytree': 0.8046464911187934, 'learning_rate': 0.008622479395125008, 'max_bin': 63, 'path_smooth': 0.003924243609218478, 'extra_trees': True}",-0.0046857740480644,0.0085510185167401,0.0014202171293559,0.0118364097481859,,0.0060246271772155,6.1,6,8,323,0.0075296580446645,0.0035126377830779,0.8063689557793313,21.71528155351645,0.7401775131557908,0.8046464911187934,0.008622479395125,63,0.0039242436092184,True,0.0068152599384626,0.0042589717807963,0.2558175654728924,0.9409722222222222
104,2c74a05893037643,"{'num_leaves': 6, 'max_depth': 5, 'min_child_samples': 224, 'min_child_weight': 0.008600281364285726, 'min_split_gain': 2.9982656192937e-05, 'reg_alpha': 0.4246314216526854, 'reg_lambda': 24.64506833490973, 'subsample': 0.7565713499418172, 'colsample_bytree': 0.7731056477017243, 'learning_rate': 0.007064568713664763, 'max_bin': 63, 'path_smooth': 0.04316506882516255, 'extra_trees': True}",-0.0052080527502091,0.008479258202321,0.0013921484248699,0.0116338064227268,,0.0058902498234703,10.5,6,5,224,0.0086002813642857,2.9982656192937e-05,0.4246314216526854,24.64506833490973,0.7565713499418172,0.7731056477017243,0.0070645687136647,63,0.0431650688251625,True,0.0073011354699394,0.0041861654394607,0.2558846087487073,0.8333333333333333
105,1f67cb13f192ee23,"{'num_leaves': 4, 'max_depth': 2, 'min_child_samples': 282, 'min_child_weight': 0.010463071404063181, 'min_split_gain': 1.3939247749776325e-05, 'reg_alpha': 0.3923325468362615, 'reg_lambda': 28.477990687843004, 'subsample': 0.7340887753670648, 'colsample_bytree': 0.8050142060019997, 'learning_rate': 0.008642061667089548, 'max_bin': 127, 'path_smooth': 0.01840164326918688, 'extra_trees': True}",-0.0050219494030082,0.0084794651815215,0.0013950927571685,0.0116882528841656,,0.0058931211947186,5.8,4,2,282,0.0104630714040631,1.3939247749776323e-05,0.3923325468362615,28.477990687843004,0.7340887753670648,0.8050142060019997,0.0086420616670895,127,0.0184016432691868,True,0.0071217811842075,0.0041996635623987,0.2572430218915693,0.9166666666666666
106,3aaf2d647220cd03,"{'num_leaves': 8, 'max_depth': 3, 'min_child_samples': 269, 'min_child_weight': 0.010695102726893661, 'min_split_gain': 0.00319190475532259, 'reg_alpha': 0.6539673462626611, 'reg_lambda': 40.48846265514395, 'subsample': 0.9124267514414314, 'colsample_bytree': 0.7132853453530044, 'learning_rate': 0.007763324626042436, 'max_bin': 127, 'path_smooth': 1.5830026542599966, 'extra_trees': False}",-0.0045156406353095,0.0085221621352279,0.0014240123465942,0.0116887276941705,,0.005993978606792,4.9,8,3,269,0.0106951027268936,0.0031919047553225,0.6539673462626611,40.48846265514395,0.9124267514414314,0.7132853453530044,0.0077633246260424,127,1.5830026542599966,False,0.0065639890637786,0.0040966968569382,0.2565147156826949,0.875
107,02ac163ab8497ef0,"{'num_leaves': 8, 'max_depth': 3, 'min_child_samples': 212, 'min_child_weight': 0.014865452759171435, 'min_split_gain': 2.9068786176483435e-05, 'reg_alpha': 0.3309342282282725, 'reg_lambda': 22.092222206586168, 'subsample': 0.6330756365533052, 'colsample_bytree': 0.5556057215925689, 'learning_rate': 0.00652005697156524, 'max_bin': 63, 'path_smooth': 0.0011448046222041568, 'extra_trees': True}",-0.005001215770866,0.0084780692787587,0.0013893704823253,0.0116549971870654,,0.0058860648896099,7.1,8,3,212,0.0148654527591714,2.9068786176483435e-05,0.3309342282282725,22.092222206586168,0.6330756365533052,0.5556057215925689,0.0065200569715652,63,0.0011448046222041,True,0.0071361318942004,0.0042698322466687,0.2561445418315811,0.8888888888888888
108,99551fd09f728cf8,"{'num_leaves': 8, 'max_depth': 5, 'min_child_samples': 328, 'min_child_weight': 0.0074617589816410096, 'min_split_gain': 4.115774728852202e-05, 'reg_alpha': 0.4470510819100635, 'reg_lambda': 40.272375213195716, 'subsample': 0.9293115664493574, 'colsample_bytree': 0.8369248760449858, 'learning_rate': 0.006503911561965542, 'max_bin': 127, 'path_smooth': 0.5631968234976636, 'extra_trees': False}",-0.0047388984196796,0.0084728787165655,0.0014064234949854,0.0114431939553134,,0.0058831615849806,10.9,8,5,328,0.007461758981641,4.115774728852202e-05,0.4470510819100635,40.27237521319572,0.9293115664493574,0.8369248760449858,0.0065039115619655,127,0.5631968234976636,False,0.0068731480073663,0.0042684991753732,0.2552075100854664,0.8333333333333333
109,0a3982a080f9539d,"{'num_leaves': 5, 'max_depth': 5, 'min_child_samples': 238, 'min_child_weight': 0.011192086006204246, 'min_split_gain': 1.1038513164049592e-05, 'reg_alpha': 0.3655871928498503, 'reg_lambda': 18.231364632365512, 'subsample': 0.8526766706114409, 'colsample_bytree': 0.9446081024912123, 'learning_rate': 0.00800123347729498, 'max_bin': 63, 'path_smooth': 9.147168036786404, 'extra_trees': True}",-0.0049612724229189,0.0084779813419329,0.0013970774650513,0.0116142777944127,,0.0058919210822925,7.8,5,5,238,0.0111920860062042,1.1038513164049592e-05,0.3655871928498503,18.231364632365512,0.8526766706114409,0.9446081024912124,0.0080012334772949,63,9.147168036786404,True,0.0071263343548742,0.0043301238639105,0.2563749973656422,0.8888888888888888
110,91f3703af0901a22,"{'num_leaves': 4, 'max_depth': 4, 'min_child_samples': 372, 'min_child_weight': 0.010257107521942244, 'min_split_gain': 2.0902447176652513e-05, 'reg_alpha': 0.48727563815902897, 'reg_lambda': 17.72652336737171, 'subsample': 0.5427321844050654, 'colsample_bytree': 0.9048028399959267, 'learning_rate': 0.00519428004317778, 'max_bin': 63, 'path_smooth': 0.008539041805325304, 'extra_trees': False}",-0.0048837393259623,0.0084906891603214,0.0014108398270836,0.0116469687910486,,0.0058975238695453,9.9,4,4,372,0.0102571075219422,2.090244717665252e-05,0.4872756381590289,17.72652336737171,0.5427321844050654,0.9048028399959268,0.0051942800431777,63,0.0085390418053253,False,0.0069431704694766,0.0041188622870285,0.2542970794811594,0.861111111111111
111,4e0faa64fb8e0acf,"{'num_leaves': 6, 'max_depth': 3, 'min_child_samples': 215, 'min_child_weight': 0.008481262418162185, 'min_split_gain': 0.0009400693721143439, 'reg_alpha': 0.7084584452308373, 'reg_lambda': 28.846184753211517, 'subsample': 0.775546392956864, 'colsample_bytree': 0.789542976995582, 'learning_rate': 0.00959059283540442, 'max_bin': 127, 'path_smooth': 0.029270729058805893, 'extra_trees': False}",-0.0045962475373207,0.0084915839866367,0.0014049948264129,0.011640956066897,,0.0059452336353992,5.9,6,3,215,0.0084812624181621,0.0009400693721143,0.7084584452308373,28.84618475321152,0.775546392956864,0.789542976995582,0.0095905928354044,127,0.0292707290588058,False,0.0066922343913521,0.0041919737080628,0.2569773359483386,0.8333333333333334
112,5b63120195e84558,"{'num_leaves': 6, 'max_depth': 8, 'min_child_samples': 380, 'min_child_weight': 0.015583417554448375, 'min_split_gain': 0.0008517066425145925, 'reg_alpha': 0.5048667352194596, 'reg_lambda': 37.86174680849523, 'subsample': 0.7447056496137583, 'colsample_bytree': 0.8771534947927242, 'learning_rate': 0.006687396256565064, 'max_bin': 63, 'path_smooth': 0.09891629341198045, 'extra_trees': True}",-0.0046652874788702,0.0085061118207285,0.0013975438615915,0.0118008578732014,,0.0059488917231671,6.2,6,8,380,0.0155834175544483,0.0008517066425145,0.5048667352194596,37.86174680849523,0.7447056496137583,0.8771534947927242,0.006687396256565,63,0.0989162934119804,True,0.0067615258855402,0.0041924768133398,0.2581262508008246,0.861111111111111
113,ae57f0aa07c2ff93,"{'num_leaves': 4, 'max_depth': 4, 'min_child_samples': 339, 'min_child_weight': 0.00793829436880724, 'min_split_gain': 0.046703635716643405, 'reg_alpha': 0.427672902329113, 'reg_lambda': 18.467123612481704, 'subsample': 0.4651128357273204, 'colsample_bytree': 0.9147071141015971, 'learning_rate': 0.007330945652239422, 'max_bin': 63, 'path_smooth': 0.24769016715311207, 'extra_trees': False}",-0.0048539058377809,0.0089941892562961,0.0015005106390149,0.012323725313608,,0.0066368812542188,2.3,4,4,339,0.0079382943688072,0.0467036357166434,0.427672902329113,18.467123612481704,0.4651128357273204,0.9147071141015972,0.0073309456522394,63,0.247690167153112,False,0.0069530769183521,0.0041983421611424,0.2013345784547923,1.0
114,be902d86d1709ac6,"{'num_leaves': 4, 'max_depth': 3, 'min_child_samples': 450, 'min_child_weight': 0.01231079264724511, 'min_split_gain': 0.0034283021596850254, 'reg_alpha': 0.48222901179181665, 'reg_lambda': 32.227072429573376, 'subsample': 0.8849482168908614, 'colsample_bytree': 0.8168014744159652, 'learning_rate': 0.011290722725329298, 'max_bin': 63, 'path_smooth': 1.3428289108463618, 'extra_trees': False}",-0.004744034420937,0.0085295869121265,0.0014297586499664,0.0117561412603922,,0.0059947743551449,3.2,4,3,450,0.0123107926472451,0.003428302159685,0.4822290117918166,32.227072429573376,0.8849482168908614,0.8168014744159652,0.0112907227253292,63,1.3428289108463618,False,0.0068900955050694,0.0042921221682646,0.2566557421969431,0.84375
115,c27ed5e30c06cc52,"{'num_leaves': 4, 'max_depth': 8, 'min_child_samples': 316, 'min_child_weight': 0.012733305339369118, 'min_split_gain': 0.0005759102367070502, 'reg_alpha': 0.7889700593149749, 'reg_lambda': 40.28391977267636, 'subsample': 0.588780574942267, 'colsample_bytree': 0.8230285466089737, 'learning_rate': 0.009427816612246419, 'max_bin': 127, 'path_smooth': 0.0031295298584419285, 'extra_trees': False}",-0.0047491538594874,0.0085012807543476,0.0014077419165513,0.0117203790247908,,0.0059386956671868,5.8,4,8,316,0.0127333053393691,0.000575910236707,0.7889700593149749,40.28391977267636,0.588780574942267,0.8230285466089737,0.0094278166122464,127,0.0031295298584419,False,0.0068419275494499,0.004185547379925,0.2554410717255931,0.8333333333333333
116,8861c23e2bc34d78,"{'num_leaves': 4, 'max_depth': 4, 'min_child_samples': 294, 'min_child_weight': 0.017602406014227606, 'min_split_gain': 0.08753075569972578, 'reg_alpha': 0.45146112080620066, 'reg_lambda': 33.28332248880679, 'subsample': 0.4908400896230509, 'colsample_bytree': 0.7380022001843658, 'learning_rate': 0.009852281224236476, 'max_bin': 127, 'path_smooth': 4.998119884635961, 'extra_trees': False}",-0.0035811989376769,0.0092755914971661,0.0015930742696134,0.0126921156745083,,0.0069168312287659,1.8,4,4,294,0.0176024060142276,0.0875307556997257,0.4514611208062006,33.28332248880679,0.4908400896230509,0.7380022001843658,0.0098522812242364,127,4.998119884635961,False,0.0060001200677984,0.0048378422602428,0.1779240780563549,0.75
117,93accec58498755a,"{'num_leaves': 4, 'max_depth': 6, 'min_child_samples': 219, 'min_child_weight': 0.013006175038544033, 'min_split_gain': 1.5660076860051427e-05, 'reg_alpha': 0.6104347767760161, 'reg_lambda': 32.62552565555694, 'subsample': 0.8667133485595696, 'colsample_bytree': 0.8257363389297923, 'learning_rate': 0.009842386606036315, 'max_bin': 63, 'path_smooth': 0.008672425979619789, 'extra_trees': False}",-0.0051829596152385,0.008475749714009,0.0014092194678413,0.01150685886402,,0.0058982702857258,7.4,4,6,219,0.013006175038544,1.5660076860051427e-05,0.6104347767760161,32.62552565555694,0.8667133485595696,0.8257363389297923,0.0098423866060363,63,0.0086724259796197,False,0.0072601079901073,0.0041542967497377,0.25468675880263,0.8055555555555555
118,60b7d11dc255ced0,"{'num_leaves': 4, 'max_depth': 2, 'min_child_samples': 305, 'min_child_weight': 0.013085166417614402, 'min_split_gain': 0.0, 'reg_alpha': 0.3139112523153063, 'reg_lambda': 22.776848354659226, 'subsample': 0.8981065352706988, 'colsample_bytree': 0.7941765376944385, 'learning_rate': 0.006124786081823485, 'max_bin': 127, 'path_smooth': 2.5770599315529257, 'extra_trees': True}",-0.0051090759008931,0.0084757521549867,0.0013967008471952,0.0116506466114596,,0.0058886870146537,9.6,4,2,305,0.0130851664176144,0.0,0.3139112523153063,22.776848354659226,0.8981065352706988,0.7941765376944385,0.0061247860818234,127,2.5770599315529257,True,0.0073065058929277,0.0043948599840691,0.2571349714692427,0.861111111111111
119,faf5161139e7005f,"{'num_leaves': 8, 'max_depth': 3, 'min_child_samples': 279, 'min_child_weight': 0.008860371934388494, 'min_split_gain': 0.002297634816357932, 'reg_alpha': 0.7395638222791401, 'reg_lambda': 18.393231090466163, 'subsample': 0.5178557472744377, 'colsample_bytree': 0.6399109209366554, 'learning_rate': 0.009227034479392602, 'max_bin': 63, 'path_smooth': 9.884927315513847, 'extra_trees': True}",-0.0046192866480006,0.008555303513349,0.0014100766461718,0.0118582829493909,,0.0060283552677519,4.3,8,3,279,0.0088603719343884,0.0022976348163579,0.7395638222791401,18.393231090466163,0.5178557472744377,0.6399109209366554,0.0092270344793926,63,9.884927315513847,True,0.0067629064497394,0.0042872396034776,0.2531499403214884,0.8819444444444444
120,a10f5a5805200ca3,"{'num_leaves': 4, 'max_depth': 6, 'min_child_samples': 323, 'min_child_weight': 0.01825326064034885, 'min_split_gain': 0.0, 'reg_alpha': 0.6142389556456125, 'reg_lambda': 27.649340608437793, 'subsample': 0.6630818072457563, 'colsample_bytree': 0.9100881255334621, 'learning_rate': 0.0076422426411083145, 'max_bin': 63, 'path_smooth': 0.003447209304093686, 'extra_trees': False}",-0.0049514491631482,0.0084827635814313,0.001406762736878,0.0116049986602694,,0.0058985884740946,8.2,4,6,323,0.0182532606403488,0.0,0.6142389556456125,27.6493406084378,0.6630818072457563,0.910088125533462,0.0076422426411083,63,0.0034472093040936,False,0.0070225347875159,0.0041421712487353,0.254148966855565,0.8888888888888888
121,0e43daf6a97d2675,"{'num_leaves': 3, 'max_depth': 3, 'min_child_samples': 294, 'min_child_weight': 0.012696215500674915, 'min_split_gain': 1.1767253893171574e-05, 'reg_alpha': 0.43937546543670725, 'reg_lambda': 23.214354388403304, 'subsample': 0.9307389624519883, 'colsample_bytree': 0.8331231185263799, 'learning_rate': 0.008062897809062858, 'max_bin': 127, 'path_smooth': 3.87246227034385, 'extra_trees': False}",-0.0049264926887425,0.0084803781193609,0.0014017381737952,0.0115684312143609,,0.0059052184746103,7.7,3,3,294,0.0126962155006749,1.1767253893171574e-05,0.4393754654367072,23.214354388403304,0.9307389624519884,0.8331231185263799,0.0080628978090628,127,3.87246227034385,False,0.007063004421941,0.0042730234663971,0.2556877889764478,0.9166666666666666
122,1dcc4f689bd27efe,"{'num_leaves': 4, 'max_depth': 4, 'min_child_samples': 377, 'min_child_weight': 0.012255216904778893, 'min_split_gain': 0.0013127082695582647, 'reg_alpha': 0.5965676896983263, 'reg_lambda': 20.302775205289006, 'subsample': 0.5946375824547518, 'colsample_bytree': 0.634605957806737, 'learning_rate': 0.005754958806245811, 'max_bin': 63, 'path_smooth': 3.142371021789716, 'extra_trees': False}",-0.0048498660615294,0.0085103819478306,0.0014057647492851,0.0117598531716547,,0.00595903457673,5.7,4,4,377,0.0122552169047788,0.0013127082695582,0.5965676896983263,20.30277520528901,0.5946375824547518,0.634605957806737,0.0057549588062458,63,3.142371021789716,False,0.0068113780469998,0.0039230239709407,0.2573673761455336,0.8333333333333333
123,fb8f6aa42d83404e,"{'num_leaves': 4, 'max_depth': 2, 'min_child_samples': 291, 'min_child_weight': 0.010929485518934124, 'min_split_gain': 0.013655148815699835, 'reg_alpha': 0.8392051997520383, 'reg_lambda': 29.546691410749194, 'subsample': 0.8631714933741816, 'colsample_bytree': 0.9046368259971718, 'learning_rate': 0.0101955373848432, 'max_bin': 63, 'path_smooth': 0.1772894672401568, 'extra_trees': False}",-0.0046737419614042,0.0086340929435923,0.0014346993371202,0.0118727523923285,,0.0061792386811661,3.3,4,2,291,0.0109294855189341,0.0136551488156998,0.8392051997520383,29.5466914107492,0.8631714933741816,0.9046368259971718,0.0101955373848432,63,0.1772894672401568,False,0.006739555351122,0.0041316267794355,0.2427967009851854,0.8875
124,39a2c43b37e16884,"{'num_leaves': 3, 'max_depth': 3, 'min_child_samples': 289, 'min_child_weight': 0.007036069280251015, 'min_split_gain': 0.0011244192114282776, 'reg_alpha': 0.8104000596492043, 'reg_lambda': 16.68277881934958, 'subsample': 0.5008147875906813, 'colsample_bytree': 0.5990281726734711, 'learning_rate': 0.0053053810872238, 'max_bin': 127, 'path_smooth': 0.0661410933308899, 'extra_trees': False}",-0.004821292912602,0.0085211412457037,0.0014048407762902,0.011766186577057,,0.005974096218036,6.0,3,3,289,0.007036069280251,0.0011244192114282,0.8104000596492043,16.68277881934958,0.5008147875906813,0.5990281726734711,0.0053053810872238,127,0.0661410933308899,False,0.0069652119443536,0.004287838063503,0.2591908629401948,0.8055555555555556
125,66671d5e7a5f5f75,"{'num_leaves': 4, 'max_depth': 4, 'min_child_samples': 220, 'min_child_weight': 0.009971303323344042, 'min_split_gain': 0.0, 'reg_alpha': 0.3297325776042866, 'reg_lambda': 30.25205210685464, 'subsample': 0.5785463754054532, 'colsample_bytree': 0.6250996565676723, 'learning_rate': 0.00714200345197034, 'max_bin': 63, 'path_smooth': 0.001015413260613644, 'extra_trees': False}",-0.005085659056335251,0.008469212404643505,0.0013994720605227365,0.011507089763224072,,0.005891282888081951,7.9,4,4,220,0.009971303323344042,0.0,0.3297325776042866,30.25205210685464,0.5785463754054532,0.6250996565676723,0.00714200345197034,63,0.001015413260613644,False,0.0071790431396314795,0.004186768166592457,0.2561605006525823,0.861111111111111
