trial_no,param_hash,params,objective_score,mean_top10_lift,std_top10_lift,mean_spearman_rho,mean_decile_monotonicity,mean_valid_rmse,std_valid_rmse,mean_train_rmse,mean_valid_mae,elapsed_s,p_num_leaves,p_max_depth,p_min_child_samples,p_min_child_weight,p_min_split_gain,p_reg_alpha,p_reg_lambda,p_subsample,p_colsample_bytree,p_learning_rate,p_max_bin,p_path_smooth,p_extra_trees
1,a72be943252f1685,"{'num_leaves': 18, 'max_depth': 5, 'min_child_samples': 283, 'min_child_weight': 0.08450201302139065, 'min_split_gain': 0.006158459876169438, 'reg_alpha': 1.1080485964481517, 'reg_lambda': 37.33607072503034, 'subsample': 0.5140568163377729, 'colsample_bytree': 0.6202315627373403, 'learning_rate': 0.011742701698247473, 'max_bin': 63, 'path_smooth': 5.094011902587738, 'extra_trees': True}",-0.0054739164623273,0.0055377015356039,0.0001275701465532,0.2814674145986218,0.9285714285714286,0.0073639475758098,0.0007634648568187,0.0066969373774794,0.0047564759767983,3.2,18,5,283,0.0845020130213906,0.0061584598761694,1.1080485964481517,37.33607072503034,0.5140568163377729,0.6202315627373403,0.0117427016982474,63,5.094011902587738,True
2,afc5d823207df39c,"{'num_leaves': 20, 'max_depth': 5, 'min_child_samples': 1547, 'min_child_weight': 0.0001554002697432927, 'min_split_gain': 8.108768226750889e-05, 'reg_alpha': 2.044206137953301, 'reg_lambda': 18.337021671045928, 'subsample': 0.8290438700426869, 'colsample_bytree': 0.562715580877921, 'learning_rate': 0.04673777448553254, 'max_bin': 63, 'path_smooth': 1.2987752032221334, 'extra_trees': True}",-0.0056891915538828,0.0056913504491893,4.317790613099504e-06,0.2832386367046813,0.9444444444444444,0.0072491919571427,0.00072654187652,0.0066108486307235,0.0047404247443011,4.4,20,5,1547,0.0001554002697432,8.108768226750889e-05,2.044206137953301,18.337021671045928,0.8290438700426869,0.562715580877921,0.0467377744855325,63,1.2987752032221334,True
3,047f637ffea19295,"{'num_leaves': 5, 'max_depth': 3, 'min_child_samples': 353, 'min_child_weight': 0.011198164932559403, 'min_split_gain': 0.0, 'reg_alpha': 0.95290284510031, 'reg_lambda': 86.10323423725237, 'subsample': 0.612912679069076, 'colsample_bytree': 0.5722758236209213, 'learning_rate': 0.014740961625414347, 'max_bin': 63, 'path_smooth': 0.00572644951569379, 'extra_trees': False}",-0.0057623336034568,0.0058106699553999,9.66727038862504e-05,0.2895082857294786,0.9444444444444444,0.0071809582402949,0.0007197845307854,0.0064992372727302,0.0047152746563963,14.7,5,3,353,0.0111981649325594,0.0,0.95290284510031,86.10323423725237,0.612912679069076,0.5722758236209213,0.0147409616254143,63,0.0057264495156937,False
4,b2ae0e6dcb53c652,"{'num_leaves': 9, 'max_depth': -1, 'min_child_samples': 1003, 'min_child_weight': 0.03147999017725312, 'min_split_gain': 0.004778108184926552, 'reg_alpha': 0.6324998225557302, 'reg_lambda': 4.214376026129216, 'subsample': 0.8661299006976004, 'colsample_bytree': 0.8328586144980811, 'learning_rate': 0.012202487834934933, 'max_bin': 127, 'path_smooth': 0.5370095583865401, 'extra_trees': False}",-0.0058534556026534,0.0059235861039457,0.0001402610025846,0.2847874071967984,0.9375,0.0072573347854399,0.0007313274059557,0.0066140922885328,0.0047229847677022,4.3,9,-1,1003,0.0314799901772531,0.0047781081849265,0.6324998225557302,4.214376026129216,0.8661299006976004,0.8328586144980811,0.0122024878349349,127,0.5370095583865401,False
5,7446396d5c6bdc91,"{'num_leaves': 4, 'max_depth': 6, 'min_child_samples': 3645, 'min_child_weight': 0.009875351660720863, 'min_split_gain': 0.0, 'reg_alpha': 0.6617005787654167, 'reg_lambda': 36.42990695707062, 'subsample': 0.6794578877691699, 'colsample_bytree': 0.6912447175717362, 'learning_rate': 0.00689869591812769, 'max_bin': 63, 'path_smooth': 0.0028715758625046375, 'extra_trees': False}",-0.0043512148156137,0.0047264982289592,0.0007505668266908,0.2809903796593745,1.0,0.0072787989875737,0.0007454266261986,0.0065969223552277,0.0047551486669277,18.3,4,6,3645,0.0098753516607208,0.0,0.6617005787654167,36.42990695707062,0.6794578877691699,0.6912447175717362,0.0068986959181276,63,0.0028715758625046,False
6,b145ac01729a64e2,"{'num_leaves': 32, 'max_depth': 5, 'min_child_samples': 283, 'min_child_weight': 0.08450201302139065, 'min_split_gain': 0.006158459876169438, 'reg_alpha': 1.1080485964481517, 'reg_lambda': 37.33607072503034, 'subsample': 0.5140568163377729, 'colsample_bytree': 0.6202315627373403, 'learning_rate': 0.011742701698247473, 'max_bin': 63, 'path_smooth': 5.094011902587738, 'extra_trees': True}",-0.0048899053566776,0.0051836091428619,0.0005874075723685,0.2746328973048677,0.9642857142857144,0.0064824703181916,0.0010659840936474,0.0068924527661741,0.0043039163899433,6.1,32,5,283,0.0845020130213906,0.0061584598761694,1.1080485964481517,37.33607072503034,0.5140568163377729,0.6202315627373403,0.0117427016982474,63,5.094011902587738,True
7,a3df8396f0d653eb,"{'num_leaves': 32, 'max_depth': 5, 'min_child_samples': 1547, 'min_child_weight': 0.0001554002697432927, 'min_split_gain': 8.108768226750889e-05, 'reg_alpha': 2.044206137953301, 'reg_lambda': 18.337021671045928, 'subsample': 0.8290438700426869, 'colsample_bytree': 0.562715580877921, 'learning_rate': 0.04673777448553254, 'max_bin': 63, 'path_smooth': 1.2987752032221334, 'extra_trees': True}",-0.0049110749229589,0.005229275900798,0.0006364019556781,0.2824491515003354,0.9365079365079364,0.0063804038803907,0.0010470644877253,0.0068065665587859,0.0042281937314857,7.2,32,5,1547,0.0001554002697432,8.108768226750889e-05,2.044206137953301,18.337021671045928,0.8290438700426869,0.562715580877921,0.0467377744855325,63,1.2987752032221334,True
8,7df73c969decbd38,"{'num_leaves': 13, 'max_depth': -1, 'min_child_samples': 1003, 'min_child_weight': 0.03147999017725312, 'min_split_gain': 0.004778108184926552, 'reg_alpha': 0.6324998225557302, 'reg_lambda': 4.214376026129216, 'subsample': 0.8661299006976004, 'colsample_bytree': 0.8328586144980811, 'learning_rate': 0.012202487834934933, 'max_bin': 127, 'path_smooth': 0.5370095583865401, 'extra_trees': False}",-0.0049237132433496,0.0053145277032741,0.0007816289198488,0.2811271246400326,0.96875,0.0063901273417434,0.0010437268747603,0.006806904905127,0.0042420401590108,8.6,13,-1,1003,0.0314799901772531,0.0047781081849265,0.6324998225557302,4.214376026129216,0.8661299006976004,0.8328586144980811,0.0122024878349349,127,0.5370095583865401,False
9,8cd28c52fb8cb91b,"{'num_leaves': 5, 'max_depth': 6, 'min_child_samples': 3645, 'min_child_weight': 0.009875351660720863, 'min_split_gain': 0.0, 'reg_alpha': 0.6617005787654167, 'reg_lambda': 36.42990695707062, 'subsample': 0.6794578877691699, 'colsample_bytree': 0.6912447175717362, 'learning_rate': 0.00689869591812769, 'max_bin': 63, 'path_smooth': 0.0028715758625046375, 'extra_trees': False}",-0.0043925926201021,0.0047309950322254,0.0006768048242466,0.2808523642044093,0.9722222222222222,0.0063990558484722,0.0010684663514979,0.0067942210532998,0.0042233777539517,35.5,5,6,3645,0.0098753516607208,0.0,0.6617005787654167,36.42990695707062,0.6794578877691699,0.6912447175717362,0.0068986959181276,63,0.0028715758625046,False
10,2b10339d936cd6cc,"{'num_leaves': 13, 'max_depth': 5, 'min_child_samples': 2079, 'min_child_weight': 0.0045786579640486645, 'min_split_gain': 0.011481415388655809, 'reg_alpha': 0.17251570726102333, 'reg_lambda': 4.054153574900173, 'subsample': 0.4654089172839697, 'colsample_bytree': 0.6120304335394173, 'learning_rate': 0.008195107921137312, 'max_bin': 63, 'path_smooth': 2.591864498494624, 'extra_trees': False}",-0.0043302706429244,0.0047115830840416,0.0007626248822345,0.2692617971946714,0.9583333333333334,0.00652519038737,0.0010834447486885,0.0069233941721513,0.0043327423942529,5.5,13,5,2079,0.0045786579640486,0.0114814153886558,0.1725157072610233,4.054153574900173,0.4654089172839697,0.6120304335394173,0.0081951079211373,63,2.591864498494624,False
11,40c9ae7ce6b36aff,"{'num_leaves': 6, 'max_depth': 6, 'min_child_samples': 2299, 'min_child_weight': 0.004689175173981012, 'min_split_gain': 0.00014940840554230074, 'reg_alpha': 1.366447141364937, 'reg_lambda': 21.312140994390624, 'subsample': 0.6531934307200352, 'colsample_bytree': 0.8384122307996207, 'learning_rate': 0.007344173433759004, 'max_bin': 63, 'path_smooth': 0.0012326741610799745, 'extra_trees': False}",-0.00455263025003,0.0049110798610624,0.0007168992220648,0.2810109337564951,0.9444444444444444,0.0063933645825314,0.0010551180824644,0.0068091034117385,0.0042352230984948,19.1,6,6,2299,0.004689175173981,0.0001494084055423,1.366447141364937,21.312140994390624,0.6531934307200352,0.8384122307996207,0.007344173433759,63,0.0012326741610799,False
12,eeb1b0bb9e047850,"{'num_leaves': 27, 'max_depth': -1, 'min_child_samples': 1270, 'min_child_weight': 0.0002863757952026767, 'min_split_gain': 4.416590318748443e-05, 'reg_alpha': 0.6099321139745849, 'reg_lambda': 7.803915372354436, 'subsample': 0.6405106130482412, 'colsample_bytree': 0.5309072534887259, 'learning_rate': 0.021342859108104982, 'max_bin': 127, 'path_smooth': 0.0022418145176583866, 'extra_trees': False}",-0.0047860061799254,0.0050917162714175,0.0006114201829841,0.2857694267091563,0.9722222222222222,0.0063416044886237,0.0010456025440376,0.006728445177335,0.004195216741755,12.5,27,-1,1270,0.0002863757952026,4.416590318748443e-05,0.6099321139745849,7.803915372354436,0.6405106130482412,0.5309072534887259,0.0213428591081049,127,0.0022418145176583,False
13,631a29538157634f,"{'num_leaves': 4, 'max_depth': 3, 'min_child_samples': 533, 'min_child_weight': 0.08082191418328016, 'min_split_gain': 0.006292576951965629, 'reg_alpha': 1.3031776284459848, 'reg_lambda': 27.150659192692217, 'subsample': 0.6746807510718943, 'colsample_bytree': 0.5133449371070954, 'learning_rate': 0.0062425347197348656, 'max_bin': 127, 'path_smooth': 4.077646622339472, 'extra_trees': False}",-0.0049632450164517,0.0053137044980632,0.0007009189632231,0.2753149786177724,0.9642857142857144,0.0064518191565753,0.0010598178775081,0.0068602036222807,0.0042822838190538,9.1,4,3,533,0.0808219141832801,0.0062925769519656,1.3031776284459848,27.150659192692217,0.6746807510718943,0.5133449371070954,0.0062425347197348,127,4.077646622339472,False
14,49babb4c4cb46664,"{'num_leaves': 6, 'max_depth': 4, 'min_child_samples': 384, 'min_child_weight': 0.03714008148792371, 'min_split_gain': 0.0020743320413499976, 'reg_alpha': 1.0816284932722808, 'reg_lambda': 27.474254184170306, 'subsample': 0.6660465198875518, 'colsample_bytree': 0.7263853044214659, 'learning_rate': 0.019189690630545233, 'max_bin': 63, 'path_smooth': 0.0021765932828029678, 'extra_trees': True}",-0.004966136118888,0.0053265295885038,0.0007207869392316,0.2807405189867199,0.9409722222222222,0.0063930301588354,0.001043592646465,0.00681396022087,0.0042404264524339,7.3,6,4,384,0.0371400814879237,0.0020743320413499,1.0816284932722808,27.474254184170302,0.6660465198875518,0.7263853044214659,0.0191896906305452,63,0.0021765932828029,True
15,a63d929fda1f7795,"{'num_leaves': 11, 'max_depth': 6, 'min_child_samples': 341, 'min_child_weight': 0.00020427202922274044, 'min_split_gain': 0.00020866271281712076, 'reg_alpha': 0.22417041133332874, 'reg_lambda': 2.19374395493986, 'subsample': 0.9125600591883986, 'colsample_bytree': 0.6986366838202369, 'learning_rate': 0.011113217365318616, 'max_bin': 63, 'path_smooth': 0.23102658895922132, 'extra_trees': False}",-0.0049345804441962,0.0052812187873694,0.0006932766863463,0.2885346443635647,0.9722222222222222,0.0063106140458466,0.0010353473249133,0.006681631891169,0.0041787518649865,14.9,11,6,341,0.0002042720292227,0.0002086627128171,0.2241704113333287,2.19374395493986,0.9125600591883986,0.6986366838202369,0.0111132173653186,63,0.2310265889592213,False
16,d9d7ec0f3e73841b,"{'num_leaves': 56, 'max_depth': -1, 'min_child_samples': 271, 'min_child_weight': 0.0028838654399998, 'min_split_gain': 0.013518886099402097, 'reg_alpha': 0.09179689200646007, 'reg_lambda': 75.10224336900762, 'subsample': 0.7358640261880376, 'colsample_bytree': 0.6340936406341722, 'learning_rate': 0.009245824964666104, 'max_bin': 127, 'path_smooth': 0.12097332285996083, 'extra_trees': False}",-0.0049460906236601,0.005314168956925,0.0007361566665297,0.2748357087978748,0.9583333333333334,0.0064528575548063,0.0010468941587622,0.0068631720972612,0.0042911111577896,9.7,56,-1,271,0.0028838654399998,0.013518886099402,0.09179689200646,75.10224336900762,0.7358640261880376,0.6340936406341722,0.0092458249646661,127,0.1209733228599608,False
17,9b98f2ca4e4b383c,"{'num_leaves': 4, 'max_depth': 2, 'min_child_samples': 336, 'min_child_weight': 0.004593126754499354, 'min_split_gain': 0.0384275846002364, 'reg_alpha': 0.0027183349224501083, 'reg_lambda': 22.10447406231447, 'subsample': 0.5906168919195042, 'colsample_bytree': 0.745653580815141, 'learning_rate': 0.026666414080456533, 'max_bin': 63, 'path_smooth': 1.1873806512263125, 'extra_trees': False}",-0.0045522699518823,0.0048814078769131,0.0006582758500615,0.24667403996511,1.0,0.0066729407902684,0.001106810576983,0.0070589618960331,0.0044506533738005,4.1,4,2,336,0.0045931267544993,0.0384275846002364,0.0027183349224501,22.10447406231447,0.5906168919195042,0.745653580815141,0.0266664140804565,63,1.1873806512263123,False
18,066bc9cce2095fe6,"{'num_leaves': 49, 'max_depth': -1, 'min_child_samples': 1549, 'min_child_weight': 0.0012964830748893104, 'min_split_gain': 1.4114003627068444e-05, 'reg_alpha': 2.085254046019695, 'reg_lambda': 41.352611767575176, 'subsample': 0.6085694464113577, 'colsample_bytree': 0.9217396370418469, 'learning_rate': 0.00976984879837264, 'max_bin': 127, 'path_smooth': 0.01056477767674024, 'extra_trees': True}",-0.0046732418003484,0.0050036779783939,0.0006608723560908,0.2821643903905889,0.9444444444444444,0.0063966196808885,0.0010536786154197,0.006818009462449,0.0042376213595317,30.4,49,-1,1549,0.0012964830748893,1.4114003627068444e-05,2.085254046019695,41.352611767575176,0.6085694464113577,0.9217396370418468,0.0097698487983726,127,0.0105647776767402,True
19,e5a562c347a76881,"{'num_leaves': 4, 'max_depth': 2, 'min_child_samples': 996, 'min_child_weight': 0.09486951758165588, 'min_split_gain': 0.0, 'reg_alpha': 3.6873050231087663, 'reg_lambda': 31.420713222214147, 'subsample': 0.8953962454392623, 'colsample_bytree': 0.8860679838187179, 'learning_rate': 0.016513090639353075, 'max_bin': 63, 'path_smooth': 0.018353386369238407, 'extra_trees': False}",-0.0045886128209833,0.0049212114779132,0.0006651973138598,0.2803438114746094,0.9166666666666666,0.0064007495127489,0.0010553932457973,0.0068114115167929,0.0042381227534647,42.7,4,2,996,0.0948695175816558,0.0,3.6873050231087663,31.420713222214147,0.8953962454392623,0.8860679838187179,0.016513090639353,63,0.0183533863692384,False
20,77192a2ebce01516,"{'num_leaves': 22, 'max_depth': 6, 'min_child_samples': 3144, 'min_child_weight': 0.0006128886062256177, 'min_split_gain': 2.3870783409459368e-05, 'reg_alpha': 5.587951166584242, 'reg_lambda': 3.033480098231497, 'subsample': 0.511378966205743, 'colsample_bytree': 0.8486676032749436, 'learning_rate': 0.0071163011916421555, 'max_bin': 127, 'path_smooth': 0.24976476203076983, 'extra_trees': False}",-0.0042294806418635,0.0046219004524442,0.0007848396211615,0.271103481930231,0.9642857142857144,0.0065518815623759,0.0011104135977808,0.0069494023566056,0.0043419058401987,26.5,22,6,3144,0.0006128886062256,2.3870783409459368e-05,5.587951166584242,3.033480098231497,0.511378966205743,0.8486676032749436,0.0071163011916421,127,0.2497647620307698,False
21,0f447ac0bb16977d,"{'num_leaves': 13, 'max_depth': -1, 'min_child_samples': 616, 'min_child_weight': 0.031503331360635344, 'min_split_gain': 0.012871209314627622, 'reg_alpha': 0.7575734914738604, 'reg_lambda': 16.897837283953894, 'subsample': 0.5570303935521577, 'colsample_bytree': 0.4251691892519099, 'learning_rate': 0.01760686349654028, 'max_bin': 63, 'path_smooth': 0.003071355011352014, 'extra_trees': False}",-0.0047273003239901,0.005017169075805,0.0005797375036298,0.2678077486184653,0.9226190476190476,0.0065127171265705,0.0010692484951718,0.0069145484592115,0.0043302086498625,4.5,13,-1,616,0.0315033313606353,0.0128712093146276,0.7575734914738604,16.897837283953894,0.5570303935521577,0.4251691892519099,0.0176068634965402,63,0.003071355011352,False
22,ae366d86ba1b4292,"{'num_leaves': 9, 'max_depth': 4, 'min_child_samples': 621, 'min_child_weight': 0.04255702881262534, 'min_split_gain': 6.296549278860482e-05, 'reg_alpha': 1.3903992118760458, 'reg_lambda': 18.8856172185166, 'subsample': 0.50820928898942, 'colsample_bytree': 0.8566844691419606, 'learning_rate': 0.012160235199069613, 'max_bin': 127, 'path_smooth': 0.09001941398429979, 'extra_trees': False}",-0.0049276148928156,0.0052659569799941,0.0006766841743569,0.2831177425298887,0.9722222222222222,0.0063606590164992,0.0010411732227423,0.0067766263129703,0.0042188652943046,20.6,9,4,621,0.0425570288126253,6.296549278860482e-05,1.3903992118760458,18.8856172185166,0.50820928898942,0.8566844691419606,0.0121602351990696,127,0.0900194139842997,False
23,b9931db4a4b52db4,"{'num_leaves': 8, 'max_depth': 3, 'min_child_samples': 285, 'min_child_weight': 0.03625712608274545, 'min_split_gain': 0.05003037029082277, 'reg_alpha': 1.2517993752935919, 'reg_lambda': 18.416376405662525, 'subsample': 0.5160106430767415, 'colsample_bytree': 0.5789427447907884, 'learning_rate': 0.021473614237786477, 'max_bin': 127, 'path_smooth': 0.2421978106069844, 'extra_trees': False}",-0.0020936598895133,0.0029935249671868,0.0017997301553469,0.1993692173069043,0.25,0.006841926350324,0.0011266613430422,0.0072210921194134,0.0045828869839567,3.4,8,3,285,0.0362571260827454,0.0500303702908227,1.251799375293592,18.416376405662525,0.5160106430767415,0.5789427447907884,0.0214736142377864,127,0.2421978106069844,False
24,8f6f3b17a3e456c6,"{'num_leaves': 10, 'max_depth': 8, 'min_child_samples': 283, 'min_child_weight': 0.023209969310054604, 'min_split_gain': 0.013773800774140987, 'reg_alpha': 1.5220156161410359, 'reg_lambda': 36.7507993117332, 'subsample': 0.5594257451520319, 'colsample_bytree': 0.6399348490919081, 'learning_rate': 0.014978395236105396, 'max_bin': 127, 'path_smooth': 0.25848100247744216, 'extra_trees': True}",-0.0045697231778272,0.0049122541779568,0.000685062000259,0.2635893743422006,0.9583333333333334,0.0065808654946487,0.0010943698126334,0.0069781691236894,0.0043763422748687,4.8,10,8,283,0.0232099693100546,0.0137738007741409,1.522015616141036,36.7507993117332,0.5594257451520319,0.6399348490919081,0.0149783952361053,127,0.2584810024774421,True
25,a6d834828d57613a,"{'num_leaves': 7, 'max_depth': -1, 'min_child_samples': 662, 'min_child_weight': 0.0327641451995626, 'min_split_gain': 0.004052510066533089, 'reg_alpha': 0.8508209838694188, 'reg_lambda': 20.989141867447497, 'subsample': 0.8008979889750965, 'colsample_bytree': 0.796053702755027, 'learning_rate': 0.00907815614634376, 'max_bin': 63, 'path_smooth': 0.0018460158595086213, 'extra_trees': False}",-0.0049065016179593,0.0052596816625718,0.0007063600892248,0.2806859772041453,0.9375,0.0063945025604361,0.0010468305823729,0.0068098704869634,0.0042445372699361,9.8,7,-1,662,0.0327641451995626,0.004052510066533,0.8508209838694188,20.989141867447497,0.8008979889750965,0.796053702755027,0.0090781561463437,63,0.0018460158595086,False
26,ed7b520520b490d0,"{'num_leaves': 6, 'max_depth': 5, 'min_child_samples': 269, 'min_child_weight': 0.0479578540224638, 'min_split_gain': 0.00017431657960054151, 'reg_alpha': 0.7741415757811942, 'reg_lambda': 22.15292267521063, 'subsample': 0.5229173218044701, 'colsample_bytree': 0.4158560794845303, 'learning_rate': 0.007559370111857691, 'max_bin': 127, 'path_smooth': 0.004995349553745401, 'extra_trees': False}",-0.0049568433550952,0.0053060631459722,0.0006984395817538,0.2842594575165257,0.9444444444444444,0.0063368150000681,0.00103245044596,0.0067516415423804,0.0042075002012618,15.2,6,5,269,0.0479578540224638,0.0001743165796005,0.7741415757811942,22.15292267521063,0.5229173218044701,0.4158560794845303,0.0075593701118576,127,0.0049953495537454,False
27,5a8078de7d724c19,"{'num_leaves': 4, 'max_depth': 4, 'min_child_samples': 320, 'min_child_weight': 0.03730856731551344, 'min_split_gain': 0.0003754238225290726, 'reg_alpha': 1.5737679494287948, 'reg_lambda': 38.572244081165124, 'subsample': 0.4702614013529572, 'colsample_bytree': 0.4447922313579119, 'learning_rate': 0.009378170702568042, 'max_bin': 127, 'path_smooth': 0.009943752434754663, 'extra_trees': True}",-0.0049182436028245,0.0052583798495511,0.0006802724934533,0.2815752658804382,0.9722222222222222,0.0064068548133314,0.0010560436685902,0.0068251361589492,0.0042477621215804,10.4,4,4,320,0.0373085673155134,0.000375423822529,1.5737679494287948,38.57224408116512,0.4702614013529572,0.4447922313579119,0.009378170702568,127,0.0099437524347546,True
28,1a88ee779e9c65f5,"{'num_leaves': 6, 'max_depth': 4, 'min_child_samples': 338, 'min_child_weight': 0.03803282865390832, 'min_split_gain': 0.0, 'reg_alpha': 0.7262504672049265, 'reg_lambda': 37.896542443795866, 'subsample': 0.47421664703292354, 'colsample_bytree': 0.8330225488605207, 'learning_rate': 0.008172321300516986, 'max_bin': 127, 'path_smooth': 4.079552962611262, 'extra_trees': True}",-0.0049287723022609,0.0052639753397188,0.0006704060749158,0.2867854782341773,0.9444444444444444,0.0063362159664759,0.0010390774424676,0.0067496642865385,0.0041948320635935,30.9,6,4,338,0.0380328286539083,0.0,0.7262504672049265,37.896542443795866,0.4742166470329235,0.8330225488605207,0.0081723213005169,127,4.079552962611262,True
29,1ebc23946ca07fc5,"{'num_leaves': 8, 'max_depth': 3, 'min_child_samples': 508, 'min_child_weight': 0.025770977571161317, 'min_split_gain': 0.0037147800453125926, 'reg_alpha': 1.1213527909863985, 'reg_lambda': 27.539578713715176, 'subsample': 0.8496685133208239, 'colsample_bytree': 0.5917089198365934, 'learning_rate': 0.010877858009805962, 'max_bin': 127, 'path_smooth': 0.3616205354819772, 'extra_trees': False}",-0.0049341042861822,0.0053014024590153,0.0007345963456663,0.2815855531957373,0.96875,0.0063933578201333,0.0010459425996816,0.006808705328155,0.0042418956718714,7.8,8,3,508,0.0257709775711613,0.0037147800453125,1.1213527909863985,27.539578713715176,0.8496685133208239,0.5917089198365934,0.0108778580098059,127,0.3616205354819772,False
30,19945c58aab86d55,"{'num_leaves': 4, 'max_depth': 2, 'min_child_samples': 282, 'min_child_weight': 0.030052615977811916, 'min_split_gain': 0.0004651119248429907, 'reg_alpha': 0.8900396747164964, 'reg_lambda': 22.98492236210251, 'subsample': 0.6284861040743258, 'colsample_bytree': 0.7245898350283226, 'learning_rate': 0.009771761465795734, 'max_bin': 127, 'path_smooth': 4.627986443771727, 'extra_trees': True}",-0.0049492216133719,0.0053496846305292,0.0008009260343146,0.2837308500080729,0.9722222222222222,0.0063552433434982,0.0010351687873076,0.0067826251820246,0.0042172529200614,15.9,4,2,282,0.0300526159778119,0.0004651119248429,0.8900396747164964,22.98492236210251,0.6284861040743258,0.7245898350283226,0.0097717614657957,127,4.627986443771727,True
31,81eece033ce0c398,"{'num_leaves': 6, 'max_depth': 6, 'min_child_samples': 429, 'min_child_weight': 0.0465175531841685, 'min_split_gain': 0.02478802668993824, 'reg_alpha': 1.0511035237933537, 'reg_lambda': 28.631325493257926, 'subsample': 0.5788822988319919, 'colsample_bytree': 0.7514381040040867, 'learning_rate': 0.008890869592616694, 'max_bin': 63, 'path_smooth': 0.6014402865348989, 'extra_trees': True}",-0.0045655775084436,0.0049035065761069,0.0006758581353265,0.2624602816017551,0.95,0.0066526702312445,0.0011179873851409,0.0070412133027018,0.0044282902794555,5.3,6,6,429,0.0465175531841685,0.0247880266899382,1.0511035237933537,28.63132549325793,0.5788822988319919,0.7514381040040867,0.0088908695926166,63,0.6014402865348989,True
32,7acd569e13c99490,"{'num_leaves': 4, 'max_depth': 8, 'min_child_samples': 462, 'min_child_weight': 0.02264481981586832, 'min_split_gain': 2.4009493199539677e-05, 'reg_alpha': 1.5731156352942568, 'reg_lambda': 17.44392963422852, 'subsample': 0.87887483121913, 'colsample_bytree': 0.7874859389952094, 'learning_rate': 0.013148428858241672, 'max_bin': 63, 'path_smooth': 1.5151629983760233, 'extra_trees': True}",-0.004953870914857,0.0053015325995414,0.0006953233693689,0.2840899914737197,0.9444444444444444,0.0063508452827192,0.0010374496284255,0.0067773175680774,0.0042117789463523,25.8,4,8,462,0.0226448198158683,2.400949319953968e-05,1.5731156352942568,17.44392963422852,0.87887483121913,0.7874859389952094,0.0131484288582416,63,1.5151629983760233,True
33,e5fd752bee512b74,"{'num_leaves': 9, 'max_depth': -1, 'min_child_samples': 475, 'min_child_weight': 0.024698171321836746, 'min_split_gain': 2.399920139642578e-05, 'reg_alpha': 1.1683091308986209, 'reg_lambda': 26.50358657811813, 'subsample': 0.669182470635825, 'colsample_bytree': 0.6354895375468097, 'learning_rate': 0.01650380730912851, 'max_bin': 63, 'path_smooth': 1.5739062720389252, 'extra_trees': True}",-0.0050072945368369,0.0053391906401273,0.0006637922065807,0.284732597740951,0.9722222222222222,0.006348034872266,0.0010384245470116,0.0067737437782012,0.0042092133990733,23.5,9,-1,475,0.0246981713218367,2.399920139642578e-05,1.1683091308986209,26.50358657811813,0.669182470635825,0.6354895375468097,0.0165038073091285,63,1.5739062720389252,True
34,063fb9cf469443e5,"{'num_leaves': 7, 'max_depth': 4, 'min_child_samples': 315, 'min_child_weight': 0.02084389549640014, 'min_split_gain': 3.0125506262009528e-05, 'reg_alpha': 1.2975316541392246, 'reg_lambda': 24.431868524891367, 'subsample': 0.8132980350916608, 'colsample_bytree': 0.7327573377693524, 'learning_rate': 0.011133293476501504, 'max_bin': 127, 'path_smooth': 1.122350716841757, 'extra_trees': True}",-0.0049212159959754,0.0053047091365681,0.0007669862811852,0.2842956317553138,0.9722222222222222,0.0063463310744058,0.0010367994176415,0.0067716475258756,0.0042093311438487,32.6,7,4,315,0.0208438954964001,3.0125506262009528e-05,1.2975316541392246,24.431868524891367,0.8132980350916608,0.7327573377693524,0.0111332934765015,127,1.122350716841757,True
35,c58c363c4d27ed53,"{'num_leaves': 5, 'max_depth': 6, 'min_child_samples': 325, 'min_child_weight': 0.048690287500640125, 'min_split_gain': 4.270184054562428e-05, 'reg_alpha': 1.0413359792219863, 'reg_lambda': 23.584739916570065, 'subsample': 0.7923557435849051, 'colsample_bytree': 0.6653340997820731, 'learning_rate': 0.02033700758054634, 'max_bin': 63, 'path_smooth': 1.3219224421947326, 'extra_trees': True}",-0.0049267539248825,0.0052852335097319,0.0007169591696988,0.2849245683155946,0.9444444444444444,0.0063387755791504,0.001035309353574,0.0067642721881476,0.0042032507818877,23.9,5,6,325,0.0486902875006401,4.270184054562428e-05,1.0413359792219865,23.584739916570065,0.7923557435849051,0.6653340997820731,0.0203370075805463,63,1.3219224421947326,True
36,c32fd6b7b9a03dcc,"{'num_leaves': 5, 'max_depth': 4, 'min_child_samples': 725, 'min_child_weight': 0.021495222233366792, 'min_split_gain': 0.007430891908717705, 'reg_alpha': 1.5732351843645371, 'reg_lambda': 30.397304915777383, 'subsample': 0.5072035142653345, 'colsample_bytree': 0.6854432786151909, 'learning_rate': 0.01583778654229379, 'max_bin': 127, 'path_smooth': 0.06565561101151537, 'extra_trees': False}",-0.0045982634717765,0.0049145224183769,0.0006325178932007,0.2708186935674299,0.9583333333333334,0.0065127052812519,0.0010743225154072,0.0069147054686324,0.0043261151848243,5.4,5,4,725,0.0214952222333667,0.0074308919087177,1.5732351843645371,30.397304915777383,0.5072035142653345,0.6854432786151909,0.0158377865422937,127,0.0656556110115153,False
37,3e2d2f0d90a72a9c,"{'num_leaves': 8, 'max_depth': 4, 'min_child_samples': 379, 'min_child_weight': 0.047836742082122206, 'min_split_gain': 0.0005878364451048434, 'reg_alpha': 1.4679905346787951, 'reg_lambda': 17.954997301772302, 'subsample': 0.9177911840737769, 'colsample_bytree': 0.8513476038197132, 'learning_rate': 0.010593183316360257, 'max_bin': 63, 'path_smooth': 2.226313494036409, 'extra_trees': False}",-0.0048925030833983,0.0052445023596581,0.0007039985525195,0.2830215463473219,0.9722222222222222,0.0063575257023602,0.0010393815187314,0.0067762719489785,0.004216263852543,14.7,8,4,379,0.0478367420821222,0.0005878364451048,1.4679905346787951,17.954997301772302,0.9177911840737768,0.8513476038197132,0.0105931833163602,63,2.226313494036409,False
38,086f38232ae2b542,"{'num_leaves': 10, 'max_depth': -1, 'min_child_samples': 281, 'min_child_weight': 0.045761971701962834, 'min_split_gain': 0.003985658294286041, 'reg_alpha': 0.6835922997856114, 'reg_lambda': 19.0949017909878, 'subsample': 0.5168791019674263, 'colsample_bytree': 0.798863549541132, 'learning_rate': 0.00937336294588204, 'max_bin': 63, 'path_smooth': 0.4217704580576872, 'extra_trees': True}",-0.0049610296405015,0.0053331922158787,0.0007443251507544,0.2796314023568727,0.9097222222222222,0.0064205034360151,0.0010502890394984,0.0068367267102118,0.0042619667704891,11.5,10,-1,281,0.0457619717019628,0.003985658294286,0.6835922997856114,19.0949017909878,0.5168791019674263,0.798863549541132,0.009373362945882,63,0.4217704580576872,True
39,8038eb507f5b2f29,"{'num_leaves': 5, 'max_depth': -1, 'min_child_samples': 470, 'min_child_weight': 0.04638238307857212, 'min_split_gain': 0.0, 'reg_alpha': 0.8429562042431259, 'reg_lambda': 34.50303391192202, 'subsample': 0.476762484807614, 'colsample_bytree': 0.8128454131092954, 'learning_rate': 0.019442534002537544, 'max_bin': 63, 'path_smooth': 1.225839457618699, 'extra_trees': True}",-0.0049481828889299,0.0052876378307333,0.0006789098836068,0.2865583672751714,0.9444444444444444,0.0063386509954962,0.0010420828661106,0.0067529637989988,0.0041947417728833,34.1,5,-1,470,0.0463823830785721,0.0,0.8429562042431259,34.50303391192202,0.476762484807614,0.8128454131092954,0.0194425340025375,63,1.225839457618699,True
40,bc10d19ae46a7c22,"{'num_leaves': 11, 'max_depth': 5, 'min_child_samples': 314, 'min_child_weight': 0.023579120139176613, 'min_split_gain': 0.0, 'reg_alpha': 1.0998105030105552, 'reg_lambda': 31.088144634693336, 'subsample': 0.744602670710478, 'colsample_bytree': 0.841835085551461, 'learning_rate': 0.008978929831116639, 'max_bin': 127, 'path_smooth': 0.005917877397107181, 'extra_trees': True}",-0.0049101049501388,0.005255009906523,0.0006898099127683,0.2863880921109402,0.8888888888888888,0.0063364826601791,0.0010385812127428,0.006754363453341,0.0041962133227939,46.5,11,5,314,0.0235791201391766,0.0,1.0998105030105552,31.088144634693336,0.744602670710478,0.841835085551461,0.0089789298311166,127,0.0059178773971071,True
41,c6159f890b71b75a,"{'num_leaves': 6, 'max_depth': -1, 'min_child_samples': 271, 'min_child_weight': 0.03854193507216341, 'min_split_gain': 0.002793665624399412, 'reg_alpha': 0.6927801710278736, 'reg_lambda': 35.72262094693116, 'subsample': 0.7818090916359812, 'colsample_bytree': 0.45004375257862034, 'learning_rate': 0.008426560790508984, 'max_bin': 127, 'path_smooth': 0.005421667947797662, 'extra_trees': False}",-0.00493549609872,0.005305587479219,0.000740182760998,0.2824257841351292,0.9444444444444444,0.0063689428693783,0.0010367131629906,0.0067856417083743,0.0042275926462766,10.3,6,-1,271,0.0385419350721634,0.0027936656243994,0.6927801710278736,35.72262094693116,0.7818090916359812,0.4500437525786203,0.0084265607905089,127,0.0054216679477976,False
42,1ec70d22676ae8dd,"{'num_leaves': 6, 'max_depth': 8, 'min_child_samples': 413, 'min_child_weight': 0.022075808394520724, 'min_split_gain': 0.0035126377830779877, 'reg_alpha': 1.6896006904041239, 'reg_lambda': 18.843746044246846, 'subsample': 0.719382911862197, 'colsample_bytree': 0.7597114941838343, 'learning_rate': 0.014166400616749834, 'max_bin': 63, 'path_smooth': 0.003924243609218478, 'extra_trees': True}",-0.004909519142226,0.0052822906570316,0.000745543029611,0.2790479646267034,0.96875,0.0064350759386094,0.0010567747630979,0.0068499922506125,0.004267240117003,9.6,6,8,413,0.0220758083945207,0.0035126377830779,1.689600690404124,18.84374604424685,0.719382911862197,0.7597114941838343,0.0141664006167498,63,0.0039242436092184,True
43,01a6614767d71e13,"{'num_leaves': 6, 'max_depth': 5, 'min_child_samples': 266, 'min_child_weight': 0.025214712595277914, 'min_split_gain': 2.9982656192937e-05, 'reg_alpha': 0.8897385471620255, 'reg_lambda': 21.38611041268977, 'subsample': 0.7347486199910525, 'colsample_bytree': 0.7215687084709588, 'learning_rate': 0.011172448010082955, 'max_bin': 63, 'path_smooth': 0.04316506882516255, 'extra_trees': True}",-0.0049300747418077,0.0052775474762757,0.0006949454689358,0.2858248802008462,0.9722222222222222,0.0063352029465971,0.0010361013759957,0.0067569596078994,0.0041977558474829,29.1,6,5,266,0.0252147125952779,2.9982656192937e-05,0.8897385471620255,21.38611041268977,0.7347486199910525,0.7215687084709588,0.0111724480100829,63,0.0431650688251625,True
44,fabe4ab09d05f62a,"{'num_leaves': 4, 'max_depth': 2, 'min_child_samples': 354, 'min_child_weight': 0.03067612873840382, 'min_split_gain': 1.3939247749776325e-05, 'reg_alpha': 0.8220620811994144, 'reg_lambda': 24.712183585998257, 'subsample': 0.7136760252464632, 'colsample_bytree': 0.7610149323751632, 'learning_rate': 0.014148213108747594, 'max_bin': 127, 'path_smooth': 0.01840164326918688, 'extra_trees': True}",-0.0049083544914734,0.0052505810517854,0.0006844531206238,0.2863736992038431,0.9722222222222222,0.0063303657577894,0.0010368389286694,0.0067503820930445,0.0041915743492357,24.3,4,2,354,0.0306761287384038,1.3939247749776323e-05,0.8220620811994144,24.712183585998257,0.7136760252464632,0.7610149323751632,0.0141482131087475,127,0.0184016432691868,True
45,d5046ee0ad7411b7,"{'num_leaves': 8, 'max_depth': 3, 'min_child_samples': 334, 'min_child_weight': 0.03188358677197333, 'min_split_gain': 0.00319190475532259, 'reg_alpha': 1.3704970141127308, 'reg_lambda': 33.82639240622473, 'subsample': 0.8792555014168062, 'colsample_bytree': 0.6448718084587998, 'learning_rate': 0.012452419813900448, 'max_bin': 127, 'path_smooth': 1.5830026542599966, 'extra_trees': False}",-0.004957881983634,0.005339431126709,0.00076309828615,0.278996293410473,0.96875,0.0063954648770442,0.0010472648710884,0.0068102602776408,0.004242385518433,7.4,8,3,334,0.0318835867719733,0.0031919047553225,1.3704970141127308,33.82639240622473,0.8792555014168062,0.6448718084587998,0.0124524198139004,127,1.5830026542599966,False
46,ec505e72ddc39cab,"{'num_leaves': 8, 'max_depth': 3, 'min_child_samples': 240, 'min_child_weight': 0.044600061179717286, 'min_split_gain': 2.9068786176483435e-05, 'reg_alpha': 0.7019976810478892, 'reg_lambda': 19.869874799793784, 'subsample': 0.6062440502408979, 'colsample_bytree': 0.45209797808892166, 'learning_rate': 0.010234068084883965, 'max_bin': 63, 'path_smooth': 0.0011448046222041568, 'extra_trees': True}",-0.0049574586106529,0.0053194539795166,0.0007239907377274,0.2861476370182663,0.9444444444444444,0.0063337399246337,0.0010369340922201,0.0067558193275723,0.0041950830447299,23.5,8,3,240,0.0446000611797172,2.9068786176483435e-05,0.7019976810478892,19.869874799793784,0.6062440502408979,0.4520979780889216,0.0102340680848839,63,0.0011448046222041,True
47,47671fb2b68e86b6,"{'num_leaves': 11, 'max_depth': 5, 'min_child_samples': 408, 'min_child_weight': 0.02359358467669501, 'min_split_gain': 4.115774728852202e-05, 'reg_alpha': 0.9565007230768138, 'reg_lambda': 38.477266932976455, 'subsample': 0.9154936168981405, 'colsample_bytree': 0.7961689572855478, 'learning_rate': 0.010204107173303023, 'max_bin': 127, 'path_smooth': 0.5631968234976636, 'extra_trees': False}",-0.0048785616601371,0.0052446051096017,0.0007320868989293,0.2858783584404245,0.9444444444444444,0.0063260156000224,0.0010358977864097,0.0067174664547739,0.0041941712501379,27.8,11,5,408,0.023593584676695,4.115774728852202e-05,0.9565007230768138,38.477266932976455,0.9154936168981403,0.7961689572855478,0.010204107173303,127,0.5631968234976636,False
48,ebf69648bb18c6a6,"{'num_leaves': 7, 'max_depth': 5, 'min_child_samples': 275, 'min_child_weight': 0.03538863015355129, 'min_split_gain': 1.1038513164049592e-05, 'reg_alpha': 0.7822023667059437, 'reg_lambda': 17.418716422817337, 'subsample': 0.841068008710834, 'colsample_bytree': 0.9215809410944308, 'learning_rate': 0.013037088035497054, 'max_bin': 63, 'path_smooth': 9.147168036786404, 'extra_trees': True}",-0.0049476262894021,0.005285830183917,0.0006764077890298,0.2870707160427355,0.9166666666666666,0.0063262697107056,0.0010354108231619,0.0067381711680049,0.004189021138095,30.2,7,5,275,0.0353886301535512,1.1038513164049592e-05,0.7822023667059437,17.418716422817337,0.841068008710834,0.9215809410944308,0.013037088035497,63,9.147168036786404,True
49,d164bf2c9b9a2c0a,"{'num_leaves': 6, 'max_depth': 4, 'min_child_samples': 476, 'min_child_weight': 0.03230045480572149, 'min_split_gain': 2.0902447176652513e-05, 'reg_alpha': 1.0617662966709038, 'reg_lambda': 17.155372511602042, 'subsample': 0.5346039251623245, 'colsample_bytree': 0.8741793981350593, 'learning_rate': 0.007818383990303365, 'max_bin': 63, 'path_smooth': 0.008539041805325304, 'extra_trees': False}",-0.0049039505315192,0.0052374965424551,0.0006670920218717,0.2851230376915405,1.0,0.0063397410490384,0.0010417233971643,0.0067429707194786,0.0042000116213834,33.6,6,4,476,0.0323004548057214,2.090244717665252e-05,1.0617662966709038,17.155372511602042,0.5346039251623245,0.8741793981350593,0.0078183839903033,63,0.0085390418053253,False
50,238fe17a4e209944,"{'num_leaves': 8, 'max_depth': 3, 'min_child_samples': 233, 'min_child_weight': 0.02467421596089508, 'min_split_gain': 0.0009400693721143439, 'reg_alpha': 1.525094162956336, 'reg_lambda': 26.37527852598249, 'subsample': 0.7525336557033885, 'colsample_bytree': 0.7423969940380313, 'learning_rate': 0.015871782877976935, 'max_bin': 127, 'path_smooth': 0.029270729058805893, 'extra_trees': False}",-0.004925840127538,0.0052958790664626,0.0007400778778492,0.2831072207843173,0.9722222222222222,0.0063705406984094,0.0010413942986551,0.0067878597214551,0.0042261990336946,9.9,8,3,233,0.024674215960895,0.0009400693721143,1.525094162956336,26.37527852598249,0.7525336557033885,0.7423969940380313,0.0158717828779769,127,0.0292707290588058,False
51,87e9dedb27508c26,"{'num_leaves': 8, 'max_depth': 8, 'min_child_samples': 462, 'min_child_weight': 0.04533624726949344, 'min_split_gain': 0.0008517066425145925, 'reg_alpha': 1.0868235337404164, 'reg_lambda': 34.61858564998312, 'subsample': 0.7236270692299257, 'colsample_bytree': 0.8478267060120936, 'learning_rate': 0.010404419288104571, 'max_bin': 63, 'path_smooth': 0.09891629341198045, 'extra_trees': True}",-0.004929117754756,0.0053037106734009,0.0007491858372897,0.2834667660940642,0.9409722222222222,0.0063678770363622,0.0010383036924102,0.0067923938504559,0.0042235621691179,14.6,8,8,462,0.0453362472694934,0.0008517066425145,1.0868235337404164,34.61858564998312,0.7236270692299257,0.8478267060120936,0.0104044192881045,63,0.0989162934119804,True
52,bab4f0ccda71d044,"{'num_leaves': 5, 'max_depth': 4, 'min_child_samples': 402, 'min_child_weight': 0.023094579551937826, 'min_split_gain': 0.046703635716643405, 'reg_alpha': 0.9206488417033484, 'reg_lambda': 16.885266908606532, 'subsample': 0.46156873418743477, 'colsample_bytree': 0.8930183949424747, 'learning_rate': 0.011586575924585169, 'max_bin': 63, 'path_smooth': 0.24769016715311207, 'extra_trees': False}",-0.0024215659837042,0.0034620449141859,0.0020809578609634,0.2029139683786859,0.5,0.0068377832456619,0.0011314267263052,0.0072161221494016,0.0045787995032207,6.0,5,4,402,0.0230945795519378,0.0467036357166434,0.9206488417033484,16.885266908606532,0.4615687341874347,0.8930183949424747,0.0115865759245851,63,0.247690167153112,False
53,d6bc8357ca8819dd,"{'num_leaves': 5, 'max_depth': 3, 'min_child_samples': 572, 'min_child_weight': 0.03596150517970389, 'min_split_gain': 0.0034283021596850254, 'reg_alpha': 1.057569809233655, 'reg_lambda': 29.85257242963962, 'subsample': 0.8709928110462749, 'colsample_bytree': 0.7719599365559879, 'learning_rate': 0.019391815108031042, 'max_bin': 63, 'path_smooth': 1.3428289108463618, 'extra_trees': False}",-0.004902998388891,0.0052819860999413,0.0007579754221005,0.2802031225845524,0.96875,0.0063868485710578,0.001043036938095,0.0068038756862858,0.004237517718656,8.6,5,3,572,0.0359615051797038,0.003428302159685,1.057569809233655,29.85257242963962,0.8709928110462749,0.7719599365559879,0.019391815108031,63,1.3428289108463618,False
54,a96a13adf665e995,"{'num_leaves': 5, 'max_depth': 8, 'min_child_samples': 389, 'min_child_weight': 0.040261862984020964, 'min_split_gain': 0.0005759102367070502, 'reg_alpha': 1.627318271880178, 'reg_lambda': 40.17204681423274, 'subsample': 0.5789147843681121, 'colsample_bytree': 0.7830471329360712, 'learning_rate': 0.015828503461603454, 'max_bin': 127, 'path_smooth': 0.0031295298584419285, 'extra_trees': False}",-0.0048995302849876,0.0052488769425845,0.0006986933151937,0.2813469892173152,0.9722222222222222,0.0063807977172374,0.0010436496656087,0.0067963606436358,0.0042353410608332,15.4,5,8,389,0.0402618629840209,0.000575910236707,1.627318271880178,40.17204681423274,0.5789147843681121,0.7830471329360712,0.0158285034616034,127,0.0031295298584419,False
55,b874b5addfb8b971,"{'num_leaves': 4, 'max_depth': 4, 'min_child_samples': 356, 'min_child_weight': 0.055657634859563605, 'min_split_gain': 0.08753075569972578, 'reg_alpha': 0.9311772002721047, 'reg_lambda': 33.190890973336906, 'subsample': 0.4879368031118201, 'colsample_bytree': 0.6778227659163945, 'learning_rate': 0.016674632963200816, 'max_bin': 127, 'path_smooth': 4.998119884635961, 'extra_trees': False}",-0.0,0.0,0.0,,0.0,0.0068549449108596,0.0011183220577751,0.0072362581200567,0.0045943896612811,3.6,4,4,356,0.0556576348595636,0.0875307556997257,0.9311772002721048,33.190890973336906,0.4879368031118201,0.6778227659163945,0.0166746329632008,127,4.998119884635961,False
56,e1c05c55de5ce726,"{'num_leaves': 4, 'max_depth': 6, 'min_child_samples': 249, 'min_child_weight': 0.041124658789812536, 'min_split_gain': 1.5660076860051427e-05, 'reg_alpha': 1.2590739715791066, 'reg_lambda': 32.53492091558968, 'subsample': 0.8370895584286104, 'colsample_bytree': 0.7863981617049188, 'learning_rate': 0.016654832015724985, 'max_bin': 63, 'path_smooth': 0.008672425979619789, 'extra_trees': False}",-0.0049148519019876,0.0052703719787343,0.0007110401534934,0.2850233285338953,0.9722222222222222,0.0063324463210592,0.0010378885936623,0.0067392775305562,0.0041962687876829,32.7,4,6,249,0.0411246587898125,1.5660076860051427e-05,1.2590739715791066,32.53492091558968,0.8370895584286104,0.7863981617049188,0.0166548320157249,63,0.0086724259796197,False
57,946bcd4cf0cd49ab,"{'num_leaves': 4, 'max_depth': 2, 'min_child_samples': 374, 'min_child_weight': 0.04120623924369919, 'min_split_gain': 0.0, 'reg_alpha': 0.6355437167469731, 'reg_lambda': 22.41989819892536, 'subsample': 0.8505873102779716, 'colsample_bytree': 0.7463728995278548, 'learning_rate': 0.009482871362368896, 'max_bin': 127, 'path_smooth': 2.5770599315529257, 'extra_trees': True}",-0.0049308398195465,0.0052950492736704,0.0007284189082478,0.2876480098032826,0.8888888888888888,0.0063205647362919,0.0010354208362488,0.0067246888666219,0.0041839143880866,42.2,4,2,374,0.0412062392436991,0.0,0.6355437167469731,22.41989819892536,0.8505873102779716,0.7463728995278548,0.0094828713623688,127,2.5770599315529257,True
58,6bbd5637c6840189,"{'num_leaves': 8, 'max_depth': 3, 'min_child_samples': 318, 'min_child_weight': 0.02825345178482606, 'min_split_gain': 0.002297634816357932, 'reg_alpha': 1.4025825772169809, 'reg_lambda': 16.817703871559484, 'subsample': 0.489526146941553, 'colsample_bytree': 0.5534026962934379, 'learning_rate': 0.015480081209330677, 'max_bin': 63, 'path_smooth': 9.884927315513847, 'extra_trees': True}",-0.0049272395389583,0.0052503385671232,0.0006461980563298,0.2789465163723893,0.9270833333333334,0.0064389645238764,0.0010570563913543,0.0068554893790602,0.0042721280966771,6.8,8,3,318,0.028253451784826,0.0022976348163579,1.4025825772169809,16.817703871559484,0.489526146941553,0.5534026962934379,0.0154800812093306,63,9.884927315513847,True
59,c560a7f4ad2f91bb,"{'num_leaves': 6, 'max_depth': 6, 'min_child_samples': 380, 'min_child_weight': 0.058204962865766194, 'min_split_gain': 0.0, 'reg_alpha': 1.1649040035267146, 'reg_lambda': 25.280953645910294, 'subsample': 0.6328622502676375, 'colsample_bytree': 0.8944854288111653, 'learning_rate': 0.012414083108605941, 'max_bin': 63, 'path_smooth': 0.003447209304093686, 'extra_trees': False}",-0.0048898400514773,0.0052607363281105,0.0007417925532663,0.2866925316507072,0.9722222222222222,0.006327610514243,0.0010393487248188,0.0067042280624205,0.0041859178899208,31.9,6,6,380,0.0582049628657661,0.0,1.1649040035267146,25.28095364591029,0.6328622502676375,0.8944854288111653,0.0124140831086059,63,0.0034472093040936,False
60,43cfc2d9dbcd3233,"{'num_leaves': 5, 'max_depth': 3, 'min_child_samples': 337, 'min_child_weight': 0.04048497231881009, 'min_split_gain': 1.1767253893171574e-05, 'reg_alpha': 0.8146881601650735, 'reg_lambda': 21.2258594345595, 'subsample': 0.8970361434530838, 'colsample_bytree': 0.7973216620255943, 'learning_rate': 0.012971720003529466, 'max_bin': 127, 'path_smooth': 3.87246227034385, 'extra_trees': False}",-0.0049222980951223,0.00526949825317,0.0006944003160954,0.286781328415751,0.9722222222222222,0.0063165715874763,0.0010347089175404,0.0066977240387614,0.0041829440812757,27.5,5,3,337,0.04048497231881,1.1767253893171574e-05,0.8146881601650735,21.2258594345595,0.8970361434530838,0.7973216620255943,0.0129717200035294,127,3.87246227034385,False
61,abca8407d13fd069,"{'num_leaves': 5, 'max_depth': 4, 'min_child_samples': 450, 'min_child_weight': 0.038750179211842574, 'min_split_gain': 0.0013127082695582647, 'reg_alpha': 1.110929310927289, 'reg_lambda': 18.80686086715091, 'subsample': 0.5624906093191899, 'colsample_bytree': 0.5418416057743469, 'learning_rate': 0.008822952200913784, 'max_bin': 63, 'path_smooth': 3.142371021789716, 'extra_trees': False}",-0.0049277247022387,0.005305620172154,0.0007557909398305,0.2816960357231022,0.96875,0.0063802322185144,0.0010417957638419,0.0067973240513636,0.0042348110418684,15.9,5,4,450,0.0387501792118425,0.0013127082695582,1.110929310927289,18.80686086715091,0.5624906093191899,0.5418416057743469,0.0088229522009137,63,3.142371021789716,False
62,91684f2353a473f0,"{'num_leaves': 4, 'max_depth': 2, 'min_child_samples': 323, 'min_child_weight': 0.032846902726915074, 'min_split_gain': 0.013655148815699835, 'reg_alpha': 1.5112211886714375, 'reg_lambda': 29.46463693841894, 'subsample': 0.8309367443993365, 'colsample_bytree': 0.8826699089751591, 'learning_rate': 0.01643508911877469, 'max_bin': 63, 'path_smooth': 0.1772894672401568, 'extra_trees': False}",-0.0045843224054152,0.0049167019306125,0.0006647590503946,0.2712067864149091,0.9583333333333334,0.0065110932774649,0.0010708112428191,0.00691325037181,0.0043250618181787,6.4,4,2,323,0.032846902726915,0.0136551488156998,1.5112211886714375,29.46463693841894,0.8309367443993365,0.8826699089751591,0.0164350891187746,63,0.1772894672401568,False
63,898c89eed4aaf818,"{'num_leaves': 5, 'max_depth': 3, 'min_child_samples': 321, 'min_child_weight': 0.021145833701674485, 'min_split_gain': 0.0011244192114282776, 'reg_alpha': 1.4593495629011082, 'reg_lambda': 16.636448873502374, 'subsample': 0.46920917948155383, 'colsample_bytree': 0.4952237583815043, 'learning_rate': 0.007983358816979775, 'max_bin': 127, 'path_smooth': 0.0661410933308899, 'extra_trees': False}",-0.0049543225101062,0.005299238964465,0.0006898329087175,0.2799964756079347,0.96875,0.0064048909032464,0.0010484300543365,0.0068187503573064,0.004251582440019,12.6,5,3,321,0.0211458337016744,0.0011244192114282,1.4593495629011082,16.636448873502374,0.4692091794815538,0.4952237583815043,0.0079833588169797,127,0.0661410933308899,False
64,65b10eed6b4add26,"{'num_leaves': 5, 'max_depth': 4, 'min_child_samples': 233, 'min_child_weight': 0.029967232195426154, 'min_split_gain': 0.0, 'reg_alpha': 0.655502450173302, 'reg_lambda': 27.51588779271361, 'subsample': 0.5425933141120994, 'colsample_bytree': 0.5282768017597408, 'learning_rate': 0.011089010474434623, 'max_bin': 63, 'path_smooth': 0.001015413260613644, 'extra_trees': False}",-0.0049645630202563,0.0053110700025438,0.000693013964575,0.2879573851515613,0.9722222222222222,0.0063194280809082,0.001037287465896,0.0066656244405607,0.0041807232717149,33.4,5,4,233,0.0299672321954261,0.0,0.655502450173302,27.51588779271361,0.5425933141120994,0.5282768017597408,0.0110890104744346,63,0.0010154132606136,False
65,7b0670afbc5732b1,"{'num_leaves': 4, 'max_depth': 3, 'min_child_samples': 346, 'min_child_weight': 0.0313509329634362, 'min_split_gain': 0.0, 'reg_alpha': 0.860890872430368, 'reg_lambda': 23.10202646852144, 'subsample': 0.7783900096297802, 'colsample_bytree': 0.8360984364549271, 'learning_rate': 0.009421259758519769, 'max_bin': 127, 'path_smooth': 0.01949672939211932, 'extra_trees': True}",-0.0048610418312187145,0.005225131495409267,0.0007281793283811043,0.2870173799670953,0.9444444444444444,0.006327410155924541,0.0010361007001829107,0.006741493493509197,0.004189553202425897,43.0,4,3,346,0.0313509329634362,0.0,0.860890872430368,23.10202646852144,0.7783900096297802,0.8360984364549271,0.009421259758519769,127,0.01949672939211932,True
