trial_no,param_hash,params,objective_score,mean_top10_lift,std_top10_lift,mean_spearman_rho,mean_decile_monotonicity,mean_valid_rmse,std_valid_rmse,mean_train_rmse,mean_valid_mae,elapsed_s,p_num_leaves,p_max_depth,p_min_child_samples,p_min_child_weight,p_min_split_gain,p_reg_alpha,p_reg_lambda,p_subsample,p_colsample_bytree,p_learning_rate,p_max_bin,p_path_smooth,p_extra_trees,valid_top10_lift,train_top10_lift,train_valid_gap,spearman_rho,decile_monotonicity,valid_rmse,train_rmse,valid_mae,best_iteration
1,76e9d63d7297e807,"{'num_leaves': 6, 'max_depth': -1, 'min_child_samples': 7159, 'min_child_weight': 0.03142880890840111, 'min_split_gain': 1.2087541473056957e-05, 'reg_alpha': 0.0070689749506246055, 'reg_lambda': 2.310201887845293, 'subsample': 0.5417022549267169, 'colsample_bytree': 0.5325453457757225, 'learning_rate': 0.016738881542579662, 'max_bin': 63, 'path_smooth': 0.2801635158716261, 'extra_trees': True}",-0.0051269087355334,0.0055332297410962,0.0008126420111255,0.2813252194808993,0.9444444444444444,0.0072043021088843,0.0008608275587614,0.0093875261566449,0.0048519139269056,7.0,6,-1,7159,0.0314288089084011,1.2087541473056955e-05,0.0070689749506246,2.310201887845293,0.5417022549267169,0.5325453457757225,0.0167388815425796,63,0.2801635158716261,True,,,,,,,,,
2,21b44f50633640bd,"{'num_leaves': 4, 'max_depth': 2, 'min_child_samples': 6625, 'min_child_weight': 0.07886714129990492, 'min_split_gain': 0.0, 'reg_alpha': 1.7123375973163988, 'reg_lambda': 4.066563313514794, 'subsample': 0.49883605700319195, 'colsample_bytree': 0.760539815907294, 'learning_rate': 0.013775979824755383, 'max_bin': 127, 'path_smooth': 0.0013726318898045872, 'extra_trees': False}",-0.0053284061515579,0.0057847819529984,0.000912751602881,0.278705986902249,1.0,0.007187353672583,0.0008527536778441,0.009387363586589,0.0048521751743027,2.7,4,2,6625,0.0788671412999049,0.0,1.7123375973163988,4.066563313514794,0.4988360570031919,0.760539815907294,0.0137759798247553,127,0.0013726318898045,False,,,,,,,,,
3,5295d65f46ed5697,"{'num_leaves': 13, 'max_depth': 5, 'min_child_samples': 5996, 'min_child_weight': 0.00018427970406864567, 'min_split_gain': 0.0, 'reg_alpha': 0.006080390190296602, 'reg_lambda': 1.231557172366602, 'subsample': 0.6126651653816322, 'colsample_bytree': 0.5832063738136892, 'learning_rate': 0.009339401285535344, 'max_bin': 63, 'path_smooth': 0.013296521457299506, 'extra_trees': False}",-0.006132664551821,0.0063055859931145,0.0003458428825869,0.2902406790063954,1.0,0.0071368755494451,0.0008755391251678,0.009277447371405,0.004785132009228,5.5,13,5,5996,0.0001842797040686,0.0,0.0060803901902966,1.231557172366602,0.6126651653816322,0.5832063738136892,0.0093394012855353,63,0.0132965214572995,False,,,,,,,,,
4,7b488e351d1783e8,"{'num_leaves': 4, 'max_depth': 2, 'min_child_samples': 749, 'min_child_weight': 0.00022264204303769702, 'min_split_gain': 1.97778285124627e-05, 'reg_alpha': 2.8340904295147746, 'reg_lambda': 17.643967683381547, 'subsample': 0.6154490124263245, 'colsample_bytree': 0.38813501017161417, 'learning_rate': 0.010231806681740804, 'max_bin': 127, 'path_smooth': 0.35500125258511606, 'extra_trees': False}",-0.0064308061162298,0.0065177685686548,0.00017392490485,0.2913654541032154,0.8888888888888888,0.0070657597814586,0.0008688529373997,0.0090236937996237,0.0047247799260105,7.1,4,2,749,0.0002226420430376,1.97778285124627e-05,2.834090429514774,17.643967683381547,0.6154490124263245,0.3881350101716141,0.0102318066817408,127,0.355001252585116,False,,,,,,,,,
5,9b93aba18fa5050e,"{'num_leaves': 3, 'max_depth': 4, 'min_child_samples': 2090, 'min_child_weight': 0.0008771380343280567, 'min_split_gain': 1.3357240411974104e-05, 'reg_alpha': 0.1082138291061399, 'reg_lambda': 65.33305220227733, 'subsample': 0.5746461145744375, 'colsample_bytree': 0.5962297538213778, 'learning_rate': 0.028478764407599208, 'max_bin': 63, 'path_smooth': 0.014421346497969485, 'extra_trees': True}",-0.0062511505107386,0.0064052691314082,0.0003082372413392,0.2919123762618205,0.8888888888888888,0.0070902492443976,0.0008858417133597,0.0091557406381554,0.0047422084511196,3.3,3,4,2090,0.000877138034328,1.3357240411974104e-05,0.1082138291061399,65.33305220227733,0.5746461145744375,0.5962297538213778,0.0284787644075992,63,0.0144213464979694,True,,,,,,,,,
6,d69cb2468fe33da2,"{'num_leaves': 6, 'max_depth': -1, 'min_child_samples': 7159, 'min_child_weight': 0.03142880890840111, 'min_split_gain': 1.2087541473056957e-05, 'reg_alpha': 0.0070689749506246055, 'reg_lambda': 2.310201887845293, 'subsample': 0.5417022549267169, 'colsample_bytree': 0.5325453457757225, 'learning_rate': 0.016738881542579662, 'max_bin': 63, 'path_smooth': 0.2801635158716261, 'extra_trees': True}",-0.0048513517681346,0.0050029206768152,0.0003031378173613,0.2652989007271774,0.9444444444444444,0.0072804552018792,0.000838102881263,0.0094231629035624,0.0049577379210209,9.3,6,-1,7159,0.0314288089084011,1.2087541473056955e-05,0.0070689749506246,2.310201887845293,0.5417022549267169,0.5325453457757225,0.0167388815425796,63,0.2801635158716261,True,,,,,,,,,
7,608d82548d25ddef,"{'num_leaves': 4, 'max_depth': 2, 'min_child_samples': 6625, 'min_child_weight': 0.07886714129990492, 'min_split_gain': 0.0, 'reg_alpha': 1.7123375973163988, 'reg_lambda': 4.066563313514794, 'subsample': 0.49883605700319195, 'colsample_bytree': 0.760539815907294, 'learning_rate': 0.013775979824755383, 'max_bin': 127, 'path_smooth': 0.0013726318898045872, 'extra_trees': False}",-0.0048975182456414,0.0050099112087552,0.0002247859262274,0.2663977079685582,0.8888888888888888,0.007272841242569,0.0008387966672161,0.0094088281855225,0.004939321554014,11.4,4,2,6625,0.0788671412999049,0.0,1.7123375973163988,4.066563313514794,0.4988360570031919,0.760539815907294,0.0137759798247553,127,0.0013726318898045,False,,,,,,,,,
8,b0a43d976bb4fdae,"{'num_leaves': 13, 'max_depth': 5, 'min_child_samples': 5996, 'min_child_weight': 0.00018427970406864567, 'min_split_gain': 0.0, 'reg_alpha': 0.006080390190296602, 'reg_lambda': 1.231557172366602, 'subsample': 0.6126651653816322, 'colsample_bytree': 0.5832063738136892, 'learning_rate': 0.009339401285535344, 'max_bin': 63, 'path_smooth': 0.013296521457299506, 'extra_trees': False}",-0.0052668293621429,0.0054088436915793,0.0002840286588727,0.2774407038328732,0.9444444444444444,0.0072039868001976,0.0008676528852953,0.0092925028735896,0.0048509106621852,14.0,13,5,5996,0.0001842797040686,0.0,0.0060803901902966,1.231557172366602,0.6126651653816322,0.5832063738136892,0.0093394012855353,63,0.0132965214572995,False,,,,,,,,,
9,18ea434d5c595308,"{'num_leaves': 4, 'max_depth': 2, 'min_child_samples': 749, 'min_child_weight': 0.00022264204303769702, 'min_split_gain': 1.97778285124627e-05, 'reg_alpha': 2.8340904295147746, 'reg_lambda': 17.643967683381547, 'subsample': 0.6154490124263245, 'colsample_bytree': 0.38813501017161417, 'learning_rate': 0.010231806681740804, 'max_bin': 127, 'path_smooth': 0.35500125258511606, 'extra_trees': False}",-0.0062251904145116,0.0063777557253043,0.0003051306215854,0.2836413148822967,1.0,0.0071014546229007,0.0008616948287782,0.0090314192623953,0.0047831189926333,11.9,4,2,749,0.0002226420430376,1.97778285124627e-05,2.834090429514774,17.643967683381547,0.6154490124263245,0.3881350101716141,0.0102318066817408,127,0.355001252585116,False,,,,,,,,,
10,4cb80e1ce9d078f5,"{'num_leaves': 3, 'max_depth': 4, 'min_child_samples': 2090, 'min_child_weight': 0.0008771380343280567, 'min_split_gain': 1.3357240411974104e-05, 'reg_alpha': 0.1082138291061399, 'reg_lambda': 65.33305220227733, 'subsample': 0.5746461145744375, 'colsample_bytree': 0.5962297538213778, 'learning_rate': 0.028478764407599208, 'max_bin': 63, 'path_smooth': 0.014421346497969485, 'extra_trees': True}",-0.0058404867480817,0.0060611238196614,0.0004412741431595,0.2817964962337079,0.8888888888888888,0.0071430401201374,0.0008784003799353,0.0091991465458909,0.0047847416727631,4.5,3,4,2090,0.000877138034328,1.3357240411974104e-05,0.1082138291061399,65.33305220227733,0.5746461145744375,0.5962297538213778,0.0284787644075992,63,0.0144213464979694,True,,,,,,,,,
21,41acf44ffaa5aa82,"{'num_leaves': 20, 'max_depth': 5, 'min_child_samples': 834, 'min_child_weight': 0.001039739542263581, 'min_split_gain': 0.0, 'reg_alpha': 0.6203654961377151, 'reg_lambda': 41.22678737039445, 'subsample': 0.6036163317682706, 'colsample_bytree': 0.4018690408437116, 'learning_rate': 0.005670358267979427, 'max_bin': 127, 'path_smooth': 0.0030799792458812768, 'extra_trees': False}",-0.0039944799593162,,,,,,,,,29.0,20,5,834,0.0010397395422635,0.0,0.6203654961377151,41.22678737039445,0.6036163317682706,0.4018690408437116,0.0056703582679794,127,0.0030799792458812,False,0.0039944799593162,0.0112056835465947,0.0072112035872784,0.2901040582378428,1.0,0.0050358434633025,0.0093109621141935,0.0034671801393498,2996.0
22,24662b682778f179,"{'num_leaves': 8, 'max_depth': 3, 'min_child_samples': 952, 'min_child_weight': 0.000850192063033245, 'min_split_gain': 0.0007189224497401892, 'reg_alpha': 1.5456294309027727, 'reg_lambda': 8.151608814817129, 'subsample': 0.6758575390358144, 'colsample_bytree': 0.5081418937089731, 'learning_rate': 0.005710564070401078, 'max_bin': 127, 'path_smooth': 1.0909954781680045, 'extra_trees': True}",-0.0037318006859866,,,,,,,,,9.6,8,3,952,0.0008501920630332,0.0007189224497401,1.5456294309027727,8.151608814817129,0.6758575390358144,0.5081418937089731,0.005710564070401,127,1.0909954781680045,True,0.0037318006859866,0.0103233124150634,0.0065915117290767,0.2689306232008789,0.8888888888888888,0.0051671731686091,0.0096139075619717,0.0036868311169055,2973.0
23,c24bcc2f80349f88,"{'num_leaves': 37, 'max_depth': 8, 'min_child_samples': 3669, 'min_child_weight': 0.0003851177302085492, 'min_split_gain': 0.030710236402481494, 'reg_alpha': 4.683915020233625, 'reg_lambda': 11.181329600647315, 'subsample': 0.7723426336281596, 'colsample_bytree': 0.5261831944641429, 'learning_rate': 0.008076733214357179, 'max_bin': 63, 'path_smooth': 0.15234798199871585, 'extra_trees': False}",-0.003367736220085,,,,,,,,,2.3,37,8,3669,0.0003851177302085,0.0307102364024814,4.683915020233625,11.181329600647317,0.7723426336281596,0.5261831944641429,0.0080767332143571,63,0.1523479819987158,False,0.003367736220085,0.0092772061355727,0.0059094699154877,0.2292267182621529,1.0,0.0055886766350739,0.0099937539617583,0.0043834597691506,501.0
24,1382c354c2c5738f,"{'num_leaves': 36, 'max_depth': 6, 'min_child_samples': 433, 'min_child_weight': 0.0018435269927438711, 'min_split_gain': 0.0, 'reg_alpha': 2.1547949913916993, 'reg_lambda': 16.643756925257073, 'subsample': 0.6691765004377275, 'colsample_bytree': 0.35650880189792306, 'learning_rate': 0.011157275396123222, 'max_bin': 63, 'path_smooth': 0.6671584657954065, 'extra_trees': False}",-0.0040855186696011,,,,,,,,,13.8,36,6,433,0.0018435269927438,0.0,2.1547949913917,16.643756925257073,0.6691765004377275,0.356508801897923,0.0111572753961232,63,0.6671584657954065,False,0.0040855186696011,0.0109910484350963,0.0069055297654952,0.2733299443042083,1.0,0.0050777590086008,0.0094090671734607,0.0035319077685792,2980.0
25,f82d275bedcfeddd,"{'num_leaves': 28, 'max_depth': -1, 'min_child_samples': 2894, 'min_child_weight': 0.0006431679677498571, 'min_split_gain': 0.0, 'reg_alpha': 6.434562427885025, 'reg_lambda': 28.241188128451086, 'subsample': 0.5462702093506614, 'colsample_bytree': 0.40009088106593194, 'learning_rate': 0.0061699606813995205, 'max_bin': 127, 'path_smooth': 1.1216978838811726, 'extra_trees': False}",-0.0034929973078888,,,,,,,,,6.7,28,-1,2894,0.0006431679677498,0.0,6.434562427885025,28.24118812845109,0.5462702093506614,0.4000908810659319,0.0061699606813995,127,1.1216978838811726,False,0.0034929973078888,0.00933574498913,0.0058427476812412,0.2510593323294862,1.0,0.0053410985253905,0.0098557833301815,0.0039669271128635,2639.0
26,f885f806538c5a61,"{'num_leaves': 4, 'max_depth': 2, 'min_child_samples': 724, 'min_child_weight': 0.00010818957503992075, 'min_split_gain': 0.0, 'reg_alpha': 6.189554776248239, 'reg_lambda': 27.933536117404618, 'subsample': 0.5671318532065092, 'colsample_bytree': 0.36272598176284465, 'learning_rate': 0.01018414514817915, 'max_bin': 127, 'path_smooth': 1.3487853025754404, 'extra_trees': True}",-0.00355789813152,,,,,,,,,6.3,4,2,724,0.0001081895750399,0.0,6.189554776248239,27.933536117404618,0.5671318532065092,0.3627259817628446,0.0101841451481791,127,1.3487853025754404,True,0.00355789813152,0.0099912449858118,0.0064333468542918,0.2595402631451483,1.0,0.0052999116696927,0.0098132928849474,0.0039283130954457,2181.0
27,cc695a5d1b22634c,"{'num_leaves': 3, 'max_depth': 4, 'min_child_samples': 258, 'min_child_weight': 0.00040972363117067017, 'min_split_gain': 0.0002312533465260985, 'reg_alpha': 0.9829224540061108, 'reg_lambda': 17.468123622906216, 'subsample': 0.5257282044220541, 'colsample_bytree': 0.5030240340769921, 'learning_rate': 0.0068752810113025175, 'max_bin': 63, 'path_smooth': 0.07279163930596262, 'extra_trees': False}",-0.0038372175226969,,,,,,,,,11.2,3,4,258,0.0004097236311706,0.000231253346526,0.9829224540061108,17.468123622906216,0.5257282044220541,0.5030240340769921,0.0068752810113025,63,0.0727916393059626,False,0.0038372175226969,0.0107347755818036,0.0068975580591067,0.2721376175842689,1.0,0.0050896192173349,0.0094067046653469,0.0035647061237613,2996.0
28,3fd440d8404ef90a,"{'num_leaves': 20, 'max_depth': 5, 'min_child_samples': 1200, 'min_child_weight': 0.0005732148926132639, 'min_split_gain': 0.000123061751515338, 'reg_alpha': 1.1991179829688783, 'reg_lambda': 37.39199157923756, 'subsample': 0.624855546988016, 'colsample_bytree': 0.4355553582879281, 'learning_rate': 0.0215222101896793, 'max_bin': 63, 'path_smooth': 1.2530752639528921, 'extra_trees': False}",-0.0039463982462983,,,,,,,,,6.6,20,5,1200,0.0005732148926132,0.0001230617515153,1.1991179829688785,37.39199157923756,0.624855546988016,0.4355553582879281,0.0215222101896793,63,1.253075263952892,False,0.0039463982462983,0.0105956501488149,0.0066492519025165,0.2672564642600016,1.0,0.0051033708564193,0.0095050360492465,0.0035257293775501,1364.0
29,00171d635c6e3127,"{'num_leaves': 8, 'max_depth': 3, 'min_child_samples': 1004, 'min_child_weight': 0.0007361480210277175, 'min_split_gain': 0.00012660797591010917, 'reg_alpha': 1.1003934641157187, 'reg_lambda': 62.464231294741566, 'subsample': 0.7137574026676561, 'colsample_bytree': 0.6840835217724412, 'learning_rate': 0.04565142415932249, 'max_bin': 127, 'path_smooth': 0.07163008570945609, 'extra_trees': True}",-0.0038762868229505,,,,,,,,,4.9,8,3,1004,0.0007361480210277,0.0001266079759101,1.1003934641157187,62.464231294741566,0.7137574026676561,0.6840835217724412,0.0456514241593224,127,0.071630085709456,True,0.0038762868229505,0.0106524966958197,0.0067762098728692,0.2706014295119806,1.0,0.0050960505466063,0.0095123114788631,0.0035302512446146,1278.0
30,bbdad5e0653021cd,"{'num_leaves': 12, 'max_depth': 6, 'min_child_samples': 472, 'min_child_weight': 0.0004205394353347012, 'min_split_gain': 0.0027159268733944228, 'reg_alpha': 3.284699798255949, 'reg_lambda': 24.6969126498682, 'subsample': 0.5172204199267055, 'colsample_bytree': 0.4616608555889251, 'learning_rate': 0.011271341663049236, 'max_bin': 127, 'path_smooth': 0.02167271655096629, 'extra_trees': True}",-0.0035971114051719,,,,,,,,,5.8,12,6,472,0.0004205394353347,0.0027159268733944,3.284699798255949,24.6969126498682,0.5172204199267055,0.4616608555889251,0.0112713416630492,127,0.0216727165509662,True,0.0035971114051719,0.0099616958051467,0.0063645843999748,0.2551036608830711,0.8888888888888888,0.0053104896372264,0.0097517036606497,0.0039541117229978,2113.0
31,6e32d5ab7d120cb8,"{'num_leaves': 25, 'max_depth': 6, 'min_child_samples': 1103, 'min_child_weight': 0.00045002169434579044, 'min_split_gain': 0.00013476775700550745, 'reg_alpha': 6.640666979710787, 'reg_lambda': 13.66095954216276, 'subsample': 0.8397484370438995, 'colsample_bytree': 0.37954273401981975, 'learning_rate': 0.007022520232178609, 'max_bin': 127, 'path_smooth': 0.010377073041686374, 'extra_trees': False}",-0.0034802953750536,,,,,,,,,6.9,25,6,1103,0.0004500216943457,0.0001347677570055,6.640666979710787,13.66095954216276,0.8397484370438995,0.3795427340198197,0.0070225202321786,127,0.0103770730416863,False,0.0034802953750536,0.0102060816078737,0.00672578623282,0.2467385062949194,1.0,0.0052725901166047,0.0097044669424494,0.0038871525578767,1968.0
32,fc220cf870c8d2d1,"{'num_leaves': 8, 'max_depth': 3, 'min_child_samples': 3815, 'min_child_weight': 0.000732655603350216, 'min_split_gain': 0.0, 'reg_alpha': 0.47002453810641376, 'reg_lambda': 60.46087960227294, 'subsample': 0.5279467901865521, 'colsample_bytree': 0.8482334067266175, 'learning_rate': 0.01880025231364822, 'max_bin': 63, 'path_smooth': 0.024390591314393573, 'extra_trees': True}",-0.0036846573552266,,,,,,,,,5.6,8,3,3815,0.0007326556033502,0.0,0.4700245381064137,60.46087960227294,0.5279467901865521,0.8482334067266175,0.0188002523136482,63,0.0243905913143935,True,0.0036846573552266,0.0096337099707079,0.0059490526154813,0.2594805426114082,1.0,0.0051761265593753,0.0097511959040166,0.0035858584152079,1209.0
33,5593ecfbf436c469,"{'num_leaves': 12, 'max_depth': 8, 'min_child_samples': 2102, 'min_child_weight': 0.0001995012126559087, 'min_split_gain': 0.00010609088145105144, 'reg_alpha': 3.1931817154880573, 'reg_lambda': 19.331885653396927, 'subsample': 0.5861529763811294, 'colsample_bytree': 0.36770141680112167, 'learning_rate': 0.02097484881101186, 'max_bin': 127, 'path_smooth': 0.16642554534210863, 'extra_trees': True}",-0.0036883630570001,,,,,,,,,3.8,12,8,2102,0.0001995012126559,0.000106090881451,3.1931817154880573,19.331885653396927,0.5861529763811294,0.3677014168011216,0.0209748488110118,127,0.1664255453421086,True,0.0036883630570001,0.0101258623558773,0.0064374992988772,0.2664549346818468,1.0,0.0052190253099435,0.0097503992532409,0.0037398244764278,1243.0
34,77f18e67e9d9aa73,"{'num_leaves': 8, 'max_depth': 3, 'min_child_samples': 463, 'min_child_weight': 0.0001021100052208907, 'min_split_gain': 9.2698952960565e-05, 'reg_alpha': 6.4935956094789296, 'reg_lambda': 13.681072482620294, 'subsample': 0.5778130074332399, 'colsample_bytree': 0.43419871323051445, 'learning_rate': 0.009113444388651259, 'max_bin': 63, 'path_smooth': 2.146984125715084, 'extra_trees': False}",-0.0034264061283151,,,,,,,,,4.7,8,3,463,0.0001021100052208,9.2698952960565e-05,6.4935956094789296,13.681072482620294,0.5778130074332399,0.4341987132305144,0.0091134443886512,63,2.146984125715084,False,0.0034264061283151,0.0098819534587275,0.0064555473304124,0.2465820968101478,1.0,0.0053399854133213,0.0097866829154829,0.0039961554943814,1262.0
35,da6198d47f5ad94b,"{'num_leaves': 10, 'max_depth': 6, 'min_child_samples': 4296, 'min_child_weight': 0.0011747951437977673, 'min_split_gain': 7.333463288323861e-05, 'reg_alpha': 0.01857972174522571, 'reg_lambda': 43.36936554663048, 'subsample': 0.6127275242287056, 'colsample_bytree': 0.7047138826847478, 'learning_rate': 0.014772043205451993, 'max_bin': 63, 'path_smooth': 0.02642659170004835, 'extra_trees': False}",-0.0036514482860494,,,,,,,,,16.0,10,6,4296,0.0011747951437977,7.333463288323861e-05,0.0185797217452257,43.36936554663048,0.6127275242287056,0.7047138826847478,0.0147720432054519,63,0.0264265917000483,False,0.0036514482860494,0.0102622596206596,0.0066108113346101,0.272354388874684,1.0,0.0051529877898583,0.0096012731089917,0.0035199607678513,2010.0
36,9d9df5c8f06b4b19,"{'num_leaves': 4, 'max_depth': 2, 'min_child_samples': 890, 'min_child_weight': 0.007170598759930064, 'min_split_gain': 0.0777900828059529, 'reg_alpha': 0.03767574750247606, 'reg_lambda': 19.381569598861027, 'subsample': 0.5651988506290919, 'colsample_bytree': 0.5938770173641011, 'learning_rate': 0.03934652829682286, 'max_bin': 63, 'path_smooth': 0.004623568136251207, 'extra_trees': False}",-0.0034037972894819,,,,,,,,,1.2,4,2,890,0.00717059875993,0.0777900828059529,0.037675747502476,19.381569598861027,0.5651988506290919,0.5938770173641011,0.0393465282968228,63,0.0046235681362512,False,0.0034037972894819,0.0095937871734872,0.0061899898840052,0.1872847940740971,1.0,0.0057303125711363,0.0100050242902559,0.0045902414182055,130.0
37,173150156286b5fc,"{'num_leaves': 3, 'max_depth': 4, 'min_child_samples': 4822, 'min_child_weight': 0.00021796519877062952, 'min_split_gain': 0.0, 'reg_alpha': 0.07107264899820538, 'reg_lambda': 4.619365885685752, 'subsample': 0.6671637856815614, 'colsample_bytree': 0.6562891548384802, 'learning_rate': 0.0083664683058137, 'max_bin': 127, 'path_smooth': 0.0011297315090982136, 'extra_trees': False}",-0.0035576076952293,,,,,,,,,14.3,3,4,4822,0.0002179651987706,0.0,0.0710726489982053,4.619365885685752,0.6671637856815614,0.6562891548384802,0.0083664683058137,127,0.0011297315090982,False,0.0035576076952293,0.0099990673727919,0.0064414596775625,0.2589433520065362,1.0,0.005177696829655,0.0096693475708208,0.0035615627966998,2979.0
38,d58cea0efe09f7bd,"{'num_leaves': 11, 'max_depth': 4, 'min_child_samples': 556, 'min_child_weight': 0.0003588663673864016, 'min_split_gain': 0.0, 'reg_alpha': 8.395050735492985, 'reg_lambda': 13.514227478234861, 'subsample': 0.7406285799962486, 'colsample_bytree': 0.4228197003072328, 'learning_rate': 0.007195976076339217, 'max_bin': 127, 'path_smooth': 0.08015927430487223, 'extra_trees': False}",-0.003558484531279,,,,,,,,,7.2,11,4,556,0.0003588663673864,0.0,8.395050735492985,13.51422747823486,0.7406285799962486,0.4228197003072328,0.0071959760763392,127,0.0801592743048722,False,0.003558484531279,0.0099984507589367,0.0064399662276577,0.2474296012341194,1.0,0.0053176858652725,0.0097765706324994,0.0039596225765564,2160.0
39,6f90380544d4a993,"{'num_leaves': 4, 'max_depth': 2, 'min_child_samples': 714, 'min_child_weight': 0.0003299075365031776, 'min_split_gain': 6.290143500601805e-05, 'reg_alpha': 1.3810964709644051, 'reg_lambda': 1.2010120310081507, 'subsample': 0.569712711647807, 'colsample_bytree': 0.4548799889968186, 'learning_rate': 0.008177980203538228, 'max_bin': 63, 'path_smooth': 0.5376035677443621, 'extra_trees': False}",-0.0038957857412208,,,,,,,,,8.7,4,2,714,0.0003299075365031,6.290143500601805e-05,1.3810964709644051,1.201012031008151,0.569712711647807,0.4548799889968186,0.0081779802035382,63,0.5376035677443621,False,0.0038957857412208,0.0107557405493143,0.0068599548080934,0.2710124686797071,1.0,0.005090838807426,0.0094684641136809,0.0035449794496295,2976.0
40,65a7eda9a3e13082,"{'num_leaves': 5, 'max_depth': 5, 'min_child_samples': 1954, 'min_child_weight': 0.00016425345286530038, 'min_split_gain': 6.124752243356787e-05, 'reg_alpha': 0.1573814765703749, 'reg_lambda': 32.24880675957831, 'subsample': 0.6790789289102829, 'colsample_bytree': 0.5093216755320461, 'learning_rate': 0.0115034522950979, 'max_bin': 127, 'path_smooth': 0.10741519067140158, 'extra_trees': False}",-0.0039026071205923,,,,,,,,,16.5,5,5,1954,0.0001642534528653,6.124752243356787e-05,0.1573814765703749,32.24880675957831,0.6790789289102829,0.5093216755320461,0.0115034522950979,127,0.1074151906714015,False,0.0039026071205923,0.0108270713520017,0.0069244642314094,0.2806566976508415,1.0,0.0050719429805688,0.0094006224179858,0.0034701685070011,2577.0
41,c7f7fb72ce6f1cf1,"{'num_leaves': 9, 'max_depth': 5, 'min_child_samples': 6034, 'min_child_weight': 0.0005023603960579673, 'min_split_gain': 4.132946599230398e-05, 'reg_alpha': 0.0020670926761499836, 'reg_lambda': 2.6040535102968163, 'subsample': 0.5424119212327, 'colsample_bytree': 0.48369702903969675, 'learning_rate': 0.0057179930841215155, 'max_bin': 63, 'path_smooth': 0.010452490452963347, 'extra_trees': True}",-0.0037515852635909824,,,,,,,,,8.6,9,5,6034,0.0005023603960579673,4.132946599230398e-05,0.0020670926761499836,2.6040535102968163,0.5424119212327,0.48369702903969675,0.0057179930841215155,63,0.010452490452963347,True,0.0037515852635909824,0.008500625933186916,0.004749040669595934,0.2691820645420932,1.0,0.00520960528315776,0.009902976779189691,0.0036434181743849542,3000.0
