trial_number,value,long_entry_pct,short_entry_pct,min_edge_gap,max_hold_minutes,cooldown_minutes,min_hold_minutes,rearm_pct
0,0.004450959756458035,0.8086166344657351,0.9757071488588757,0.21959818254342153,156,31,7,0.42032926425886985
1,0.0006507912425071034,0.9511910822747311,0.8743233534055306,0.21242177333881365,34,117,26,0.4743186887373967
2,-0.000815603118479572,0.7527292404900592,0.7531873078574958,0.09127267288786131,140,60,11,0.6141485131528328
3,0.00019218320370955897,0.740453219589092,0.7847219480752132,0.1099085529881075,126,98,8,0.5799820534447641
4,-0.00233739425643276,0.8718002249699923,0.7134706196887993,0.1822634555704315,65,21,29,0.7379712115760958
5,-0.001103953109946448,0.9344352309537737,0.7883379930602774,0.029301634201915158,174,61,6,0.5733119185389446
6,0.003398352299590542,0.7099726711234133,0.9637029166028468,0.07763399448000508,169,48,17,0.5913485977701479
7,0.003258098178197628,0.7536077921024028,0.981179542051722,0.23253984700833435,228,109,19,0.7226559822580909
8,-0.0005532521920825619,0.7256628255950566,0.7568350301015521,0.01356818667316142,98,56,10,0.6900581282031752
9,-0.0008178739628343369,0.8034584647411409,0.7814710078093404,0.16280882494747453,59,100,5,0.7454104278101811
10,0.003017862188933792,0.8489623735480405,0.894592077585257,0.29086113323635965,226,17,20,0.4054581798804597
11,0.0041795563622915935,0.8138113387097634,0.9846847004303143,0.2946199056220996,181,41,15,0.49952784251351556
12,0.002829870928428971,0.8196790557069306,0.9279616835502484,0.29849042681325766,191,37,14,0.47363964791117363
13,0.005432339713286325,0.8999656143249861,0.9891487658660496,0.2467588057642455,143,35,3,0.41045594333821017
14,0.003560252522155621,0.8887945829197624,0.9351602381972559,0.2429898383089628,125,77,3,0.4106647058244758
15,-0.0014322712164732256,0.9889930773983237,0.8583545600768989,0.16331032799340192,93,30,3,0.4355555682140676
16,0.0027750224705174954,0.9115370066905802,0.9382277438605134,0.24614167595600756,148,76,9,0.5120252518402824
17,0.0028470550720650465,0.78338660395642,0.9079048265679944,0.20623903200348342,204,29,12,0.44654589519567667
18,0.0004729005694323001,0.8494799135540472,0.8341623250969942,0.14334772201167206,153,15,7,0.5329605285506339
19,0.0009837697345993917,0.9808111751322832,0.9556138090924483,0.2606751496884804,116,46,3,0.45045121876694466
20,0.0060277494354347575,0.9050621926414284,0.989532322704541,0.2009021867389636,204,73,6,0.40231337414145435
21,0.006050742870617092,0.897724586410225,0.9885708816471775,0.20561664003265623,212,78,6,0.40386872557313197
22,0.005308576616558369,0.9097373514474189,0.9874279795431566,0.1932850703749879,206,82,6,0.4054602051393688
23,0.002317805584884441,0.9502327781726464,0.9550461472832465,0.2565316805533636,240,88,5,0.4690593781323129
24,0.003345820191246311,0.8804659031143891,0.9496917722177621,0.13460398829770667,207,70,9,0.44110255395276526
25,0.0028560207046815344,0.9115878919195743,0.9230020786888233,0.27209424499600365,194,67,12,0.43211895383456955
26,0.004175256532382893,0.8549906447374359,0.9882547848107389,0.17489929440055083,226,87,4,0.47136657093262563
27,0.0026100976303027614,0.939170988240304,0.9640017265401678,0.2218731154741514,167,96,8,0.5093370003560262
28,0.003581527479743025,0.8941122967298876,0.9062731893897393,0.19125151765750303,217,52,5,0.40361256678193846
29,0.002179091039669903,0.9683142119402611,0.9666849600182048,0.22395993287501575,190,70,7,0.4270943776982056
30,0.0026612827414751643,0.8623689837917536,0.9436659908556586,0.2711570123770286,238,106,14,0.5356310192105189
31,0.005840195372958002,0.9069677254313679,0.986627793015847,0.20001970515947845,202,84,6,0.4019035588426965
32,0.004977058976908642,0.924180057081057,0.9698535189423971,0.20681374331093375,214,88,6,0.40040370067985753
33,0.0043580553950293465,0.8985300606222929,0.9730566174448477,0.1455935873191304,183,79,10,0.453537575688834
34,0.004629437261333945,0.8388878740269885,0.987683622557089,0.2078933421312386,165,118,8,0.42618717199733336
35,0.0029876697996166737,0.8756455521084392,0.9197980953853797,0.2376245323913144,136,60,4,0.4221677457166226
36,0.002823220528720005,0.9218462067941022,0.9487760209066517,0.11299988979423661,199,92,11,0.4913655252631174
37,0.002240425854986257,0.9629452005736313,0.9677540248310553,0.19156590485032465,216,67,26,0.45976722910003565
38,0.002437278454889275,0.9315439148208353,0.9762859815298134,0.17185017263476426,98,24,7,0.6549518744652688
39,-0.0003275311045903739,0.9004419233055516,0.7046966497947825,0.22535722117194687,32,108,4,0.4213634703163573
40,0.002260805404496133,0.9481020201809747,0.9559680603758934,0.20119954476851856,53,101,9,0.48579608758504544
41,0.005208174770566016,0.9109224290431207,0.9792225870207061,0.18601084082882377,176,85,6,0.40102464933958526
42,0.0048143096531702975,0.8742778213909104,0.9881393347050011,0.15393146943572664,206,82,6,0.4179535709972169
43,0.00478323377838806,0.8865806826911593,0.9887710805733203,0.21553048941625255,229,94,5,0.44122509687759326
44,0.004261554054934693,0.916808701700098,0.972575891548773,0.12522749435202785,163,73,8,0.41583543744809576
45,0.004888532167057425,0.9016498851975981,0.9560186579343865,0.04563642920778013,180,83,3,0.401547614761377
46,0.003290482497215786,0.8321505447155987,0.9388229328403209,0.19792246063126204,213,64,23,0.4624820355461704
47,0.00405376239298775,0.8664790068388428,0.9784903185808695,0.17060714524451975,194,78,7,0.4339765201572921
48,0.003179864138281391,0.9369698089098444,0.962962851094475,0.23252655608923725,77,54,10,0.41481189568724675
49,-0.00048240549175447404,0.8848984396648963,0.7342532341164612,0.18149432375906563,145,39,5,0.45609477088371225
50,0.00278308259648093,0.9248958995917531,0.9262876363871962,0.27867433982405254,185,91,6,0.44084396319354546
51,0.005057716736995305,0.909215401648314,0.9769920429878558,0.18346897458699626,177,82,6,0.4011105267591211
52,0.005134844996819927,0.9074859119624679,0.9885915789701551,0.2508761888085745,157,84,4,0.41846868824517697
53,0.003780266155122577,0.9377609555842096,0.9778266272770513,0.1594473744889769,202,74,3,0.4130941595084723
54,0.004680173803833216,0.8923316773835746,0.9613438294792856,0.18960617059239315,134,112,8,0.4004998061060613
55,0.002194593245738872,0.9583961572146749,0.9422314666182321,0.2142003581362948,222,100,6,0.4326707039364498
56,0.003932601413148326,0.9168394593293732,0.9780784727541925,0.2381181181248787,112,44,9,0.4456651970709261
57,0.003064488245623102,0.8594159236178287,0.9488381006807836,0.22890071006060164,233,72,4,0.48259455248842786
58,0.0050765718722926316,0.8806451834723408,0.9897180618627751,0.19537465109941668,175,79,11,0.41453758948221686
59,0.00036380957260047104,0.947287999724478,0.8312498912498613,0.1817377095743205,196,86,7,0.4315221997677093
60,0.0038718484936729586,0.927492830706308,0.9644931552767757,0.07646865084867774,207,104,4,0.40999278257866084
61,0.0046532895768348105,0.9075457614413001,0.9812890263890489,0.24974152732035962,157,91,5,0.42347408815814747
62,0.004573188146167293,0.9050322869374562,0.9693435388307906,0.25652450755183426,153,82,3,0.41188277551052466
63,0.004382156281068243,0.8919066038465994,0.98076337782303,0.21623291888213267,189,85,5,0.4480875842163504
64,0.003572085012612474,0.8717633270371272,0.957220727254157,0.26251161222467445,126,96,7,0.4288414274761859
65,0.00497863045874032,0.9138092607252842,0.9897619719367236,0.28525591965308844,159,76,4,0.42106104996804905
66,0.003118010517454819,0.8913087860756598,0.9355994481955865,0.24897202294210824,173,65,8,0.464367087751928
67,0.004888532167057425,0.9011358498371116,0.9678917259189449,0.20920164926910925,211,90,5,0.40827013618751884
68,0.002472221025929874,0.764452028263481,0.9495859467923486,0.1670244688141754,147,50,3,0.7118328787689545
69,0.0030535887401114048,0.9220212977328025,0.9805415499303055,0.2010181217794312,220,69,6,0.6090277177441585
70,0.00411848686061571,0.8827946628079713,0.9732157017611565,0.1478850821463149,187,33,9,0.43362055010488426
71,0.00541750280651337,0.878534325856402,0.9871535460749058,0.19365029780371118,168,79,13,0.4001272973799141
72,0.005249175708999124,0.8480555537430849,0.9897326141404875,0.18078053204499347,171,80,17,0.4015552178903978
73,0.004800188532428588,0.8413455124146573,0.9815850530414354,0.1788005006987228,170,58,17,0.4001198075312409
74,0.003979882566693511,0.7972907086966196,0.9710590196195564,0.1885862735056214,199,75,21,0.4413940881006625
75,0.003982475769084215,0.8204257775440306,0.9592012197878983,0.15686853409220425,163,79,14,0.40929632514824654
76,0.004426979114427273,0.8522862366530943,0.9826565591524421,0.2034416715550198,140,63,15,0.42076829707748004
77,0.0039859119486612155,0.7064241245238182,0.9648282763026234,0.13848659291163265,181,71,18,0.40830990850274224
78,0.004447301424066,0.8971082867625233,0.9747335760205589,0.2214943896126607,210,22,12,0.43013367508297207
79,0.003411514915230906,0.8661004758228936,0.9512053152327539,0.1659872008392462,202,81,21,0.4497423136567889
80,0.004771649019468847,0.8764771523761861,0.9848029789129228,0.17663364970742904,192,87,13,0.4229027097860592
81,0.005029519308672325,0.9149278093028479,0.9887798232835726,0.19328348736300985,152,84,15,0.4146147451804197
82,0.005860443526275035,0.904191198137712,0.9895500952468841,0.21041971744424023,142,88,19,0.40164670827247206
83,0.004848511083447611,0.8870292333801507,0.9717197225645613,0.20955425634277663,119,89,20,0.40006653684216903
84,0.0035042947766565874,0.9291829974061688,0.9621248582314776,0.1861963761907269,134,94,17,0.4098554203029426
85,0.004876275268785482,0.8977016437757595,0.9825198902522516,0.19721743234243325,141,76,24,0.4266109425330353
86,0.003920932400590801,0.8441971971486462,0.9739389505772306,0.22010724089558314,170,81,18,0.43998585302003274
87,0.0017328009918656337,0.8340158873816517,0.8004250156046999,3.596710830805483e-05,232,86,18,0.40764210019498315
88,0.001950016286350227,0.8706933719965496,0.9438333667465072,0.23396430729219334,218,93,29,0.6541401552111044
89,0.004919992107748353,0.9408566565471839,0.9839146901064306,0.1746786650945501,225,78,20,0.4000101751349504
90,0.003755090595984829,0.9186153922186877,0.95637940017866,0.23997548476976527,197,97,16,0.4189437530615288
91,0.00528923246427872,0.9039418449742974,0.9895485609939175,0.20290684423106786,159,85,19,0.41807332595462027
92,0.004426559737008602,0.906302751938268,0.9757731392561249,0.20027585429324632,161,89,19,0.4375262157166234
93,0.004876775973747042,0.8964611509820553,0.9681724124291967,0.21386887557977036,167,80,21,0.4062711344469112
94,0.004742122443072721,0.9115673236844201,0.9843542084747621,0.22709224102270748,148,68,19,0.4255634251245188
95,0.0039016221757531243,0.9317117861910195,0.9775335686125526,0.18585404131769034,174,73,22,0.41571930642249677
96,0.004840603053910103,0.8568836427129141,0.9899370647442433,0.20581958825224728,153,85,16,0.40881029408005315
97,0.0038034749873166115,0.8791330993511572,0.9668114856365548,0.19379914268527323,178,83,6,0.42970920040340865
98,0.0021691625613348307,0.9018825160218723,0.884149383103807,0.17383256249251197,183,77,10,0.4557999426536635
99,0.003916879403140057,0.8891528652808224,0.9608414887994655,0.21130970437464172,128,88,8,0.42059920279818225
100,0.004448567267847109,0.9083779037412788,0.9801773434328823,0.18156741346231536,143,113,16,0.4365469485796153
101,0.004888532167057425,0.9222131953084173,0.9885291745087675,0.24423852574022162,158,84,4,0.4154926580921606
102,0.005518772700766416,0.9049645336214187,0.984562538809013,0.26670389069029815,151,92,6,0.40616365687675715
103,0.0049026145488815735,0.8939064130171568,0.9733342388179519,0.2750739096872075,137,92,19,0.4057385224432206
104,0.004127201602336965,0.9025577857340233,0.9834652217849097,0.28304450598050823,130,95,6,0.5619841892769416
105,0.004828255383796446,0.8838842946739922,0.9774705260896246,0.26170264682372424,150,98,7,0.4067518705074488
106,0.004008381225184061,0.9177785538854448,0.9680791680650562,0.2949288982858468,164,27,7,0.41369260758296456
107,0.004524975436713385,0.9125245012896513,0.9830511609361156,0.20385925367846727,206,87,30,0.4261288676784836
108,0.004127201602336965,0.9244167555782036,0.954253345249967,0.21839983368778604,121,80,20,0.4051606785035304
109,0.003819998041133972,0.9416184341266494,0.9739309449425865,0.2306274976801809,145,18,5,0.4190779412500614
110,0.004441173076734376,0.717540078239127,0.9896851463769599,0.26751609288395706,186,73,9,0.44550839836538525
111,0.005819047301715766,0.9056245302438618,0.9848963723618239,0.18842607902885739,155,83,4,0.4006625872647513
112,0.00518664353276122,0.9038150978877668,0.9838330372649753,0.19158464725892121,155,90,3,0.4132238360696104
113,0.004597006397344958,0.8905904655343237,0.9640196733766213,0.19735956304994753,171,82,5,0.40416675582958306
114,0.005515844099410777,0.8967027385153711,0.9776158131271067,0.16856372964581104,160,101,6,0.40035771881635374
115,0.003959039884609588,0.8659423044009119,0.9718571574421407,0.1628898985531215,160,101,4,0.4252196931359768
116,0.004978904792018502,0.8978803430868016,0.9781587136224684,0.1512431617768699,167,106,5,0.4132674742733818
117,0.005868474154796054,0.8826559810071632,0.9897938895251007,0.17124682799724317,149,104,7,0.400432212954777
118,0.004612399475571874,0.8805445718184751,0.9852130196124604,0.15896162632472893,150,115,7,0.43091903547651733
119,0.004085050300097042,0.8728855718083937,0.968108411868855,0.16998060961401365,138,120,25,0.420357676086069
120,0.005245506020820402,0.8873726517915034,0.9788641453351441,0.19063599971348325,133,102,27,0.40044202103949755
121,0.005527355679173164,0.8944529754962769,0.9894906187693567,0.18103378994533573,155,99,6,0.4079886968483367
122,0.005153552300346193,0.9069875736891578,0.9858303702124369,0.1769205793575827,143,110,6,0.41068409150624313
123,0.0047022294277985766,0.8937759415049694,0.9759361631113812,0.20559717331423996,214,93,7,0.4184192925979716
124,0.006105725217408035,0.8994403090720381,0.9832915378344499,0.18462194418858657,145,98,8,0.4001035544457808
125,0.004587972458500512,0.88395566534206,0.9596399540991352,0.1704302281541271,146,105,8,0.4002745250699436
126,0.005167505689054663,0.8967158880890516,0.9810044144545441,0.1851503086117919,153,102,6,0.40853467652418357
127,0.004542472819457216,0.916916369228481,0.97095988053818,0.19511289578108562,141,108,8,0.40767453790835306
128,0.004503817254033788,0.9101950179233967,0.9837734602871853,0.16403683355117665,202,98,4,0.4336059399669175
129,0.004373872359585058,0.8787459266510925,0.9758360227421157,0.18008196107881028,147,104,5,0.4232153481012755
130,0.005150611064453011,0.8872578340573861,0.9898234454613841,0.18773773934068455,131,99,11,0.4132450796640829
131,0.00625427783659413,0.9033584149287336,0.9898598313062188,0.20140633039901995,156,100,6,0.40061151614475254
132,0.00557372967530584,0.9008203821073615,0.9810615590111417,0.19870451216355905,154,103,6,0.4064160812154952
133,0.005756225090084421,0.9004845196164479,0.9803467658090601,0.21302221159240903,156,100,7,0.40117761283839326
134,0.004928837794003488,0.8985441668932569,0.9664619768682695,0.22302556515042563,155,104,7,0.4074793815321296
135,0.004856128697274634,0.8921250459385972,0.9821820878582835,0.21356946274748523,149,96,6,0.41364609341584535
136,0.004397984122778777,0.9019312985075265,0.9706983095517416,0.19814647659285697,156,100,8,0.425513853727661
137,0.004975047003957477,0.9132844305387229,0.9777531380666128,0.20886016897506182,138,106,5,0.4006486121043562
138,0.004013711331819629,0.9192558268864995,0.9614509613625997,0.25412219149117765,104,98,7,0.4079287716809227
139,0.0049333163179233345,0.9057795349437292,0.9805485129850723,0.19945753715995823,143,110,4,0.41805048463072714
140,0.0047921612094978736,0.9271852232554472,0.9899630369200052,0.21867295376251467,82,95,6,0.4128671241388656
141,0.005856188935172569,0.8938791483600474,0.9843266498733131,0.1879204604619678,162,101,7,0.4014156613991807
142,0.005007164814384952,0.8930324000587523,0.9736739446129778,0.18764123125935264,160,103,7,0.40431819229156035
143,0.005342609388453162,0.8996640716184309,0.9827631927365089,0.17589328461588316,39,99,9,0.4062142063088656
144,0.005101664322468769,0.8880741966794212,0.9774804499872815,0.20921342513349664,164,101,6,0.40061091355090434
145,0.004867265950165792,0.9115020195480044,0.9850863130686859,0.167927448795456,151,34,3,0.4222143326185002
146,0.0052345915146576345,0.9046182448311895,0.9701087282356219,0.1828023479137202,156,107,6,0.4000667334478309
147,0.005456696938565386,0.8959861385607305,0.9899951326644302,0.20247513918353738,162,96,5,0.4136145358595863
148,0.005272509397184219,0.8954357676464236,0.9836753346844975,0.08839692423459586,162,96,5,0.4150226545443614
149,0.0037304172590459,0.8830862948638839,0.9638218639544354,0.19886578800396365,165,92,8,0.42860147910938945
150,0.004488710696717475,0.8745334732088721,0.9760178321302503,0.19180199786601068,152,102,5,0.4094534707665703
151,0.00233199313446937,0.9006507658960828,0.8558192189352785,0.2037320967106082,148,94,6,0.4116959490586249
152,0.005207652763048037,0.9091726999091035,0.9893925500864081,0.2110401599644099,157,100,7,0.41814108755384516
153,0.005291588436518051,0.888950655487836,0.9807685963755767,0.185131158707114,144,97,3,0.4001063051382551
154,0.005807338628635638,0.8967307572626579,0.9895098685451396,0.21731000006848034,137,104,6,0.40750753900300635
155,0.0057528948950341255,0.8948619307704968,0.9898062028291502,0.20248781095364846,136,103,5,0.40612405348587727
156,0.005116931336473563,0.9157598934083672,0.9838296775714234,0.22450081841506736,125,104,6,0.40774916062209243
157,0.00044603916928071425,0.904446078828309,0.7655687184334392,0.21330193668044273,135,109,7,0.42339085752404837
158,0.0048640267281565945,0.8897767577925771,0.9719228701659663,0.1955991186716821,147,106,8,0.4071418530849913
159,0.004646962379053376,0.8988900776932036,0.9781431895011932,0.17377397716567505,138,111,6,0.43520563502631043
160,0.004911885865361734,0.9212563278114574,0.9841586341847013,0.2172889321886053,141,100,7,0.4160529035306487
161,0.006040027220786769,0.8958030286557307,0.9878864109404034,0.20306481051474487,152,103,5,0.40019109641324374
162,0.005644648138868842,0.9074767850729222,0.9896603496268176,0.2033503618257799,153,103,5,0.40660190073074753
163,0.005432339713286326,0.9104062469012676,0.9898285380822995,0.2063320796086526,153,103,4,0.4071003083683967
164,0.004554923285452741,0.7378618436523104,0.9845404047991329,0.19063384860109617,150,107,5,0.4186321771158048
165,0.005058255541358165,0.9033475085716139,0.980537154751615,0.19962665370296018,135,104,5,0.40827985416107915
166,0.005649569313581011,0.8945198339759894,0.9895713382459912,0.20638180415024393,145,98,5,0.40600004983028454
167,0.004862838923737018,0.8835502370222109,0.9899759117774365,0.2162605244664252,130,108,4,0.4256078354962667
168,0.005319328181880049,0.8937823157125171,0.9734778470493635,0.2088571993644835,209,102,5,0.4004578692765088
169,0.0047813125400243345,0.8859831089147597,0.9787418226262811,0.22720034468544295,145,99,6,0.413276846635333
170,0.004954960612287282,0.8784664577085668,0.9849568028088834,0.2051639560537499,140,104,4,0.4199147443992114
171,0.005261733424273338,0.9074320044051318,0.9841134167147269,0.19434063846125707,154,98,6,0.4081016909529025
172,0.006062772515694967,0.8991979452687842,0.9897137389088222,0.20075883586890433,149,101,7,0.4057484589409176
173,0.005913816747437809,0.89066264677204,0.9897239642286046,0.20242379590729043,145,106,7,0.40013365706286896
174,0.0007093595898649825,0.8910327246443746,0.7252065446255266,0.21189512750275294,145,107,7,0.4014574532802534
175,0.0055182040626908894,0.9009689593872704,0.974967197259991,0.22092301360583277,140,113,9,0.40022827640654646
176,0.004611684688977258,0.9139952727823757,0.9786449223191389,0.20204592628099033,134,105,8,0.41621865816680886
177,0.005035678225618168,0.8700292483995451,0.9899830152558436,0.1994345420175079,147,102,7,0.41255352118605254
178,0.00495344073120282,0.8988350883555175,0.9676943839835754,0.2065132144755672,143,109,5,0.40709004173707003
179,0.005122069150100512,0.9088783043762594,0.9835378335901016,0.2153875930459585,124,106,7,0.41328061901523566
180,0.004203424230393892,0.8880778490194806,0.9729507449648997,0.19107515140301268,149,101,8,0.4267859334866602
181,0.005894996245691091,0.8942176454871396,0.9840866133238458,0.19609632483036582,156,99,6,0.4002227874682241
182,0.0054966529640354525,0.8935969099678217,0.9836823154054911,0.19591519346647393,158,97,6,0.4065641595453024
183,0.005689932761500016,0.9016948374441417,0.979360640008357,0.20892982940640445,151,103,5,0.4006073764792643
184,0.0055706029783999375,0.8825038052189833,0.9855774857395552,0.21084882501722438,138,101,4,0.40046343413120744
185,0.004636284088384983,0.9082159905731182,0.9781947201152035,0.20533780729674608,150,75,5,0.41303137469280604
186,0.006318950826804731,0.8959098018514238,0.9899563960183192,0.22058925425251613,143,105,7,0.40050171487438413
187,0.005999308816564451,0.8919826770746522,0.9897785136857058,0.2300100383665011,144,105,7,0.40083180605675667
188,0.005004840956573287,0.8884130392285418,0.9729496854373951,0.23006802428731382,141,105,7,0.4004296210777407
189,0.0044538324372041735,0.876229349242585,0.978297359989817,0.2191943190791872,130,109,8,0.4203734037312912
190,0.005386521145807925,0.8994512190055923,0.9831194359485854,0.2376515234476157,136,112,7,0.4130800591772539
191,0.005984227660825037,0.8933272017726287,0.9899545285890228,0.22085081603439977,145,100,7,0.40014204910334367
192,0.005815473073258015,0.8937897325608276,0.9898963627138274,0.22580316275769835,146,105,7,0.4051737650291938
193,0.005146859433922749,0.8924917317541848,0.9852776887318095,0.22469039971410543,142,106,8,0.4098581165066733
194,0.00552132496098195,0.8836840339296749,0.9898811536254455,0.23322969731170437,146,100,7,0.40574954508833966
195,0.006162354619181053,0.8966741961714775,0.9848409399949279,0.22488044820930136,220,105,10,0.40078894315891905
196,0.005117919716047695,0.8876620748284186,0.9836417468416482,0.2438605086251937,218,108,9,0.4186157764625364
197,0.005469700537073044,0.9027708023611051,0.9752583243041093,0.2319742035554527,214,116,8,0.40029883390963
198,0.003177282371558144,0.8972563045460795,0.9804629386461673,0.220560812179132,224,71,7,0.6650911142988716
199,0.0050301276742080155,0.8803294777372576,0.969630703195179,0.22931588503335407,210,106,10,0.4002363379632323
