trial_no,param_hash,params,objective_score,valid_ratio_p925,train_ratio_p925,train_valid_gap,spearman_rho,decile_monotonicity,valid_rmse,train_rmse,valid_mae,elapsed_s,best_iteration,p_num_leaves,p_max_depth,p_min_child_samples,p_min_child_weight,p_min_split_gain,p_reg_alpha,p_reg_lambda,p_subsample,p_colsample_bytree,p_learning_rate,p_max_bin,p_path_smooth,p_extra_trees
1,17bfccbb0db03314,"{'num_leaves': 8, 'max_depth': -1, 'min_child_samples': 7159, 'min_child_weight': 0.03142880890840111, 'min_split_gain': 1.2087541473056957e-05, 'reg_alpha': 0.0070689749506246055, 'reg_lambda': 2.310201887845293, 'subsample': 0.5417022549267169, 'colsample_bytree': 0.5325453457757225, 'learning_rate': 0.016738881542579662, 'max_bin': 63, 'path_smooth': 0.2801635158716261, 'extra_trees': True}",-1.9420964664493283,1.9420964664493283,1.9890537519670213,0.0469572855176929,0.2522852178338103,1.0,0.011170769484738,0.0162352168099693,0.0095646275990062,1.2,758,8,-1,7159,0.0314288089084011,1.2087541473056955e-05,0.0070689749506246,2.310201887845293,0.5417022549267169,0.5325453457757225,0.0167388815425796,63,0.2801635158716261,True
2,61d819788bddef52,"{'num_leaves': 4, 'max_depth': 2, 'min_child_samples': 6625, 'min_child_weight': 0.07886714129990492, 'min_split_gain': 0.0, 'reg_alpha': 1.7123375973163988, 'reg_lambda': 4.066563313514794, 'subsample': 0.49883605700319195, 'colsample_bytree': 0.760539815907294, 'learning_rate': 0.013775979824755383, 'max_bin': 127, 'path_smooth': 0.0013726318898045872, 'extra_trees': False}",-1.9201889277589808,1.9201889277589808,2.008898082619811,0.0887091548608296,0.2579007654288122,1.0,0.0109293011960186,0.0162214591336173,0.0093420307845844,1.5,827,4,2,6625,0.0788671412999049,0.0,1.7123375973163988,4.066563313514794,0.4988360570031919,0.760539815907294,0.0137759798247553,127,0.0013726318898045,False
3,5673d2e25f79dcae,"{'num_leaves': 21, 'max_depth': 5, 'min_child_samples': 5996, 'min_child_weight': 0.00018427970406864567, 'min_split_gain': 0.0, 'reg_alpha': 0.006080390190296602, 'reg_lambda': 1.231557172366602, 'subsample': 0.6126651653816322, 'colsample_bytree': 0.5832063738136892, 'learning_rate': 0.009339401285535344, 'max_bin': 63, 'path_smooth': 0.013296521457299506, 'extra_trees': False}",-1.9390911572452028,1.9390911572452028,2.3242973551879627,0.3852061979427599,0.267520460751842,1.0,0.0105687592588341,0.0162002833644902,0.0089737392164228,1.9,975,21,5,5996,0.0001842797040686,0.0,0.0060803901902966,1.231557172366602,0.6126651653816322,0.5832063738136892,0.0093394012855353,63,0.0132965214572995,False
4,e75115fc441bc921,"{'num_leaves': 4, 'max_depth': 2, 'min_child_samples': 749, 'min_child_weight': 0.00022264204303769702, 'min_split_gain': 1.97778285124627e-05, 'reg_alpha': 2.8340904295147746, 'reg_lambda': 17.643967683381547, 'subsample': 0.6154490124263245, 'colsample_bytree': 0.38813501017161417, 'learning_rate': 0.010231806681740804, 'max_bin': 127, 'path_smooth': 0.35500125258511606, 'extra_trees': False}",-1.91681315729107,1.91681315729107,2.610772580509711,0.6939594232186408,0.2920173583947484,1.0,0.0099439295511729,0.0162441898018259,0.0084366930751525,2.1,991,4,2,749,0.0002226420430376,1.97778285124627e-05,2.834090429514774,17.643967683381547,0.6154490124263245,0.3881350101716141,0.0102318066817408,127,0.355001252585116,False
5,a6ab9f1c8ea455aa,"{'num_leaves': 4, 'max_depth': 4, 'min_child_samples': 2090, 'min_child_weight': 0.0008771380343280567, 'min_split_gain': 1.3357240411974104e-05, 'reg_alpha': 0.1082138291061399, 'reg_lambda': 65.33305220227733, 'subsample': 0.5746461145744375, 'colsample_bytree': 0.5962297538213778, 'learning_rate': 0.028478764407599208, 'max_bin': 63, 'path_smooth': 0.014421346497969485, 'extra_trees': True}",-1.926335357672912,1.926335357672912,2.608704980925329,0.6823696232524168,0.2911685288015926,1.0,0.0101420481605803,0.0161667329667935,0.0085213594843724,2.1,989,4,4,2090,0.000877138034328,1.3357240411974104e-05,0.1082138291061399,65.33305220227733,0.5746461145744375,0.5962297538213778,0.0284787644075992,63,0.0144213464979694,True
6,13dbc8387a116531,"{'num_leaves': 32, 'max_depth': 5, 'min_child_samples': 299, 'min_child_weight': 0.00048284249748183273, 'min_split_gain': 0.0, 'reg_alpha': 0.05110120656497164, 'reg_lambda': 43.25432427964556, 'subsample': 0.8803652916281717, 'colsample_bytree': 0.3541712783187144, 'learning_rate': 0.016207547643136366, 'max_bin': 63, 'path_smooth': 0.0030162092627967776, 'extra_trees': True}",-1.91757880459686,1.91757880459686,2.6052047003697494,0.68762589577289,0.2932261995810589,1.0,0.0099555973123883,0.0162540984681746,0.0084149796315164,3.0,1075,32,5,299,0.0004828424974818,0.0,0.0511012065649716,43.25432427964556,0.8803652916281717,0.3541712783187144,0.0162075476431363,63,0.0030162092627967,True
7,11c7d9e5be3148dc,"{'num_leaves': 7, 'max_depth': 4, 'min_child_samples': 229, 'min_child_weight': 0.0067405137963740475, 'min_split_gain': 0.0, 'reg_alpha': 0.10249816559563214, 'reg_lambda': 1.2675278269816292, 'subsample': 0.5893232321183057, 'colsample_bytree': 0.8949595315799922, 'learning_rate': 0.00868024323489815, 'max_bin': 127, 'path_smooth': 8.761971101023693, 'extra_trees': True}",-1.9124656812691727,1.9124656812691727,2.6060410887535297,0.6935754074843563,0.2942959182350692,1.0,0.0099375117485708,0.0162867126053184,0.0084242689819053,2.2,826,7,4,229,0.006740513796374,0.0,0.1024981655956321,1.2675278269816292,0.5893232321183057,0.8949595315799922,0.0086802432348981,127,8.761971101023693,True
8,b4c157e1ac461eec,"{'num_leaves': 4, 'max_depth': 2, 'min_child_samples': 397, 'min_child_weight': 0.0001325334260006654, 'min_split_gain': 0.0, 'reg_alpha': 0.2309786149269357, 'reg_lambda': 22.65315641394886, 'subsample': 0.4582939144639281, 'colsample_bytree': 0.6572558349795685, 'learning_rate': 0.008422980195004657, 'max_bin': 63, 'path_smooth': 0.5804314717414073, 'extra_trees': True}",-1.9172962775712208,1.9172962775712208,2.5909289402461027,0.6736326626748821,0.2942680834122527,1.0,0.0099763888055932,0.0162248147670976,0.0084511336513068,3.1,1519,4,2,397,0.0001325334260006,0.0,0.2309786149269357,22.65315641394886,0.4582939144639281,0.6572558349795685,0.0084229801950046,63,0.5804314717414073,True
9,cd0d86698f84c8aa,"{'num_leaves': 4, 'max_depth': 3, 'min_child_samples': 487, 'min_child_weight': 0.00019024283247489598, 'min_split_gain': 0.0, 'reg_alpha': 3.8802797007866876, 'reg_lambda': 63.217324901440215, 'subsample': 0.766550728636634, 'colsample_bytree': 0.5534178746292204, 'learning_rate': 0.01117325161547258, 'max_bin': 127, 'path_smooth': 3.534644144196584, 'extra_trees': False}",-1.913228592362216,1.913228592362216,2.623452493054729,0.7102239006925135,0.2933452580268567,1.0,0.0099468015915822,0.0161849091282845,0.0084532956887948,1.4,586,4,3,487,0.0001902428324748,0.0,3.880279700786688,63.217324901440215,0.766550728636634,0.5534178746292204,0.0111732516154725,127,3.534644144196584,False
10,777742190fb5c87d,"{'num_leaves': 3, 'max_depth': 2, 'min_child_samples': 2214, 'min_child_weight': 0.0004707690774317695, 'min_split_gain': 0.005855726588796253, 'reg_alpha': 0.7058572590901792, 'reg_lambda': 2.9819350171149352, 'subsample': 0.6126998490796338, 'colsample_bytree': 0.7978948430708144, 'learning_rate': 0.02231530892246258, 'max_bin': 63, 'path_smooth': 0.18760068220300655, 'extra_trees': True}",-1.9398073339507027,1.9398073339507027,2.611012314636067,0.6712049806853644,0.2930442116696081,1.0,0.0101461150620658,0.0161508343847202,0.0085457102136773,1.3,548,3,2,2214,0.0004707690774317,0.0058557265887962,0.7058572590901792,2.9819350171149352,0.6126998490796338,0.7978948430708144,0.0223153089224625,63,0.1876006822030065,True
11,70dc9256a2b1c144,"{'num_leaves': 4, 'max_depth': 2, 'min_child_samples': 410, 'min_child_weight': 0.014701320504898972, 'min_split_gain': 0.0, 'reg_alpha': 0.013276678836047658, 'reg_lambda': 1.11848955516645, 'subsample': 0.7727361479535839, 'colsample_bytree': 0.4562664076442293, 'learning_rate': 0.043594187591361626, 'max_bin': 63, 'path_smooth': 0.03024369161272648, 'extra_trees': True}",-1.936234761070549,1.936234761070549,2.594532380464672,0.6582976193941228,0.2935010994995227,1.0,0.0099829760098709,0.0162740349719194,0.0084264607396828,1.1,483,4,2,410,0.0147013205048989,0.0,0.0132766788360476,1.11848955516645,0.7727361479535839,0.4562664076442293,0.0435941875913616,63,0.0302436916127264,True
12,1f9c186f914d1c1c,"{'num_leaves': 10, 'max_depth': -1, 'min_child_samples': 2605, 'min_child_weight': 0.005130781383387444, 'min_split_gain': 0.05554169083020911, 'reg_alpha': 0.0024474057445796832, 'reg_lambda': 16.983001712559073, 'subsample': 0.9450269250521316, 'colsample_bytree': 0.4340504091419144, 'learning_rate': 0.016492999913537285, 'max_bin': 63, 'path_smooth': 0.6138509947844857, 'extra_trees': False}",-1.897643087652748,1.897643087652748,2.5930511151430027,0.6954080274902545,0.2909642120904814,1.0,0.0100776595439705,0.0161941139669755,0.008515180139679,1.2,388,10,-1,2605,0.0051307813833874,0.0555416908302091,0.0024474057445796,16.983001712559073,0.9450269250521316,0.4340504091419144,0.0164929999135372,63,0.6138509947844857,False
13,4b090df191585f4e,"{'num_leaves': 6, 'max_depth': 4, 'min_child_samples': 5331, 'min_child_weight': 0.001032726855012838, 'min_split_gain': 0.015246518242848608, 'reg_alpha': 0.03179302199939539, 'reg_lambda': 1.5415722348909036, 'subsample': 0.7391400704980869, 'colsample_bytree': 0.3715653642780452, 'learning_rate': 0.014607235210304931, 'max_bin': 63, 'path_smooth': 0.23085168151108015, 'extra_trees': True}",-1.915677220687272,1.915677220687272,2.5424494470373715,0.6267722263500994,0.2851941071475743,0.8888888888888888,0.0105480748785013,0.0161599366767055,0.0089234975132609,2.1,1284,6,4,5331,0.0010327268550128,0.0152465182428486,0.0317930219993953,1.5415722348909036,0.7391400704980869,0.3715653642780452,0.0146072352103049,63,0.2308516815110801,True
14,e525cbf7ad4f06d9,"{'num_leaves': 16, 'max_depth': 4, 'min_child_samples': 2098, 'min_child_weight': 0.015075579010793662, 'min_split_gain': 0.0014539199187561544, 'reg_alpha': 8.005866020696466, 'reg_lambda': 10.779551620950164, 'subsample': 0.6114782364706229, 'colsample_bytree': 0.8271117168612221, 'learning_rate': 0.009328294650839059, 'max_bin': 63, 'path_smooth': 0.0012629989039319985, 'extra_trees': False}",-1.9308810384767137,1.9308810384767137,2.597962266539237,0.6670812280625236,0.2903599564802464,1.0,0.0100900307481125,0.0161769275554625,0.008505633420432,1.9,654,16,4,2098,0.0150755790107936,0.0014539199187561,8.005866020696466,10.779551620950164,0.6114782364706229,0.8271117168612221,0.009328294650839,63,0.0012629989039319,False
15,09b4d121c3ea014c,"{'num_leaves': 24, 'max_depth': 6, 'min_child_samples': 1544, 'min_child_weight': 0.006841671828013818, 'min_split_gain': 0.008945150807271526, 'reg_alpha': 0.04768702722931377, 'reg_lambda': 3.1294064907273147, 'subsample': 0.6279863393256307, 'colsample_bytree': 0.8047076662786214, 'learning_rate': 0.00516848777011726, 'max_bin': 63, 'path_smooth': 0.0014551749476072258, 'extra_trees': False}",-1.9024010198556385,1.9024010198556385,2.6066216653198087,0.7042206454641702,0.2896493255986861,1.0,0.0100003625813963,0.016222282784835,0.008446795619194,3.6,1161,24,6,1544,0.0068416718280138,0.0089451508072715,0.0476870272293137,3.1294064907273147,0.6279863393256307,0.8047076662786214,0.0051684877701172,63,0.0014551749476072,False
16,316b89817b42d29c,"{'num_leaves': 12, 'max_depth': 8, 'min_child_samples': 795, 'min_child_weight': 0.007543619025196023, 'min_split_gain': 0.0, 'reg_alpha': 0.10293072560417138, 'reg_lambda': 51.639221030092536, 'subsample': 0.7793468158094725, 'colsample_bytree': 0.4477606562488578, 'learning_rate': 0.0058821859805913606, 'max_bin': 63, 'path_smooth': 0.22034455606330697, 'extra_trees': False}",-1.9149316065745208,1.9149316065745208,2.6322493917103102,0.7173177851357888,0.2911553732316979,1.0,0.0099809976150903,0.0162143676585857,0.0084768339586098,2.7,905,12,8,795,0.007543619025196,0.0,0.1029307256041713,51.639221030092536,0.7793468158094725,0.4477606562488578,0.0058821859805913,63,0.2203445560633069,False
17,19ac71c0f7bffd62,"{'num_leaves': 9, 'max_depth': 6, 'min_child_samples': 289, 'min_child_weight': 0.00011341368900354926, 'min_split_gain': 0.0, 'reg_alpha': 0.002386557173672711, 'reg_lambda': 23.228092500006277, 'subsample': 0.4855943242301145, 'colsample_bytree': 0.5413853781762568, 'learning_rate': 0.03498205476178232, 'max_bin': 127, 'path_smooth': 0.01340970114587244, 'extra_trees': True}",-1.9167425580691968,1.9167425580691968,2.6196602988629456,0.702917740793749,0.2932266224712574,1.0,0.0099208481359443,0.016232635007129,0.0083989839171424,1.1,285,9,6,289,0.0001134136890035,0.0,0.0023865571736727,23.22809250000628,0.4855943242301145,0.5413853781762568,0.0349820547617823,127,0.0134097011458724,True
18,d6fe6cee878ab41a,"{'num_leaves': 19, 'max_depth': -1, 'min_child_samples': 788, 'min_child_weight': 0.021342185100977337, 'min_split_gain': 0.0, 'reg_alpha': 0.02307884981527798, 'reg_lambda': 72.69669235029612, 'subsample': 0.8792063759215059, 'colsample_bytree': 0.607396416425011, 'learning_rate': 0.02817351746953325, 'max_bin': 63, 'path_smooth': 4.075788379136179, 'extra_trees': True}",-1.9285518111819475,1.9285518111819475,2.605184452078753,0.676632640896806,0.2936872118553237,1.0,0.0099828936705512,0.0162013506651916,0.0084383203191032,1.1,323,19,-1,788,0.0213421851009773,0.0,0.0230788498152779,72.69669235029612,0.8792063759215059,0.607396416425011,0.0281735174695332,63,4.075788379136179,True
19,d7dbc3356d159b16,"{'num_leaves': 7, 'max_depth': 8, 'min_child_samples': 2055, 'min_child_weight': 0.0022148104601284707, 'min_split_gain': 0.0, 'reg_alpha': 0.01488823059798356, 'reg_lambda': 4.542857255511142, 'subsample': 0.7862592280385192, 'colsample_bytree': 0.8014247176626079, 'learning_rate': 0.030942047469608068, 'max_bin': 63, 'path_smooth': 0.09499072859745386, 'extra_trees': True}",-1.9386987176948145,1.9386987176948145,2.60562617704059,0.6669274593457764,0.2917481850445916,1.0,0.010047064090731,0.0161246319097511,0.0084743205247052,1.2,434,7,8,2055,0.0022148104601284,0.0,0.0148882305979835,4.542857255511142,0.7862592280385192,0.8014247176626079,0.030942047469608,63,0.0949907285974538,True
20,4c6c0a9334ca5bb2,"{'num_leaves': 10, 'max_depth': -1, 'min_child_samples': 4145, 'min_child_weight': 0.013143973700872006, 'min_split_gain': 1.9545735860656975e-05, 'reg_alpha': 0.002115412774188856, 'reg_lambda': 1.4780033831850359, 'subsample': 0.9433197892505877, 'colsample_bytree': 0.5745624774536722, 'learning_rate': 0.011738487758889688, 'max_bin': 127, 'path_smooth': 8.790311296857817, 'extra_trees': False}",-1.914155579891583,1.914155579891583,2.5842581190305505,0.6701025391389674,0.2877240883689036,1.0,0.0101736492006875,0.016211072492349,0.008544951042534,1.7,642,10,-1,4145,0.013143973700872,1.954573586065697e-05,0.0021154127741888,1.478003383185036,0.9433197892505876,0.5745624774536722,0.0117384877588896,127,8.790311296857817,False
21,dd728863221bf7d1,"{'num_leaves': 3, 'max_depth': 2, 'min_child_samples': 5229, 'min_child_weight': 0.00027527702990881353, 'min_split_gain': 0.0002761311218276601, 'reg_alpha': 0.6142226999077233, 'reg_lambda': 1.3039757884593983, 'subsample': 0.4737656542140592, 'colsample_bytree': 0.6991369712811367, 'learning_rate': 0.013039205536186559, 'max_bin': 63, 'path_smooth': 0.1898308943749558, 'extra_trees': True}",-1.9126941007154816,1.9126941007154816,2.217720230401741,0.3050261296862593,0.2672622221223106,0.8571428571428571,0.0108425149228985,0.0161701812294783,0.0092721614785982,2.5,1599,3,2,5229,0.0002752770299088,0.0002761311218276,0.6142226999077233,1.3039757884593983,0.4737656542140592,0.6991369712811367,0.0130392055361865,63,0.1898308943749558,True
22,04ebd38e3d91c868,"{'num_leaves': 16, 'max_depth': 8, 'min_child_samples': 6731, 'min_child_weight': 0.00015934050699935732, 'min_split_gain': 0.0, 'reg_alpha': 0.002421122007352617, 'reg_lambda': 1.1711821146559391, 'subsample': 0.5171319623089912, 'colsample_bytree': 0.5619073337720892, 'learning_rate': 0.010035772723120156, 'max_bin': 63, 'path_smooth': 0.024034210607805216, 'extra_trees': False}",-1.9174971331630568,1.9174971331630568,2.0406418509975883,0.1231447178345315,0.2550863272289057,1.0,0.0109256658064029,0.0162057604151692,0.0093521277992934,1.6,985,16,8,6731,0.0001593405069993,0.0,0.0024211220073526,1.1711821146559391,0.5171319623089912,0.5619073337720892,0.0100357727231201,63,0.0240342106078052,False
23,63f870bc927df997,"{'num_leaves': 4, 'max_depth': -1, 'min_child_samples': 5987, 'min_child_weight': 0.025606204835376702, 'min_split_gain': 0.0, 'reg_alpha': 0.022264957114560804, 'reg_lambda': 1.6715258272023388, 'subsample': 0.47193748429573124, 'colsample_bytree': 0.4441529586525032, 'learning_rate': 0.010539388718080247, 'max_bin': 63, 'path_smooth': 0.07616960101220897, 'extra_trees': True}",-1.917568627879771,1.917568627879771,2.0371398424494207,0.1195712145696497,0.2608171472454239,1.0,0.0112437248012992,0.0162167637466073,0.009631738384527,1.3,757,4,-1,5987,0.0256062048353767,0.0,0.0222649571145608,1.6715258272023388,0.4719374842957312,0.4441529586525032,0.0105393887180802,63,0.0761696010122089,True
24,c12e2d6a13f5fe6a,"{'num_leaves': 20, 'max_depth': 5, 'min_child_samples': 3722, 'min_child_weight': 0.0008378351929298067, 'min_split_gain': 0.0, 'reg_alpha': 0.05982367677333907, 'reg_lambda': 1.6100489794622606, 'subsample': 0.8045830825552245, 'colsample_bytree': 0.6704458715330734, 'learning_rate': 0.005277876543009014, 'max_bin': 63, 'path_smooth': 0.029215302252570713, 'extra_trees': False}",-1.9055858511934567,1.9055858511934567,2.587319198109719,0.6817333469162625,0.2861288868184636,1.0,0.0101879934312326,0.016210206188684,0.0085597102492621,3.3,1339,20,5,3722,0.0008378351929298,0.0,0.059823676773339,1.6100489794622606,0.8045830825552245,0.6704458715330734,0.005277876543009,63,0.0292153022525707,False
25,9a4af2e184527e06,"{'num_leaves': 9, 'max_depth': -1, 'min_child_samples': 5157, 'min_child_weight': 0.041348902421300814, 'min_split_gain': 0.0002669983365822348, 'reg_alpha': 0.0030273205743443833, 'reg_lambda': 1.5199616407617664, 'subsample': 0.4669200361737641, 'colsample_bytree': 0.499994708457546, 'learning_rate': 0.02465464364558294, 'max_bin': 63, 'path_smooth': 0.29053074907067306, 'extra_trees': False}",-1.953193667012801,1.953193667012801,2.21341093108475,0.2602172640719489,0.2635065192238541,0.8571428571428571,0.0106632690905916,0.0161458358133415,0.00908353795966,1.0,336,9,-1,5157,0.0413489024213008,0.0002669983365822,0.0030273205743443,1.5199616407617664,0.4669200361737641,0.499994708457546,0.0246546436455829,63,0.290530749070673,False
26,b228690830164f8f,"{'num_leaves': 6, 'max_depth': 5, 'min_child_samples': 4554, 'min_child_weight': 0.012391313517982231, 'min_split_gain': 0.00023302425045460044, 'reg_alpha': 0.00675651688817667, 'reg_lambda': 1.3955373303715732, 'subsample': 0.5376850774487673, 'colsample_bytree': 0.5896604966695648, 'learning_rate': 0.027784167228092453, 'max_bin': 63, 'path_smooth': 0.1891939070042979, 'extra_trees': False}",-1.938692198401226,1.938692198401226,2.4694148260141486,0.5307226276129227,0.2764130825885084,1.0,0.0105158385645316,0.0162859530636108,0.0088651015317159,0.8,283,6,5,4554,0.0123913135179822,0.0002330242504546,0.0067565168881766,1.3955373303715732,0.5376850774487673,0.5896604966695648,0.0277841672280924,63,0.1891939070042979,False
27,d498d4a0779e887d,"{'num_leaves': 3, 'max_depth': 4, 'min_child_samples': 2520, 'min_child_weight': 0.0011105029662943054, 'min_split_gain': 0.0018176056942329059, 'reg_alpha': 0.4586711483988312, 'reg_lambda': 3.250320223484198, 'subsample': 0.6878651758753954, 'colsample_bytree': 0.8679623893786503, 'learning_rate': 0.032403940652644465, 'max_bin': 63, 'path_smooth': 0.029910285639248434, 'extra_trees': True}",-1.9372809642716635,1.9372809642716635,2.604093686687248,0.666812722415584,0.2912691529793811,1.0,0.0101137473582476,0.0161044353833842,0.0085269256886879,1.4,585,3,4,2520,0.0011105029662943,0.0018176056942329,0.4586711483988312,3.250320223484198,0.6878651758753954,0.8679623893786503,0.0324039406526444,63,0.0299102856392484,True
28,6590801b8fa8894d,"{'num_leaves': 31, 'max_depth': 8, 'min_child_samples': 7537, 'min_child_weight': 0.03946066149258377, 'min_split_gain': 0.0001314521842572682, 'reg_alpha': 0.009150740566997136, 'reg_lambda': 1.2953544882054226, 'subsample': 0.5841897322593446, 'colsample_bytree': 0.42291541209779066, 'learning_rate': 0.023429707335330188, 'max_bin': 63, 'path_smooth': 0.9049470798641607, 'extra_trees': True}",-1.9244131530483908,1.9244131530483908,2.0297063565089424,0.1052932034605516,0.2620551374297992,1.0,0.0112283715941017,0.0161801701153215,0.0096371151312786,1.1,610,31,8,7537,0.0394606614925837,0.0001314521842572,0.0091507405669971,1.2953544882054226,0.5841897322593446,0.4229154120977906,0.0234297073353301,63,0.9049470798641608,True
29,f641f104f4377987,"{'num_leaves': 8, 'max_depth': -1, 'min_child_samples': 3610, 'min_child_weight': 0.06291430885078583, 'min_split_gain': 0.0, 'reg_alpha': 0.005835376893153599, 'reg_lambda': 5.771953200566753, 'subsample': 0.5478913886375346, 'colsample_bytree': 0.38760962527068143, 'learning_rate': 0.03811842245641828, 'max_bin': 127, 'path_smooth': 2.0853357242428503, 'extra_trees': False}",-1.909923774456978,1.909923774456978,2.547922232126304,0.6379984576693261,0.2822352772419567,1.0,0.0104051114239996,0.0161845914819631,0.0087653708087768,0.8,202,8,-1,3610,0.0629143088507858,0.0,0.0058353768931535,5.771953200566753,0.5478913886375346,0.3876096252706814,0.0381184224564182,127,2.0853357242428503,False
30,06aee5ab372ec68a,"{'num_leaves': 14, 'max_depth': -1, 'min_child_samples': 3936, 'min_child_weight': 0.024474892435734363, 'min_split_gain': 0.0019327136204506886, 'reg_alpha': 0.01279641358711191, 'reg_lambda': 20.68660593848064, 'subsample': 0.575676927739941, 'colsample_bytree': 0.641866720773935, 'learning_rate': 0.01844796634296827, 'max_bin': 63, 'path_smooth': 0.0396920387648384, 'extra_trees': True}",-1.8999638208172749,1.8999638208172749,2.532709529205406,0.6327457083881312,0.2858233774854414,0.8888888888888888,0.0104909003519669,0.0161849944651032,0.0088630511498017,1.5,733,14,-1,3936,0.0244748924357343,0.0019327136204506,0.0127964135871119,20.68660593848064,0.575676927739941,0.641866720773935,0.0184479663429682,63,0.0396920387648384,True
31,768c921172125f40,"{'num_leaves': 5, 'max_depth': -1, 'min_child_samples': 3680, 'min_child_weight': 0.026341935562218248, 'min_split_gain': 8.715134193862677e-05, 'reg_alpha': 0.0420408967536553, 'reg_lambda': 2.3280492461778914, 'subsample': 0.46195681050899623, 'colsample_bytree': 0.7149103660826711, 'learning_rate': 0.018046789225514528, 'max_bin': 127, 'path_smooth': 1.3478399348291195, 'extra_trees': True}",-1.910127029178393,1.910127029178393,2.5375469795151826,0.6274199503367897,0.2833415357880721,1.0,0.0105494611844618,0.0161197979433898,0.0089386451500528,1.3,610,5,-1,3680,0.0263419355622182,8.715134193862677e-05,0.0420408967536553,2.3280492461778914,0.4619568105089962,0.7149103660826711,0.0180467892255145,127,1.3478399348291197,True
32,d554a45aba251045,"{'num_leaves': 4, 'max_depth': 2, 'min_child_samples': 1330, 'min_child_weight': 0.0013299916419584306, 'min_split_gain': 0.0, 'reg_alpha': 2.0724531113221483, 'reg_lambda': 4.427021691561639, 'subsample': 0.6457589134257852, 'colsample_bytree': 0.7570288848932327, 'learning_rate': 0.027234554974761686, 'max_bin': 127, 'path_smooth': 0.27598747593843914, 'extra_trees': True}",-1.912690505980177,1.912690505980177,2.604141433846173,0.6914509278659959,0.2937497254732939,1.0,0.0100472196037204,0.0161633751327687,0.0084858903666221,1.0,397,4,2,1330,0.0013299916419584,0.0,2.0724531113221483,4.427021691561639,0.6457589134257852,0.7570288848932327,0.0272345549747616,127,0.2759874759384391,True
33,7cdb520261e07dce,"{'num_leaves': 12, 'max_depth': -1, 'min_child_samples': 5759, 'min_child_weight': 0.07878152834156674, 'min_split_gain': 1.1442984385034705e-05, 'reg_alpha': 0.008414461050849227, 'reg_lambda': 1.13598406248452, 'subsample': 0.5110885171898965, 'colsample_bytree': 0.562086385946657, 'learning_rate': 0.012526170530383306, 'max_bin': 63, 'path_smooth': 0.5022572918889912, 'extra_trees': True}",-1.9224046359818665,1.9224046359818665,2.153204673824564,0.2308000378426973,0.265637634983764,0.8571428571428571,0.0109439105815787,0.0161540937948561,0.0093890334297204,1.6,984,12,-1,5759,0.0787815283415667,1.1442984385034705e-05,0.0084144610508492,1.13598406248452,0.5110885171898965,0.562086385946657,0.0125261705303833,63,0.5022572918889912,True
34,978bbd688a8b94e0,"{'num_leaves': 10, 'max_depth': 8, 'min_child_samples': 7005, 'min_child_weight': 0.031207530169033656, 'min_split_gain': 0.0004790189679360129, 'reg_alpha': 0.006584024601106599, 'reg_lambda': 1.9375950542532931, 'subsample': 0.45999993541796813, 'colsample_bytree': 0.36472117185508424, 'learning_rate': 0.02489204750211726, 'max_bin': 127, 'path_smooth': 0.06092842317008738, 'extra_trees': False}",-1.9225859539316568,1.9225859539316568,1.888784438241764,-0.0338015156898936,0.2298465281532801,1.0,0.0111482321132071,0.0162061803271976,0.0095723179368202,1.6,985,10,8,7005,0.0312075301690336,0.000479018967936,0.0065840246011065,1.9375950542532927,0.4599999354179681,0.3647211718550842,0.0248920475021172,127,0.0609284231700873,False
35,c58392c289569163,"{'num_leaves': 17, 'max_depth': 5, 'min_child_samples': 4915, 'min_child_weight': 0.00014535488048976618, 'min_split_gain': 0.0063458496555558845, 'reg_alpha': 0.005456275318520869, 'reg_lambda': 3.780268226343971, 'subsample': 0.5754934905417859, 'colsample_bytree': 0.4658097205438026, 'learning_rate': 0.006488802728060619, 'max_bin': 63, 'path_smooth': 0.02014392807534944, 'extra_trees': False}",-1.932526450811288,1.932526450811288,2.470263878072405,0.5377374272611177,0.2748277747076368,0.875,0.0105254112307072,0.0162682579160872,0.0088943500725173,1.9,988,17,5,4915,0.0001453548804897,0.0063458496555558,0.0054562753185208,3.780268226343971,0.5754934905417859,0.4658097205438026,0.0064888027280606,63,0.0201439280753494,False
36,2d00fdfb7174213d,"{'num_leaves': 8, 'max_depth': -1, 'min_child_samples': 6980, 'min_child_weight': 0.030563294640726768, 'min_split_gain': 6.530683855029875e-05, 'reg_alpha': 0.0013862436323506715, 'reg_lambda': 2.2578280461954177, 'subsample': 0.5976600435734223, 'colsample_bytree': 0.4003962325455628, 'learning_rate': 0.03168099998994979, 'max_bin': 63, 'path_smooth': 0.18724759578447406, 'extra_trees': False}",-1.9168952659130785,1.9168952659130785,2.145663128319581,0.2287678624065026,0.2625392906503319,0.8571428571428571,0.0107544222308698,0.0161590820538098,0.0091553390649814,1.0,377,8,-1,6980,0.0305632946407267,6.530683855029875e-05,0.0013862436323506,2.2578280461954177,0.5976600435734223,0.4003962325455628,0.0316809999899497,63,0.187247595784474,False
37,022e7299f5f3b602,"{'num_leaves': 3, 'max_depth': 2, 'min_child_samples': 1544, 'min_child_weight': 0.00023087242877548606, 'min_split_gain': 0.0005485071109576289, 'reg_alpha': 0.04306205891960989, 'reg_lambda': 4.920867221986216, 'subsample': 0.5887751813190414, 'colsample_bytree': 0.8913073475913235, 'learning_rate': 0.022289150309018735, 'max_bin': 63, 'path_smooth': 0.19397068760975572, 'extra_trees': False}",-1.918911229558402,1.918911229558402,2.602727502714046,0.6838162731556445,0.2931320677785351,1.0,0.0100597528001523,0.0161358249851456,0.008506679515223,1.0,347,3,2,1544,0.0002308724287754,0.0005485071109576,0.0430620589196098,4.920867221986216,0.5887751813190414,0.8913073475913235,0.0222891503090187,63,0.1939706876097557,False
38,2f81f1a55076702b,"{'num_leaves': 32, 'max_depth': 5, 'min_child_samples': 3632, 'min_child_weight': 0.00010248191003777782, 'min_split_gain': 0.0, 'reg_alpha': 0.01955578457599302, 'reg_lambda': 2.1414188713077134, 'subsample': 0.6951156419549301, 'colsample_bytree': 0.5445640385830557, 'learning_rate': 0.010320144320496782, 'max_bin': 63, 'path_smooth': 0.1266806305379664, 'extra_trees': True}",-1.9215286015823712,1.9215286015823712,2.579981975526125,0.6584533739437537,0.2895420707595498,1.0,0.0103650223587962,0.0162395298538396,0.0087256891985174,3.0,1362,32,5,3632,0.0001024819100377,0.0,0.019555784575993,2.1414188713077134,0.6951156419549301,0.5445640385830557,0.0103201443204967,63,0.1266806305379664,True
39,32bc8e4999e3c623,"{'num_leaves': 4, 'max_depth': 2, 'min_child_samples': 909, 'min_child_weight': 0.006118480006597981, 'min_split_gain': 1.0024170599330025e-05, 'reg_alpha': 0.6019731134181744, 'reg_lambda': 4.168504033632023, 'subsample': 0.6572553504414408, 'colsample_bytree': 0.7278020528158556, 'learning_rate': 0.02042994045086573, 'max_bin': 63, 'path_smooth': 0.18660947440838233, 'extra_trees': True}",-1.939779810147579,1.939779810147579,2.597661995108276,0.6578821849606968,0.2926983865666607,1.0,0.0099937512845859,0.0162568987296124,0.0084362496620851,2.0,950,4,2,909,0.0061184800065979,1.0024170599330025e-05,0.6019731134181744,4.168504033632023,0.6572553504414408,0.7278020528158556,0.0204299404508657,63,0.1866094744083823,True
40,1f3320ce018db643,"{'num_leaves': 5, 'max_depth': 8, 'min_child_samples': 749, 'min_child_weight': 0.001805102525635431, 'min_split_gain': 1.1814820573198365e-05, 'reg_alpha': 0.8940429332528059, 'reg_lambda': 2.8699610617732807, 'subsample': 0.7579441767988856, 'colsample_bytree': 0.5998956794708095, 'learning_rate': 0.025131693540171314, 'max_bin': 63, 'path_smooth': 0.14493081905036215, 'extra_trees': True}",-1.914027145565194,1.914027145565194,2.5907087308344496,0.6766815852692556,0.2936581755446991,1.0,0.0099902200093787,0.016241924631692,0.0084512724466359,1.2,460,5,8,749,0.0018051025256354,1.1814820573198363e-05,0.8940429332528059,2.8699610617732807,0.7579441767988856,0.5998956794708095,0.0251316935401713,63,0.1449308190503621,True
41,6471b537738654c6,"{'num_leaves': 4, 'max_depth': 2, 'min_child_samples': 297, 'min_child_weight': 0.027703984493632473, 'min_split_gain': 1.0508460589916147e-05, 'reg_alpha': 0.20608733854801342, 'reg_lambda': 9.878610663005636, 'subsample': 0.6465389911097904, 'colsample_bytree': 0.7263331821264948, 'learning_rate': 0.010005684014526625, 'max_bin': 63, 'path_smooth': 0.08851205184618248, 'extra_trees': True}",-1.923399231701712,1.923399231701712,2.5964724698353283,0.6730732381336166,0.2945025763558661,1.0,0.0099611709725367,0.0162165881219912,0.0084327646958493,2.6,1353,4,2,297,0.0277039844936324,1.0508460589916149e-05,0.2060873385480134,9.878610663005636,0.6465389911097904,0.7263331821264948,0.0100056840145266,63,0.0885120518461824,True
42,b2da01dfc6774d5f,"{'num_leaves': 4, 'max_depth': -1, 'min_child_samples': 455, 'min_child_weight': 0.02737755746713223, 'min_split_gain': 1.0437024376937838e-05, 'reg_alpha': 0.20039088110667705, 'reg_lambda': 1.120249123629668, 'subsample': 0.766443232053835, 'colsample_bytree': 0.7224207687615027, 'learning_rate': 0.025466458978746647, 'max_bin': 63, 'path_smooth': 0.3014847558875668, 'extra_trees': False}",-1.921825217091168,1.921825217091168,2.6196033804635754,0.6977781633724081,0.2931135335078081,1.0,0.009959343448403,0.0162270172516415,0.0084515542756439,0.8,250,4,-1,455,0.0273775574671322,1.0437024376937838e-05,0.200390881106677,1.120249123629668,0.766443232053835,0.7224207687615027,0.0254664589787466,63,0.3014847558875668,False
43,638feb399c1cd48e,"{'num_leaves': 4, 'max_depth': 2, 'min_child_samples': 1552, 'min_child_weight': 0.005186939346074235, 'min_split_gain': 5.053412831477655e-05, 'reg_alpha': 0.1796437708948348, 'reg_lambda': 3.0840975273696083, 'subsample': 0.7930841917117468, 'colsample_bytree': 0.7784915985288072, 'learning_rate': 0.016283375911802393, 'max_bin': 63, 'path_smooth': 4.598403325456383, 'extra_trees': True}",-1.920584261727308,1.920584261727308,2.6053207233774227,0.6847364616501148,0.2932833687777664,1.0,0.010017477825288,0.0162137480493703,0.0084660097149049,2.1,1051,4,2,1552,0.0051869393460742,5.053412831477655e-05,0.1796437708948348,3.0840975273696083,0.7930841917117468,0.7784915985288072,0.0162833759118023,63,4.598403325456383,True
44,d57a96b09ac5cca4,"{'num_leaves': 3, 'max_depth': 2, 'min_child_samples': 3360, 'min_child_weight': 0.0005666658477694835, 'min_split_gain': 6.499146545644792e-05, 'reg_alpha': 0.34875975229633144, 'reg_lambda': 7.5927625282459, 'subsample': 0.6620818993829922, 'colsample_bytree': 0.7047235246429495, 'learning_rate': 0.0241187872614268, 'max_bin': 63, 'path_smooth': 0.475490571590223, 'extra_trees': True}",-1.915780785629652,1.915780785629652,2.5811124005744466,0.6653316149447952,0.2890414522348172,1.0,0.0103640777096518,0.0162151131517116,0.0087145348348213,1.4,521,3,2,3360,0.0005666658477694,6.499146545644792e-05,0.3487597522963314,7.5927625282459,0.6620818993829922,0.7047235246429495,0.0241187872614268,63,0.475490571590223,True
45,b7e6a653ee130774,"{'num_leaves': 11, 'max_depth': 5, 'min_child_samples': 6419, 'min_child_weight': 0.0005984353795284138, 'min_split_gain': 0.0, 'reg_alpha': 0.007505837812222605, 'reg_lambda': 4.3613839902362646, 'subsample': 0.6469766201750194, 'colsample_bytree': 0.49673445782373615, 'learning_rate': 0.012754915622927882, 'max_bin': 127, 'path_smooth': 0.001075193907735558, 'extra_trees': False}",-1.934160648439296,1.934160648439296,2.3117235638567712,0.3775629154174751,0.2664503132838077,1.0,0.0105972839871957,0.0162098364914746,0.0090089930423854,1.2,579,11,5,6419,0.0005984353795284,0.0,0.0075058378122226,4.3613839902362646,0.6469766201750194,0.4967344578237361,0.0127549156229278,127,0.0010751939077355,False
46,a7509cd84ea7323c,"{'num_leaves': 4, 'max_depth': 2, 'min_child_samples': 515, 'min_child_weight': 0.025020203885624884, 'min_split_gain': 1.0401701484557657e-05, 'reg_alpha': 5.681301703252183, 'reg_lambda': 1.378293526369909, 'subsample': 0.6222902091838243, 'colsample_bytree': 0.6998140372700727, 'learning_rate': 0.02975156854816735, 'max_bin': 63, 'path_smooth': 0.15581123810093708, 'extra_trees': True}",-1.9155611825157464,1.9155611825157464,2.6029403390021835,0.6873791564864371,0.2932803781409595,1.0,0.0099594032516298,0.0162211229652405,0.0084234197661875,1.2,537,4,2,515,0.0250202038856248,1.0401701484557656e-05,5.681301703252183,1.378293526369909,0.6222902091838243,0.6998140372700727,0.0297515685481673,63,0.155811238100937,True
47,0c1b0c63575a8bcd,"{'num_leaves': 29, 'max_depth': 5, 'min_child_samples': 3995, 'min_child_weight': 0.0009635302789560132, 'min_split_gain': 0.0, 'reg_alpha': 0.0067002133545814024, 'reg_lambda': 1.9501395608356609, 'subsample': 0.6043849286558296, 'colsample_bytree': 0.6405564533114014, 'learning_rate': 0.012496610786012668, 'max_bin': 63, 'path_smooth': 0.003263636455782067, 'extra_trees': False}",-1.9345861014315184,1.9345861014315184,2.534309729782676,0.5997236283511576,0.2812651494923315,1.0,0.0103993031776343,0.0162456579063791,0.0087542362169435,1.4,525,29,5,3995,0.000963530278956,0.0,0.0067002133545814,1.9501395608356609,0.6043849286558296,0.6405564533114014,0.0124966107860126,63,0.003263636455782,False
48,82779af2689aa0dc,"{'num_leaves': 6, 'max_depth': 8, 'min_child_samples': 1688, 'min_child_weight': 0.012945129755356352, 'min_split_gain': 0.005254716955576109, 'reg_alpha': 0.004186235139300855, 'reg_lambda': 9.358994942810924, 'subsample': 0.4750721844276041, 'colsample_bytree': 0.6177983863570577, 'learning_rate': 0.01807404166047398, 'max_bin': 63, 'path_smooth': 1.0230099436045534, 'extra_trees': True}",-1.934105710794781,1.934105710794781,2.6101361022908462,0.6760303914960653,0.2921393970387907,1.0,0.0101581452793015,0.0162043016401428,0.0085435360161752,2.1,823,6,8,1688,0.0129451297553563,0.0052547169555761,0.0041862351393008,9.358994942810924,0.4750721844276041,0.6177983863570577,0.0180740416604739,63,1.0230099436045534,True
49,2f1fe8fad4eeb89a,"{'num_leaves': 6, 'max_depth': 8, 'min_child_samples': 3657, 'min_child_weight': 0.03508099524690078, 'min_split_gain': 7.20798908912398e-05, 'reg_alpha': 0.03231407542249589, 'reg_lambda': 1.242289013375204, 'subsample': 0.48199779704920004, 'colsample_bytree': 0.5347275119310484, 'learning_rate': 0.028904359061731274, 'max_bin': 63, 'path_smooth': 1.7646943774279384, 'extra_trees': False}",-1.949073353847342,1.949073353847342,2.5435761317852226,0.5945027779378806,0.2776054994430074,1.0,0.0104576076524832,0.016256857305636,0.0088197249043567,0.9,285,6,8,3657,0.0350809952469007,7.20798908912398e-05,0.0323140754224958,1.242289013375204,0.4819977970492,0.5347275119310484,0.0289043590617312,63,1.7646943774279384,False
50,dd05f83b2f352558,"{'num_leaves': 8, 'max_depth': 8, 'min_child_samples': 2021, 'min_child_weight': 0.09988388076100761, 'min_split_gain': 7.698758573030254e-05, 'reg_alpha': 0.002395082894645973, 'reg_lambda': 2.7378070599416673, 'subsample': 0.5301928407142968, 'colsample_bytree': 0.5524235944176863, 'learning_rate': 0.0299119789328737, 'max_bin': 63, 'path_smooth': 2.62487914205985, 'extra_trees': False}",-1.893453868213467,1.893453868213467,2.5921437786259363,0.6986899104124693,0.2865066727960414,1.0,0.0101112280001203,0.0162094023791928,0.0084920035646363,1.0,282,8,8,2021,0.0998838807610076,7.698758573030254e-05,0.0023950828946459,2.737807059941668,0.5301928407142968,0.5524235944176863,0.0299119789328737,63,2.62487914205985,False
51,06b07da6244a00dc,"{'num_leaves': 3, 'max_depth': 8, 'min_child_samples': 4507, 'min_child_weight': 0.06961505537361315, 'min_split_gain': 4.9080735263784425e-05, 'reg_alpha': 0.17385539848806045, 'reg_lambda': 1.0101835217902513, 'subsample': 0.4538340094458666, 'colsample_bytree': 0.47935607367373306, 'learning_rate': 0.04086648175638419, 'max_bin': 63, 'path_smooth': 0.974336311070534, 'extra_trees': False}",-1.93577195849465,1.93577195849465,2.322739957340989,0.3869679988463395,0.2675748338851187,1.0,0.0105684066666806,0.0161897501751707,0.0089596785335236,0.9,285,3,8,4507,0.0696150553736131,4.9080735263784425e-05,0.1738553984880604,1.0101835217902513,0.4538340094458666,0.479356073673733,0.0408664817563841,63,0.974336311070534,False
52,129948a16edc2874,"{'num_leaves': 22, 'max_depth': 8, 'min_child_samples': 2556, 'min_child_weight': 0.01511827780903789, 'min_split_gain': 0.0, 'reg_alpha': 0.001202848915627905, 'reg_lambda': 1.9547056549635449, 'subsample': 0.4755411859974809, 'colsample_bytree': 0.5153967682713577, 'learning_rate': 0.01815962077763923, 'max_bin': 63, 'path_smooth': 0.10521111877294632, 'extra_trees': False}",-1.901990297694041,1.901990297694041,2.5987598280721893,0.6967695303781483,0.2854573469687619,1.0,0.0102411163112648,0.0161642414772991,0.0086184382354131,1.1,331,22,8,2556,0.0151182778090378,0.0,0.0012028489156279,1.9547056549635449,0.4755411859974809,0.5153967682713577,0.0181596207776392,63,0.1052111187729463,False
53,4767eb5b31207305,"{'num_leaves': 4, 'max_depth': 6, 'min_child_samples': 1270, 'min_child_weight': 0.0008550290487264354, 'min_split_gain': 0.0, 'reg_alpha': 0.3382375957244303, 'reg_lambda': 1.6307616439911845, 'subsample': 0.5977642237465624, 'colsample_bytree': 0.682782130636281, 'learning_rate': 0.02500666339446665, 'max_bin': 63, 'path_smooth': 0.4858830968095907, 'extra_trees': True}",-1.9363307716542444,1.9363307716542444,2.6046569929343386,0.6683262212800942,0.2928645663911836,1.0,0.0100530341982279,0.0161751949898952,0.0084740878715666,1.4,528,4,6,1270,0.0008550290487264,0.0,0.3382375957244303,1.6307616439911845,0.5977642237465624,0.682782130636281,0.0250066633944666,63,0.4858830968095907,True
54,f959c8b751c6b606,"{'num_leaves': 4, 'max_depth': 2, 'min_child_samples': 2578, 'min_child_weight': 0.00017921344142827157, 'min_split_gain': 0.0, 'reg_alpha': 0.02383869207216946, 'reg_lambda': 1.304168410414538, 'subsample': 0.7134806482694026, 'colsample_bytree': 0.49255372373551076, 'learning_rate': 0.008122351683705904, 'max_bin': 63, 'path_smooth': 0.00771419007792713, 'extra_trees': False}",-1.9404938969946008,1.9404938969946008,2.60240778439068,0.661913887396079,0.2913774359365714,1.0,0.0100965576575249,0.0161248970550605,0.0085194643657374,2.2,1053,4,2,2578,0.0001792134414282,0.0,0.0238386920721694,1.304168410414538,0.7134806482694026,0.4925537237355107,0.0081223516837059,63,0.0077141900779271,False
55,491ca9507c59acd3,"{'num_leaves': 6, 'max_depth': 3, 'min_child_samples': 1605, 'min_child_weight': 0.07769856836507723, 'min_split_gain': 1.0675107016474115e-05, 'reg_alpha': 0.013554468859688034, 'reg_lambda': 1.4626585570966755, 'subsample': 0.5191530208707735, 'colsample_bytree': 0.6434761548023672, 'learning_rate': 0.03002307718282912, 'max_bin': 63, 'path_smooth': 0.07979700060153576, 'extra_trees': True}",-1.9159561375501697,1.9159561375501697,2.610764004687247,0.6948078671370774,0.2930822208524511,1.0,0.0101095082924622,0.0161829017127178,0.0085072906869774,1.4,599,6,3,1605,0.0776985683650772,1.0675107016474116e-05,0.013554468859688,1.4626585570966757,0.5191530208707735,0.6434761548023672,0.0300230771828291,63,0.0797970006015357,True
56,eb6403eb3a273271,"{'num_leaves': 4, 'max_depth': 2, 'min_child_samples': 2337, 'min_child_weight': 0.00033790803851537247, 'min_split_gain': 0.0, 'reg_alpha': 0.1368000597244895, 'reg_lambda': 1.6082791998119494, 'subsample': 0.7605534401727962, 'colsample_bytree': 0.4824406838225711, 'learning_rate': 0.00975431686429156, 'max_bin': 63, 'path_smooth': 0.0075821561441070575, 'extra_trees': False}",-1.9284119119455183,1.9284119119455183,2.608710101842565,0.6802981898970464,0.2914094124603527,1.0,0.0100605961508041,0.0161447482276543,0.0084955353601987,2.1,1021,4,2,2337,0.0003379080385153,0.0,0.1368000597244895,1.6082791998119494,0.7605534401727962,0.4824406838225711,0.0097543168642915,63,0.007582156144107,False
57,e599da58b7929206,"{'num_leaves': 8, 'max_depth': 8, 'min_child_samples': 1361, 'min_child_weight': 0.018449429356591714, 'min_split_gain': 7.474053396766385e-05, 'reg_alpha': 0.09985456239401272, 'reg_lambda': 1.6103638561279452, 'subsample': 0.45964013398923104, 'colsample_bytree': 0.6338017193168493, 'learning_rate': 0.0206819477090012, 'max_bin': 127, 'path_smooth': 0.44312705834417815, 'extra_trees': False}",-1.9156250683714853,1.9156250683714853,2.6103254791802843,0.6947004108087989,0.2897224078328707,1.0,0.010049589550394,0.0161501732758914,0.0084744852281005,1.1,283,8,8,1361,0.0184494293565917,7.474053396766385e-05,0.0998545623940127,1.6103638561279452,0.459640133989231,0.6338017193168493,0.0206819477090012,127,0.4431270583441781,False
58,e74daef530aa7b29,"{'num_leaves': 63, 'max_depth': 8, 'min_child_samples': 4148, 'min_child_weight': 0.00010844457891163141, 'min_split_gain': 3.833374736573322e-05, 'reg_alpha': 0.008876576949771656, 'reg_lambda': 2.1321770027964493, 'subsample': 0.7204608872351632, 'colsample_bytree': 0.4626325357507886, 'learning_rate': 0.024428202182603904, 'max_bin': 63, 'path_smooth': 0.010279770122832963, 'extra_trees': False}",-1.9074737738165009,1.9074737738165009,2.548179679473252,0.6407059056567508,0.2828066279402557,0.8888888888888888,0.0103066670340765,0.0162343435789096,0.008681401886225,0.9,270,63,8,4148,0.0001084445789116,3.833374736573322e-05,0.0088765769497716,2.1321770027964493,0.7204608872351632,0.4626325357507886,0.0244282021826039,63,0.0102797701228329,False
59,e6a07d22e12cc480,"{'num_leaves': 4, 'max_depth': 4, 'min_child_samples': 6399, 'min_child_weight': 0.0948537651827793, 'min_split_gain': 0.05304341423323221, 'reg_alpha': 0.00151526878850749, 'reg_lambda': 1.1411532660147148, 'subsample': 0.49677476317013514, 'colsample_bytree': 0.4397048049010832, 'learning_rate': 0.02420869655006681, 'max_bin': 63, 'path_smooth': 0.11742434943992806, 'extra_trees': True}",-1.9164449565475936,1.9164449565475936,2.0151305400361728,0.0986855834885791,0.2586555256479544,1.0,0.0112212127521582,0.0162245934727371,0.0096163307011289,1.3,747,4,4,6399,0.0948537651827793,0.0530434142332322,0.0015152687885074,1.1411532660147148,0.4967747631701351,0.4397048049010832,0.0242086965500668,63,0.117424349439928,True
60,b0a5ea3e2b1f9163,"{'num_leaves': 4, 'max_depth': 6, 'min_child_samples': 792, 'min_child_weight': 0.007132213988910991, 'min_split_gain': 1.0287144499923569e-05, 'reg_alpha': 0.6387177354626987, 'reg_lambda': 3.3654114382303266, 'subsample': 0.6137721895116518, 'colsample_bytree': 0.881945836621377, 'learning_rate': 0.017383582197334015, 'max_bin': 127, 'path_smooth': 0.6093280366632359, 'extra_trees': True}",-1.9339090770117164,1.9339090770117164,2.5896299774802802,0.6557209004685638,0.29478129599484115,1.0,0.009978763131598803,0.016203835239164615,0.008443634558345464,1.5,589,4,6,792,0.007132213988910991,1.0287144499923569e-05,0.6387177354626987,3.3654114382303266,0.6137721895116518,0.881945836621377,0.017383582197334015,127,0.6093280366632359,True
