trial_no,param_hash,params,feature_k,objective_score,valid_ratio_p925,train_ratio_p925,train_valid_gap,spearman_rho,decile_monotonicity,valid_rmse,train_rmse,valid_mae,elapsed_s,best_iteration,p_num_leaves,p_max_depth,p_min_child_samples,p_min_child_weight,p_min_split_gain,p_reg_alpha,p_reg_lambda,p_subsample,p_colsample_bytree,p_learning_rate,p_max_bin,p_path_smooth,p_extra_trees,p_feature_k
1,a0b5e998b3f00110,"{'num_leaves': 8, 'max_depth': -1, 'min_child_samples': 7159, 'min_child_weight': 0.03142880890840111, 'min_split_gain': 1.2087541473056957e-05, 'reg_alpha': 0.0070689749506246055, 'reg_lambda': 2.310201887845293, 'subsample': 0.5417022549267169, 'colsample_bytree': 0.5325453457757225, 'learning_rate': 0.016738881542579662, 'max_bin': 63, 'path_smooth': 0.2801635158716261, 'extra_trees': True, 'feature_k': 9}",9,-0.9012252704904392,0.0,0.0,0.0693382594803783,-0.0111276125270927,0.4444444444444444,0.0085548765400562,0.0135886205862273,0.0050129654111386,0.7,211,8,-1,7159,0.0314288089084011,1.2087541473056955e-05,0.0070689749506246,2.310201887845293,0.5417022549267169,0.5325453457757225,0.0167388815425796,63,0.2801635158716261,True,9
2,7ca53848f20b92b6,"{'num_leaves': 11, 'max_depth': -1, 'min_child_samples': 3944, 'min_child_weight': 0.0008200518402245837, 'min_split_gain': 0.07286653737491042, 'reg_alpha': 0.002458603276328005, 'reg_lambda': 23.359635026261596, 'subsample': 0.6700762468698006, 'colsample_bytree': 0.4232229409068673, 'learning_rate': 0.015636765183901856, 'max_bin': 127, 'path_smooth': 0.010842262717330166, 'extra_trees': False, 'feature_k': 15}",15,-0.940072499134886,0.0,0.0,0.0338227673248696,-0.0079507222056279,0.5555555555555556,0.0085550898564312,0.0135962624353608,0.0050110342774562,0.7,88,11,-1,3944,0.0008200518402245,0.0728665373749104,0.002458603276328,23.3596350262616,0.6700762468698006,0.4232229409068673,0.0156367651839018,127,0.0108422627173301,False,15
3,fa633b64108ef674,"{'num_leaves': 4, 'max_depth': 2, 'min_child_samples': 663, 'min_child_weight': 0.001465655388622534, 'min_split_gain': 1.5167330688076188e-05, 'reg_alpha': 0.01217295809836997, 'reg_lambda': 45.44383960336016, 'subsample': 0.6283766633467947, 'colsample_bytree': 0.5185607058124284, 'learning_rate': 0.017444803725696106, 'max_bin': 127, 'path_smooth': 0.0019870215385428634, 'extra_trees': False, 'feature_k': 5}",5,-1.0362718802652549,0.0,0.0,-0.0413227359996055,0.0119070712835193,0.4444444444444444,0.0085578376792259,0.0135912136912544,0.0050171030104794,0.4,67,4,2,663,0.0014656553886225,1.5167330688076188e-05,0.0121729580983699,45.44383960336016,0.6283766633467947,0.5185607058124284,0.0174448037256961,127,0.0019870215385428,False,5
4,31a97b3b5f4e8376,"{'num_leaves': 3, 'max_depth': -1, 'min_child_samples': 677, 'min_child_weight': 0.0001551225912648476, 'min_split_gain': 0.0, 'reg_alpha': 0.017535949529764425, 'reg_lambda': 4.4706085467784895, 'subsample': 0.814803089169032, 'colsample_bytree': 0.7325344828131278, 'learning_rate': 0.038564059735781746, 'max_bin': 63, 'path_smooth': 0.7128188058401367, 'extra_trees': False, 'feature_k': 36}",36,-1.1385289459155767,0.0,0.0,-0.0617785729886339,0.0061847682688044,0.4444444444444444,0.0085528772082864,0.0136029826494469,0.0050041211156472,0.7,83,3,-1,677,0.0001551225912648,0.0,0.0175359495297644,4.4706085467784895,0.814803089169032,0.7325344828131278,0.0385640597357817,63,0.7128188058401367,False,36
5,9c779c3d0bc1c93f,"{'num_leaves': 12, 'max_depth': 6, 'min_child_samples': 908, 'min_child_weight': 0.01847793417351926, 'min_split_gain': 9.935023909063687e-05, 'reg_alpha': 0.008226074946221037, 'reg_lambda': 1.4254757044027435, 'subsample': 0.594875726456884, 'colsample_bytree': 0.4467327723524026, 'learning_rate': 0.04252728490529761, 'max_bin': 63, 'path_smooth': 3.06085221067225, 'extra_trees': False, 'feature_k': 54}",54,-1.1950422650129666,0.0,0.0,-0.1067081541498631,0.0269561083781373,0.6666666666666666,0.0085459953575851,0.0135999242190345,0.0049942537262917,2.5,45,12,6,908,0.0184779341735192,9.935023909063689e-05,0.008226074946221,1.4254757044027435,0.594875726456884,0.4467327723524026,0.0425272849052976,63,3.06085221067225,False,54
6,bba065ceefca93ab,"{'num_leaves': 4, 'max_depth': 2, 'min_child_samples': 1314, 'min_child_weight': 0.001787446325623842, 'min_split_gain': 0.0, 'reg_alpha': 0.007734482156646798, 'reg_lambda': 1.7367237151593158, 'subsample': 0.6188075857018139, 'colsample_bytree': 0.9157458223475115, 'learning_rate': 0.010523808491663062, 'max_bin': 127, 'path_smooth': 0.02847858516856297, 'extra_trees': False, 'feature_k': 6}",6,-1.0005902937744864,0.0,0.0,0.091734422104847,0.0121826210697578,0.4444444444444444,0.0085595344444515,0.0135932696492213,0.0050211540678399,0.4,71,4,2,1314,0.0017874463256238,0.0,0.0077344821566467,1.7367237151593158,0.6188075857018139,0.9157458223475116,0.010523808491663,127,0.0284785851685629,False,6
7,4acd72c474a633eb,"{'num_leaves': 12, 'max_depth': 4, 'min_child_samples': 341, 'min_child_weight': 0.002940074130903307, 'min_split_gain': 0.0, 'reg_alpha': 8.761971101023693, 'reg_lambda': 3.0486708834580667, 'subsample': 0.7860677737029392, 'colsample_bytree': 0.8069717691972305, 'learning_rate': 0.008641866406575374, 'max_bin': 63, 'path_smooth': 0.3382387201936217, 'extra_trees': False, 'feature_k': 3}",3,-1.0590533565533984,0.0,0.0,-0.0395162252272969,0.0029747389730357,0.4444444444444444,0.0085573285391556,0.013590860865321,0.0050152973506898,1.5,124,12,4,341,0.0029400741309033,0.0,8.761971101023693,3.0486708834580667,0.7860677737029392,0.8069717691972305,0.0086418664065753,63,0.3382387201936217,False,3
8,ef8a20ed4105a7f2,"{'num_leaves': 32, 'max_depth': 5, 'min_child_samples': 2556, 'min_child_weight': 0.0014461256820152153, 'min_split_gain': 4.9827112000811324e-05, 'reg_alpha': 5.583672722754823, 'reg_lambda': 1.8838307787619746, 'subsample': 0.6205331755251292, 'colsample_bytree': 0.4180841127443534, 'learning_rate': 0.04204008859772418, 'max_bin': 63, 'path_smooth': 0.4364516946807793, 'extra_trees': False, 'feature_k': 16}",16,-0.9815121829042488,0.0,0.0,-0.0029789447205569,-0.0128294510478913,0.2222222222222222,0.0085558927309119,0.0135980741083077,0.0050101643931369,0.4,38,32,5,2556,0.0014461256820152,4.982711200081133e-05,5.583672722754823,1.8838307787619744,0.6205331755251292,0.4180841127443534,0.0420400885977241,63,0.4364516946807793,False,16
9,7e7a6c40b3ebd9d6,"{'num_leaves': 5, 'max_depth': 3, 'min_child_samples': 3550, 'min_child_weight': 0.008435191341743056, 'min_split_gain': 0.0, 'reg_alpha': 0.0021705003488711127, 'reg_lambda': 2.105025824748384, 'subsample': 0.8992770942635395, 'colsample_bytree': 0.7138574357957539, 'learning_rate': 0.005107014088805241, 'max_bin': 127, 'path_smooth': 0.001047722656409829, 'extra_trees': True, 'feature_k': 27}",27,-0.8268564754552321,0.0,0.0,0.0456607733994726,-0.0261597702662584,0.4444444444444444,0.0085551223675492,0.0135982278865279,0.0050090500663141,1.5,353,5,3,3550,0.008435191341743,0.0,0.0021705003488711,2.105025824748384,0.8992770942635395,0.7138574357957539,0.0051070140888052,127,0.0010477226564098,True,27
10,178e7ae6cc0aca04,"{'num_leaves': 21, 'max_depth': 8, 'min_child_samples': 282, 'min_child_weight': 0.001268082208042942, 'min_split_gain': 0.0, 'reg_alpha': 0.011502956321912736, 'reg_lambda': 3.0759501068720385, 'subsample': 0.9365052773762228, 'colsample_bytree': 0.5858586348000562, 'learning_rate': 0.038995685532633356, 'max_bin': 127, 'path_smooth': 0.10245858939867322, 'extra_trees': False, 'feature_k': 5}",5,-1.0643482420691373,0.0,0.0,-0.0338794190354321,0.0056185626132897,0.3333333333333333,0.0085594682748102,0.0135923229356264,0.0050207467733085,0.5,16,21,8,282,0.0012680822080429,0.0,0.0115029563219127,3.0759501068720385,0.9365052773762228,0.5858586348000562,0.0389956855326333,127,0.1024585893986732,False,5
11,53ea6918cc8d9ee8,"{'num_leaves': 26, 'max_depth': 6, 'min_child_samples': 6140, 'min_child_weight': 0.0019255395572015624, 'min_split_gain': 0.0, 'reg_alpha': 7.355619850853311, 'reg_lambda': 84.5746003373148, 'subsample': 0.8765047277336799, 'colsample_bytree': 0.5266693352417514, 'learning_rate': 0.012135781063832509, 'max_bin': 63, 'path_smooth': 0.0047639915966305865, 'extra_trees': True, 'feature_k': 28}",28,-0.8986807129278339,0.0,0.0,0.025109345943892,-0.009286388704048,0.3333333333333333,0.008554182367087,0.0135909402719014,0.0050124758374824,0.9,138,26,6,6140,0.0019255395572015,0.0,7.355619850853311,84.5746003373148,0.8765047277336799,0.5266693352417514,0.0121357810638325,63,0.0047639915966305,True,28
12,8285660e2c375ba4,"{'num_leaves': 8, 'max_depth': 3, 'min_child_samples': 590, 'min_child_weight': 0.026796832798314667, 'min_split_gain': 0.00027413507419758244, 'reg_alpha': 1.7396167422846986, 'reg_lambda': 54.21814280975649, 'subsample': 0.9066202762782356, 'colsample_bytree': 0.6568054393165627, 'learning_rate': 0.01586668862464422, 'max_bin': 63, 'path_smooth': 0.6424916813668934, 'extra_trees': True, 'feature_k': 8}",8,-0.8739293681407563,0.0,0.0,0.1378924920812776,-0.0010703795909283,0.5555555555555556,0.0085569557614139,0.0135903939459847,0.0050157835831603,1.0,79,8,3,590,0.0267968327983146,0.0002741350741975,1.7396167422846986,54.21814280975649,0.9066202762782356,0.6568054393165627,0.0158666886246442,63,0.6424916813668934,True,8
13,a545a4abc5832385,"{'num_leaves': 8, 'max_depth': 8, 'min_child_samples': 754, 'min_child_weight': 0.00024053680495891361, 'min_split_gain': 0.01951651378326559, 'reg_alpha': 0.12273630375458194, 'reg_lambda': 34.67265563079218, 'subsample': 0.5579105137484216, 'colsample_bytree': 0.7237342854914002, 'learning_rate': 0.0060857971057506986, 'max_bin': 127, 'path_smooth': 0.1453919918756155, 'extra_trees': True, 'feature_k': 72}",72,-1.0619775164873817,0.0,0.0,-0.0644033272325477,-0.0016729609231326,0.5555555555555556,0.0085521658413926,0.01360670333574,0.0050021906567941,2.9,356,8,8,754,0.0002405368049589,0.0195165137832655,0.1227363037545819,34.67265563079218,0.5579105137484216,0.7237342854914002,0.0060857971057506,127,0.1453919918756155,True,72
14,4be618ee6b0660aa,"{'num_leaves': 13, 'max_depth': 8, 'min_child_samples': 903, 'min_child_weight': 0.0003310418956324517, 'min_split_gain': 0.0, 'reg_alpha': 0.004224235973517089, 'reg_lambda': 3.1658169231879687, 'subsample': 0.7246133323530601, 'colsample_bytree': 0.7787575536200373, 'learning_rate': 0.02286479863770566, 'max_bin': 127, 'path_smooth': 0.8945150807271531, 'extra_trees': True, 'feature_k': 11}",11,-0.8187691444802411,0.0,0.0,0.1343081172009474,-0.0115070290114196,0.3333333333333333,0.0085621571945255,0.013595565956172,0.0050244074630933,0.5,24,13,8,903,0.0003310418956324,0.0,0.004224235973517,3.1658169231879687,0.7246133323530601,0.7787575536200373,0.0228647986377056,127,0.8945150807271531,True,11
15,f7373482d8e1de16,"{'num_leaves': 6, 'max_depth': 8, 'min_child_samples': 286, 'min_child_weight': 0.0029843353644467227, 'min_split_gain': 0.0, 'reg_alpha': 0.07832259769732479, 'reg_lambda': 2.2202595144810537, 'subsample': 0.6669258246189865, 'colsample_bytree': 0.589102840638424, 'learning_rate': 0.02064524791470012, 'max_bin': 63, 'path_smooth': 0.0315101491238403, 'extra_trees': False, 'feature_k': 48}",48,-1.1332312008626892,0.0,0.0,0.0101545084571434,-0.0003449454030149,0.5555555555555556,0.0085523827380333,0.0136005809419357,0.0050040408155063,2.1,85,6,8,286,0.0029843353644467,0.0,0.0783225976973247,2.2202595144810537,0.6669258246189865,0.589102840638424,0.0206452479147001,63,0.0315101491238403,False,48
16,1793045b3fcff1a6,"{'num_leaves': 21, 'max_depth': 6, 'min_child_samples': 1495, 'min_child_weight': 0.06674126383295358, 'min_split_gain': 0.0006807874826564588, 'reg_alpha': 0.035027613678423136, 'reg_lambda': 83.63366476207685, 'subsample': 0.9026753209780318, 'colsample_bytree': 0.46747468087357785, 'learning_rate': 0.005865854755559393, 'max_bin': 63, 'path_smooth': 0.002386557173672711, 'extra_trees': False, 'feature_k': 8}",8,-1.0232216787892177,0.0,0.0,0.0351232445132718,0.0091673655034735,0.4444444444444444,0.0085543300381412,0.0135862578511397,0.005012053753965,1.0,192,21,6,1495,0.0667412638329535,0.0006807874826564,0.0350276136784231,83.63366476207685,0.9026753209780318,0.4674746808735778,0.0058658547555593,63,0.0023865571736727,False,8
17,284eab0c1ec0d328,"{'num_leaves': 38, 'max_depth': 8, 'min_child_samples': 384, 'min_child_weight': 0.01785847026161885, 'min_split_gain': 0.00013431925993528124, 'reg_alpha': 1.6878698558795624, 'reg_lambda': 95.72167377160835, 'subsample': 0.6563088384557132, 'colsample_bytree': 0.5732108514756699, 'learning_rate': 0.029880163192497203, 'max_bin': 127, 'path_smooth': 2.7142572552186843, 'extra_trees': True, 'feature_k': 34}",34,-1.020572113838447,0.0,0.0,-0.0097818045217636,-0.0232588406646419,0.4444444444444444,0.0085510869593202,0.0135984999199994,0.004999901299631,0.9,58,38,8,384,0.0178584702616188,0.0001343192599352,1.6878698558795624,95.72167377160837,0.6563088384557132,0.5732108514756699,0.0298801631924972,127,2.7142572552186843,True,34
18,cd6ecfed2bdff31c,"{'num_leaves': 3, 'max_depth': -1, 'min_child_samples': 648, 'min_child_weight': 0.07082488877259253, 'min_split_gain': 0.0, 'reg_alpha': 6.344955605329754, 'reg_lambda': 14.024125070550067, 'subsample': 0.7659186060848996, 'colsample_bytree': 0.6190673131869918, 'learning_rate': 0.009821566828258601, 'max_bin': 127, 'path_smooth': 1.0221111307208344, 'extra_trees': False, 'feature_k': 3}",3,-0.9784127099510308,0.0,0.0,0.0620596828651092,0.0039350006370326,0.3333333333333333,0.0085578538624964,0.0135912632181541,0.0050155796668992,0.5,149,3,-1,648,0.0708248887725925,0.0,6.344955605329754,14.024125070550069,0.7659186060848996,0.6190673131869918,0.0098215668282586,127,1.0221111307208344,False,3
19,f8b71177019b2699,"{'num_leaves': 12, 'max_depth': 4, 'min_child_samples': 290, 'min_child_weight': 0.0001787806114764849, 'min_split_gain': 0.0, 'reg_alpha': 0.6366144994552211, 'reg_lambda': 1.39806065178364, 'subsample': 0.8609300296451781, 'colsample_bytree': 0.7737453362938977, 'learning_rate': 0.006030020449780428, 'max_bin': 127, 'path_smooth': 0.03141110271934876, 'extra_trees': True, 'feature_k': 65}",65,-1.0486996219890072,0.0,0.0,0.0428953307368831,0.0081956638067553,0.4444444444444444,0.0085503722876262,0.0136043940356984,0.0049996244237321,2.2,347,12,4,290,0.0001787806114764,0.0,0.6366144994552211,1.39806065178364,0.8609300296451781,0.7737453362938977,0.0060300204497804,127,0.0314111027193487,True,65
20,0d582b15abcec030,"{'num_leaves': 61, 'max_depth': 8, 'min_child_samples': 1125, 'min_child_weight': 0.0001475400162806172, 'min_split_gain': 1.1102341430568339e-05, 'reg_alpha': 0.0029872506553136487, 'reg_lambda': 1.7181160447978314, 'subsample': 0.7746051510580317, 'colsample_bytree': 0.797626927559254, 'learning_rate': 0.019157497141753767, 'max_bin': 63, 'path_smooth': 0.013894673469237211, 'extra_trees': False, 'feature_k': 69}",69,-1.1591697439687034,0.0,0.0,0.115107153127768,0.0266549735029227,0.3333333333333333,0.0085467800955655,0.0135931753241776,0.0049960618500604,1.4,79,61,8,1125,0.0001475400162806,1.110234143056834e-05,0.0029872506553136,1.7181160447978314,0.7746051510580317,0.797626927559254,0.0191574971417537,63,0.0138946734692372,False,69
21,42de1bbbefdf2fdd,"{'num_leaves': 13, 'max_depth': 6, 'min_child_samples': 1378, 'min_child_weight': 0.013083932479569429, 'min_split_gain': 0.0, 'reg_alpha': 0.027895008270735364, 'reg_lambda': 3.200702310791133, 'subsample': 0.7370111001127096, 'colsample_bytree': 0.44624552673081447, 'learning_rate': 0.04478660902975572, 'max_bin': 63, 'path_smooth': 4.190659311480278, 'extra_trees': False, 'feature_k': 52}",52,-1.1139532872996127,0.0,0.0,0.1660185408363428,0.0046939080826286,0.6666666666666666,0.0085474029383102,0.013597820993321,0.0049952801575805,1.1,49,13,6,1378,0.0130839324795694,0.0,0.0278950082707353,3.200702310791133,0.7370111001127096,0.4462455267308144,0.0447866090297557,63,4.190659311480278,False,52
22,b829c4a4869a09a2,"{'num_leaves': 3, 'max_depth': -1, 'min_child_samples': 590, 'min_child_weight': 0.0004779621121859563, 'min_split_gain': 0.0, 'reg_alpha': 0.004642408511698081, 'reg_lambda': 4.825148830004541, 'subsample': 0.8845953822854229, 'colsample_bytree': 0.786638992645688, 'learning_rate': 0.03315105484054929, 'max_bin': 63, 'path_smooth': 0.07504583322153133, 'extra_trees': False, 'feature_k': 55}",55,-1.1008665049025463,0.0,0.0,0.1692019438154588,0.0166466116649098,0.3333333333333333,0.008550124526915,0.0136032723088333,0.0049988632919514,1.0,160,3,-1,590,0.0004779621121859,0.0,0.004642408511698,4.825148830004541,0.8845953822854229,0.786638992645688,0.0331510548405492,63,0.0750458332215313,False,55
23,8a2c4637e12d6213,"{'num_leaves': 31, 'max_depth': 8, 'min_child_samples': 764, 'min_child_weight': 0.0001795825221168218, 'min_split_gain': 0.0022767133838594526, 'reg_alpha': 0.07434694659498299, 'reg_lambda': 1.814573088066756, 'subsample': 0.8736607822236787, 'colsample_bytree': 0.6644652489689813, 'learning_rate': 0.028952117977125276, 'max_bin': 63, 'path_smooth': 0.005403014173349562, 'extra_trees': True, 'feature_k': 68}",68,-1.0991328017033883,0.0,0.0,0.0328947988643559,-0.0122990370211294,0.5555555555555556,0.0085541321856601,0.0136009742451749,0.0050061833103391,1.2,37,31,8,764,0.0001795825221168,0.0022767133838594,0.0743469465949829,1.814573088066756,0.8736607822236787,0.6644652489689813,0.0289521179771252,63,0.0054030141733495,True,68
24,05f8b17f6184be8b,"{'num_leaves': 62, 'max_depth': -1, 'min_child_samples': 2580, 'min_child_weight': 0.00020972300409087714, 'min_split_gain': 1.0228910428069737e-05, 'reg_alpha': 0.004844326447722904, 'reg_lambda': 3.3297396585942782, 'subsample': 0.928732191961842, 'colsample_bytree': 0.8658795125638084, 'learning_rate': 0.02219139561651965, 'max_bin': 63, 'path_smooth': 0.008214965441809316, 'extra_trees': False, 'feature_k': 46}",46,-0.9367664183460808,0.0,0.0,0.0463025209762778,-0.0247537081271919,0.4444444444444444,0.0085579165627786,0.0136067880890148,0.0050125303074218,1.0,38,62,-1,2580,0.0002097230040908,1.0228910428069737e-05,0.0048443264477229,3.3297396585942782,0.928732191961842,0.8658795125638084,0.0221913956165196,63,0.0082149654418093,False,46
25,ff18479d24ffbb17,"{'num_leaves': 5, 'max_depth': -1, 'min_child_samples': 1341, 'min_child_weight': 0.00010278747765112429, 'min_split_gain': 0.0, 'reg_alpha': 0.03846131639858846, 'reg_lambda': 14.005059077957469, 'subsample': 0.8050885634713264, 'colsample_bytree': 0.7430009581951813, 'learning_rate': 0.030836865528987116, 'max_bin': 127, 'path_smooth': 6.443368965609855, 'extra_trees': False, 'feature_k': 25}",25,-0.948551039636118,0.0,0.0,0.0888125856180441,-0.006922324901659,0.5555555555555556,0.0085544124452919,0.0136058387147816,0.0050032613697842,0.6,84,5,-1,1341,0.0001027874776511,0.0,0.0384613163985884,14.005059077957467,0.8050885634713264,0.7430009581951813,0.0308368655289871,127,6.443368965609855,False,25
26,10f8b8f82ac83569,"{'num_leaves': 9, 'max_depth': 6, 'min_child_samples': 455, 'min_child_weight': 0.023115010003079903, 'min_split_gain': 0.00013733750151776898, 'reg_alpha': 0.013363421711106492, 'reg_lambda': 1.1638875794710921, 'subsample': 0.4834763326376102, 'colsample_bytree': 0.4058176780301534, 'learning_rate': 0.04941855906402974, 'max_bin': 63, 'path_smooth': 0.5204594108379552, 'extra_trees': False, 'feature_k': 64}",64,-1.1219497081216545,0.0,0.0,0.1034974472959955,0.0201543183875388,0.5555555555555556,0.0085503494932309,0.0135987498557244,0.0050019219771423,0.7,34,9,6,455,0.0231150100030799,0.0001373375015177,0.0133634217111064,1.163887579471092,0.4834763326376102,0.4058176780301534,0.0494185590640297,63,0.5204594108379552,False,64
27,d086c34f852cfd9d,"{'num_leaves': 61, 'max_depth': 8, 'min_child_samples': 468, 'min_child_weight': 0.009360662982680533, 'min_split_gain': 7.121401500270524e-05, 'reg_alpha': 0.0012334687669964118, 'reg_lambda': 10.298990208436633, 'subsample': 0.7594669584224275, 'colsample_bytree': 0.7200671744679876, 'learning_rate': 0.03157063568605282, 'max_bin': 63, 'path_smooth': 0.026078250428846858, 'extra_trees': False, 'feature_k': 54}",54,-1.1309308416289283,0.0,0.0,0.2944162546466748,0.0335473624278904,0.5555555555555556,0.0085371519438097,0.0135736972572571,0.0049821483597494,1.3,55,61,8,468,0.0093606629826805,7.121401500270524e-05,0.0012334687669964,10.298990208436631,0.7594669584224275,0.7200671744679876,0.0315706356860528,63,0.0260782504288468,False,54
28,320ba6bbcfd5e2bc,"{'num_leaves': 50, 'max_depth': 8, 'min_child_samples': 780, 'min_child_weight': 0.00011854568496792309, 'min_split_gain': 0.002207358647637239, 'reg_alpha': 0.007447969798356056, 'reg_lambda': 3.321693724470129, 'subsample': 0.7097442784978046, 'colsample_bytree': 0.9460058294585265, 'learning_rate': 0.009688063527148499, 'max_bin': 63, 'path_smooth': 0.012706003544584892, 'extra_trees': False, 'feature_k': 69}",69,-1.1645559594564254,0.0,0.0,0.2433577887773534,0.0295866641792128,0.6666666666666666,0.0085449123061613,0.0135855045626377,0.0049949472336814,2.0,144,50,8,780,0.0001185456849679,0.0022073586476372,0.007447969798356,3.321693724470129,0.7097442784978046,0.9460058294585264,0.0096880635271484,63,0.0127060035445848,False,69
29,2f9278cb1fe9bf30,"{'num_leaves': 59, 'max_depth': 8, 'min_child_samples': 780, 'min_child_weight': 0.0010055289957237158, 'min_split_gain': 0.003715770688290224, 'reg_alpha': 0.0011671975837583284, 'reg_lambda': 2.065843328500352, 'subsample': 0.6504024177469913, 'colsample_bytree': 0.9031174524962338, 'learning_rate': 0.008988995972942417, 'max_bin': 63, 'path_smooth': 0.001452155516021914, 'extra_trees': False, 'feature_k': 54}",54,-1.1132699751978332,0.0,0.0,0.1823635075916354,0.0275880149992018,0.4444444444444444,0.0085444868103368,0.0135898455717183,0.0049925078069062,1.8,172,59,8,780,0.0010055289957237,0.0037157706882902,0.0011671975837583,2.065843328500352,0.6504024177469913,0.9031174524962338,0.0089889959729424,63,0.0014521555160219,False,54
30,f9a530d19a4dcf68,"{'num_leaves': 4, 'max_depth': 2, 'min_child_samples': 3534, 'min_child_weight': 0.0049327960870586, 'min_split_gain': 0.0012681082521911863, 'reg_alpha': 0.010249610095904539, 'reg_lambda': 1.19977235650245, 'subsample': 0.5853135023427717, 'colsample_bytree': 0.6232702587399116, 'learning_rate': 0.0277450457030773, 'max_bin': 63, 'path_smooth': 9.340672164978683, 'extra_trees': False, 'feature_k': 28}",28,-0.9793021806377352,0.0,0.0,-0.0401309196388605,-0.0277082705628888,0.3333333333333333,0.0085548289068966,0.0135993862941353,0.0050075622365095,0.6,76,4,2,3534,0.0049327960870586,0.0012681082521911,0.0102496100959045,1.19977235650245,0.5853135023427717,0.6232702587399116,0.0277450457030773,63,9.340672164978685,False,28
31,c9ca277417e70166,"{'num_leaves': 32, 'max_depth': 5, 'min_child_samples': 643, 'min_child_weight': 0.00010287102948740773, 'min_split_gain': 6.377747150505146e-05, 'reg_alpha': 0.009778799482044988, 'reg_lambda': 1.1258895806606748, 'subsample': 0.7894169015485101, 'colsample_bytree': 0.9452591338259908, 'learning_rate': 0.009027991293625887, 'max_bin': 63, 'path_smooth': 0.40176253866456096, 'extra_trees': False, 'feature_k': 61}",61,-1.1736056715253766,0.0,0.0,0.3413022927521156,0.0377895377454226,0.5555555555555556,0.0085423078078178,0.0135861303641063,0.0049892376042991,2.4,298,32,5,643,0.0001028710294874,6.377747150505146e-05,0.0097787994820449,1.1258895806606748,0.7894169015485101,0.9452591338259908,0.0090279912936258,63,0.4017625386645609,False,61
32,835fa4288008affc,"{'num_leaves': 19, 'max_depth': 5, 'min_child_samples': 1164, 'min_child_weight': 0.00045337006633794786, 'min_split_gain': 4.731289068105053e-05, 'reg_alpha': 0.03359297110798112, 'reg_lambda': 2.5553741037987874, 'subsample': 0.7891940637867108, 'colsample_bytree': 0.8456543270129891, 'learning_rate': 0.008808087838273, 'max_bin': 63, 'path_smooth': 1.2161799730304843, 'extra_trees': False, 'feature_k': 47}",47,-1.1284568350854811,0.0,0.0,0.1558200546658326,0.0240603390496759,0.4444444444444444,0.0085451120758188,0.0135937346706401,0.0049911576404489,1.9,312,19,5,1164,0.0004533700663379,4.731289068105053e-05,0.0335929711079811,2.555374103798788,0.7891940637867108,0.8456543270129891,0.008808087838273,63,1.2161799730304843,False,47
33,33aaf7083293f610,"{'num_leaves': 32, 'max_depth': 5, 'min_child_samples': 615, 'min_child_weight': 0.00010015406977192105, 'min_split_gain': 6.580618743038858e-05, 'reg_alpha': 0.003443285086017866, 'reg_lambda': 7.11796472353199, 'subsample': 0.7669927407813323, 'colsample_bytree': 0.9211480400114959, 'learning_rate': 0.008757164706113499, 'max_bin': 63, 'path_smooth': 0.1281036987718826, 'extra_trees': True, 'feature_k': 76}",76,-1.1424265204193436,0.0,0.0,0.0649962752807022,0.0131828358825607,0.3333333333333333,0.0085460171758098,0.0135980353688648,0.0049925658006005,2.4,273,32,5,615,0.0001001540697719,6.580618743038858e-05,0.0034432850860178,7.11796472353199,0.7669927407813323,0.921148040011496,0.0087571647061134,63,0.1281036987718826,True,76
34,a694779db0925b74,"{'num_leaves': 61, 'max_depth': 8, 'min_child_samples': 1194, 'min_child_weight': 0.0006730489390550261, 'min_split_gain': 1.1776130718898812e-05, 'reg_alpha': 0.0026818329383652916, 'reg_lambda': 1.0189884420836735, 'subsample': 0.7869051682338964, 'colsample_bytree': 0.6889210368277463, 'learning_rate': 0.014489334567179907, 'max_bin': 127, 'path_smooth': 0.5457000793307286, 'extra_trees': False, 'feature_k': 47}",47,-1.110069903098027,0.0,0.0,0.1533435356148667,0.0157089458617212,0.4444444444444444,0.0085519698906496,0.0135950410341367,0.0050053398618665,1.3,71,61,8,1194,0.000673048939055,1.1776130718898812e-05,0.0026818329383652,1.0189884420836737,0.7869051682338964,0.6889210368277463,0.0144893345671799,127,0.5457000793307286,False,47
35,7bfe16277f533071,"{'num_leaves': 63, 'max_depth': 8, 'min_child_samples': 1331, 'min_child_weight': 0.0001990420900632004, 'min_split_gain': 0.0003123503172632248, 'reg_alpha': 0.004440274987624957, 'reg_lambda': 1.260405439755859, 'subsample': 0.8383060198694111, 'colsample_bytree': 0.6845547118994444, 'learning_rate': 0.017825075624863934, 'max_bin': 63, 'path_smooth': 0.010889551361420204, 'extra_trees': False, 'feature_k': 58}",58,-1.1193395654170164,0.0,0.0,0.0808267297034159,0.0193596771809542,0.5555555555555556,0.0085496394017546,0.0135975870211174,0.004998927927065,1.3,87,63,8,1331,0.0001990420900632,0.0003123503172632,0.0044402749876249,1.260405439755859,0.8383060198694111,0.6845547118994444,0.0178250756248639,63,0.0108895513614202,False,58
36,6a38e9fc97298c4f,"{'num_leaves': 23, 'max_depth': 8, 'min_child_samples': 986, 'min_child_weight': 0.00013190570811966596, 'min_split_gain': 0.0, 'reg_alpha': 0.0018301407079935438, 'reg_lambda': 2.907988127655556, 'subsample': 0.8458105989971058, 'colsample_bytree': 0.9319703304430786, 'learning_rate': 0.009879634395347532, 'max_bin': 63, 'path_smooth': 0.0419496045141861, 'extra_trees': False, 'feature_k': 78}",78,-1.1420371045170687,0.0,0.0,0.2880595366374336,0.0266717738137805,0.6666666666666666,0.0085448852057919,0.0135862571323314,0.0049935294955485,2.3,165,23,8,986,0.0001319057081196,0.0,0.0018301407079935,2.907988127655556,0.8458105989971058,0.9319703304430786,0.0098796343953475,63,0.0419496045141861,False,78
37,0b63f3c262422586,"{'num_leaves': 32, 'max_depth': 5, 'min_child_samples': 212, 'min_child_weight': 0.00010902267917773856, 'min_split_gain': 0.0, 'reg_alpha': 0.027347204584405177, 'reg_lambda': 1.2364487493957967, 'subsample': 0.7248547745766912, 'colsample_bytree': 0.9038608988186984, 'learning_rate': 0.011422215723603378, 'max_bin': 63, 'path_smooth': 0.05116814018956102, 'extra_trees': False, 'feature_k': 45}",45,-1.1217496792890895,0.0,0.0,0.3599489547940293,0.0160117305764471,0.4444444444444444,0.0085408252572707,0.0135810672303583,0.0049875926773022,1.7,181,32,5,212,0.0001090226791777,0.0,0.0273472045844051,1.2364487493957967,0.7248547745766912,0.9038608988186984,0.0114222157236033,63,0.051168140189561,False,45
38,a08de341fd4f0e02,"{'num_leaves': 27, 'max_depth': -1, 'min_child_samples': 697, 'min_child_weight': 0.0002925601162276553, 'min_split_gain': 0.0037200808980947394, 'reg_alpha': 0.013115205579967577, 'reg_lambda': 6.197437807291447, 'subsample': 0.6145871215024059, 'colsample_bytree': 0.809632327728292, 'learning_rate': 0.009370058021558726, 'max_bin': 63, 'path_smooth': 0.022252924306559774, 'extra_trees': False, 'feature_k': 74}",74,-1.183388811355505,0.0,0.0,0.1883230498257206,0.0331314391123176,0.5555555555555556,0.0085442162304387,0.0135859003751186,0.0049944795488721,2.1,128,27,-1,697,0.0002925601162276,0.0037200808980947,0.0131152055799675,6.197437807291447,0.6145871215024059,0.809632327728292,0.0093700580215587,63,0.0222529243065597,False,74
39,fff929264be82417,"{'num_leaves': 20, 'max_depth': 5, 'min_child_samples': 486, 'min_child_weight': 0.0001927800768193763, 'min_split_gain': 0.008135726933663557, 'reg_alpha': 0.033138133394295693, 'reg_lambda': 4.993760343546054, 'subsample': 0.6318709491878621, 'colsample_bytree': 0.5438119626969227, 'learning_rate': 0.01293734226094082, 'max_bin': 63, 'path_smooth': 0.003833326801628276, 'extra_trees': False, 'feature_k': 40}",40,-1.119273825119076,0.0,0.0,0.3716171005569131,0.0067173623001662,0.5555555555555556,0.0085379764718997,0.0135811968643534,0.0049805488402953,1.7,242,20,5,486,0.0001927800768193,0.0081357269336635,0.0331381333942956,4.993760343546054,0.6318709491878621,0.5438119626969227,0.0129373422609408,63,0.0038333268016282,False,40
40,26e0a97bd83fe495,"{'num_leaves': 30, 'max_depth': -1, 'min_child_samples': 1862, 'min_child_weight': 0.0001676656923952909, 'min_split_gain': 0.0027702696537651966, 'reg_alpha': 0.011476032997126611, 'reg_lambda': 9.60904878378482, 'subsample': 0.5456773694910179, 'colsample_bytree': 0.8429928156013322, 'learning_rate': 0.010692726843036768, 'max_bin': 63, 'path_smooth': 0.03364306433044897, 'extra_trees': False, 'feature_k': 42}",42,-1.016428223771941,0.0,0.0,-0.0195981877889515,-0.0258875917019195,0.4444444444444444,0.0085519199150802,0.0136018616656339,0.0050011428850495,1.1,144,30,-1,1862,0.0001676656923952,0.0027702696537651,0.0114760329971266,9.60904878378482,0.5456773694910179,0.8429928156013322,0.0106927268430367,63,0.0336430643304489,False,42
41,40193b17841d3287,"{'num_leaves': 16, 'max_depth': 4, 'min_child_samples': 500, 'min_child_weight': 0.002778793014912682, 'min_split_gain': 0.007796104992441094, 'reg_alpha': 0.019461324695692162, 'reg_lambda': 10.046654932720381, 'subsample': 0.7006412354949696, 'colsample_bytree': 0.8955663342194762, 'learning_rate': 0.005996152177759519, 'max_bin': 127, 'path_smooth': 0.011957382689204406, 'extra_trees': False, 'feature_k': 62}",62,-1.0993572076910447,0.0,0.0,0.2781883582059987,0.0233193487888937,0.4444444444444444,0.0085489899553183,0.01359581967302,0.0049994213617918,2.3,316,16,4,500,0.0027787930149126,0.007796104992441,0.0194613246956921,10.04665493272038,0.7006412354949696,0.8955663342194762,0.0059961521777595,127,0.0119573826892044,False,62
42,c5294d52aadf7fe0,"{'num_leaves': 32, 'max_depth': 6, 'min_child_samples': 1939, 'min_child_weight': 0.00020736484798964555, 'min_split_gain': 0.0025022255570542966, 'reg_alpha': 0.0040966057739667905, 'reg_lambda': 1.9261446388191161, 'subsample': 0.5690302448885934, 'colsample_bytree': 0.9438870919791378, 'learning_rate': 0.0050069889985263245, 'max_bin': 127, 'path_smooth': 0.08494041494119847, 'extra_trees': False, 'feature_k': 73}",73,-1.1361256181762955,0.0,0.0,-0.0018040209966765,0.0190740967781929,0.5555555555555556,0.0085483023923201,0.013599484993234,0.0049970569632194,4.3,430,32,6,1939,0.0002073648479896,0.0025022255570542,0.0040966057739667,1.926144638819116,0.5690302448885934,0.9438870919791378,0.0050069889985263,127,0.0849404149411984,False,73
43,d0f7d9a45fa270ba,"{'num_leaves': 8, 'max_depth': 3, 'min_child_samples': 767, 'min_child_weight': 0.009821669578233704, 'min_split_gain': 5.467127092641976e-05, 'reg_alpha': 0.013182741833322012, 'reg_lambda': 3.8357529945708824, 'subsample': 0.5730351091403834, 'colsample_bytree': 0.4904302288550869, 'learning_rate': 0.03882908370630356, 'max_bin': 63, 'path_smooth': 3.784767390449984, 'extra_trees': False, 'feature_k': 16}",16,-0.9319553787116084,0.0,0.0,0.0336420429160079,-0.0126462578109485,0.2222222222222222,0.0085582338901073,0.0136028470545689,0.0050125593525421,0.4,38,8,3,767,0.0098216695782337,5.467127092641976e-05,0.013182741833322,3.8357529945708815,0.5730351091403834,0.4904302288550869,0.0388290837063035,63,3.784767390449984,False,16
44,7055e4a00ae3f585,"{'num_leaves': 31, 'max_depth': 5, 'min_child_samples': 713, 'min_child_weight': 0.00023944218967548347, 'min_split_gain': 0.0008767876250751756, 'reg_alpha': 0.003994496249441597, 'reg_lambda': 1.0235650788526904, 'subsample': 0.8123782834630715, 'colsample_bytree': 0.8313231720975898, 'learning_rate': 0.008296346858361761, 'max_bin': 127, 'path_smooth': 0.04973515785979831, 'extra_trees': False, 'feature_k': 50}",50,-1.1529163761351733,0.0,0.0,0.3064117932055039,0.0250170824800669,0.6666666666666666,0.0085497309084824,0.0135915351158632,0.0050007599279177,1.6,201,31,5,713,0.0002394421896754,0.0008767876250751,0.0039944962494415,1.0235650788526904,0.8123782834630715,0.8313231720975898,0.0082963468583617,127,0.0497351578597983,False,50
45,79a910bdd7c700b6,"{'num_leaves': 61, 'max_depth': 8, 'min_child_samples': 997, 'min_child_weight': 0.0001561975230990329, 'min_split_gain': 4.778252817461126e-05, 'reg_alpha': 0.10374328460815957, 'reg_lambda': 9.758267944281672, 'subsample': 0.6690729242349176, 'colsample_bytree': 0.8611386710649923, 'learning_rate': 0.015282540080068975, 'max_bin': 63, 'path_smooth': 0.03904014327151786, 'extra_trees': False, 'feature_k': 31}",31,-1.032246585630228,0.0,0.0,0.1197999914708896,-0.0065877624312395,0.4444444444444444,0.0085456784952993,0.0135904603136983,0.0049925989239111,1.0,106,61,8,997,0.000156197523099,4.778252817461126e-05,0.1037432846081595,9.758267944281672,0.6690729242349176,0.8611386710649923,0.0152825400800689,63,0.0390401432715178,False,31
46,933bfc1ad7a425fe,"{'num_leaves': 17, 'max_depth': 6, 'min_child_samples': 263, 'min_child_weight': 0.00020591545755831755, 'min_split_gain': 0.005782468333718765, 'reg_alpha': 0.0011954411108610888, 'reg_lambda': 1.1100740176284, 'subsample': 0.7529276246570041, 'colsample_bytree': 0.8839138914112721, 'learning_rate': 0.011360446280849833, 'max_bin': 63, 'path_smooth': 0.45668846939173185, 'extra_trees': False, 'feature_k': 31}",31,-1.0727850073323173,0.0,0.0,0.2419029660585352,-0.0105043515073625,0.5555555555555556,0.0085439136786125,0.0135815210574959,0.0049903074961302,1.4,168,17,6,263,0.0002059154575583,0.0057824683337187,0.001195441110861,1.1100740176284,0.7529276246570041,0.8839138914112721,0.0113604462808498,63,0.4566884693917318,False,31
47,61503b2f66fd06b5,"{'num_leaves': 21, 'max_depth': -1, 'min_child_samples': 435, 'min_child_weight': 0.025560295900882584, 'min_split_gain': 1.0466414192230938e-05, 'reg_alpha': 0.0011172629703825679, 'reg_lambda': 3.0741961960092525, 'subsample': 0.6033119451020049, 'colsample_bytree': 0.4622966406034143, 'learning_rate': 0.04195788987841035, 'max_bin': 127, 'path_smooth': 7.807886816726558, 'extra_trees': False, 'feature_k': 58}",58,-1.0943635681790291,0.0,0.0,0.1422254746958986,0.0060781550730409,0.4444444444444444,0.0085418848613489,0.0135884114046949,0.0049876942551616,1.0,34,21,-1,435,0.0255602959008825,1.0466414192230938e-05,0.0011172629703825,3.0741961960092525,0.6033119451020049,0.4622966406034143,0.0419578898784103,127,7.807886816726558,False,58
48,ee619b883f4bd548,"{'num_leaves': 23, 'max_depth': -1, 'min_child_samples': 510, 'min_child_weight': 0.0006597776345328487, 'min_split_gain': 0.00020844051613722164, 'reg_alpha': 1.2032907147745286, 'reg_lambda': 10.594203811112191, 'subsample': 0.6071823233462613, 'colsample_bytree': 0.7100758894969467, 'learning_rate': 0.008071406818487923, 'max_bin': 63, 'path_smooth': 0.03600301352505477, 'extra_trees': True, 'feature_k': 72}",72,-1.1153906939065503,0.0,0.0,0.0154563043037441,0.001807147105889,0.4444444444444444,0.0085488578215282,0.0135972717662048,0.0049986853336998,2.1,193,23,-1,510,0.0006597776345328,0.0002084405161372,1.2032907147745286,10.594203811112193,0.6071823233462613,0.7100758894969467,0.0080714068184879,63,0.0360030135250547,True,72
49,40e2891379d6202b,"{'num_leaves': 8, 'max_depth': 3, 'min_child_samples': 2071, 'min_child_weight': 0.0002303645898392117, 'min_split_gain': 2.894575118441432e-05, 'reg_alpha': 0.0067549709686888, 'reg_lambda': 1.3251059282114606, 'subsample': 0.6470635486775268, 'colsample_bytree': 0.860061837852806, 'learning_rate': 0.016622167299520898, 'max_bin': 63, 'path_smooth': 0.09809552228026316, 'extra_trees': False, 'feature_k': 44}",44,-1.0273151889134444,0.0,0.0,-0.0733551090836029,-0.0242361214458333,0.5555555555555556,0.0085554891472607,0.0136058664603111,0.005007383099986,1.0,87,8,3,2071,0.0002303645898392,2.894575118441432e-05,0.0067549709686888,1.3251059282114606,0.6470635486775268,0.860061837852806,0.0166221672995208,63,0.0980955222802631,False,44
50,8a7c56a654421865,"{'num_leaves': 51, 'max_depth': 8, 'min_child_samples': 1057, 'min_child_weight': 0.00010547185376556204, 'min_split_gain': 1.0083145385984296e-05, 'reg_alpha': 0.00920442757636098, 'reg_lambda': 5.491259883469671, 'subsample': 0.7017272010411236, 'colsample_bytree': 0.9051387513254718, 'learning_rate': 0.012260958123767448, 'max_bin': 127, 'path_smooth': 0.016573460650337213, 'extra_trees': False, 'feature_k': 55}",55,-1.099088303572845,0.0,0.0,0.2329864682727358,0.0335905979339856,0.5555555555555556,0.0085451096233783,0.0135905334479851,0.0049929632149347,1.8,141,51,8,1057,0.0001054718537655,1.0083145385984296e-05,0.0092044275763609,5.491259883469671,0.7017272010411236,0.9051387513254718,0.0122609581237674,127,0.0165734606503372,False,55
51,181a270cb06656d6,"{'num_leaves': 21, 'max_depth': -1, 'min_child_samples': 331, 'min_child_weight': 0.0010574503915161673, 'min_split_gain': 0.0013802231647256967, 'reg_alpha': 0.0025494187460542105, 'reg_lambda': 1.9733739556783538, 'subsample': 0.531744291744373, 'colsample_bytree': 0.7154321743105159, 'learning_rate': 0.015288282488250359, 'max_bin': 63, 'path_smooth': 0.022042350319269096, 'extra_trees': True, 'feature_k': 19}",19,-0.9477476640333016,0.0,0.0,-0.0218271983938243,-0.0191113182221738,0.5555555555555556,0.0085547885016864,0.0135928633144511,0.0050096907626706,0.8,74,21,-1,331,0.0010574503915161,0.0013802231647256,0.0025494187460542,1.9733739556783536,0.531744291744373,0.7154321743105159,0.0152882824882503,63,0.022042350319269,True,19
52,400380b11d8aca31,"{'num_leaves': 23, 'max_depth': 5, 'min_child_samples': 367, 'min_child_weight': 0.0005708238920039401, 'min_split_gain': 0.0006623143417886269, 'reg_alpha': 0.007318872711784025, 'reg_lambda': 2.0035126874827087, 'subsample': 0.830820785073716, 'colsample_bytree': 0.6836718660632695, 'learning_rate': 0.008211929651969322, 'max_bin': 127, 'path_smooth': 0.03743702974454472, 'extra_trees': False, 'feature_k': 22}",22,-0.9819885122220418,0.0,0.0,0.067926111544766,-0.0136133662253324,0.4444444444444444,0.0085466230871626,0.0135878538347091,0.004993534432045,1.4,238,23,5,367,0.0005708238920039,0.0006623143417886,0.007318872711784,2.0035126874827087,0.830820785073716,0.6836718660632695,0.0082119296519693,127,0.0374370297445447,False,22
53,8889eecbbcdf1aac,"{'num_leaves': 30, 'max_depth': 5, 'min_child_samples': 421, 'min_child_weight': 0.0003145556760842587, 'min_split_gain': 0.0009853340373493836, 'reg_alpha': 0.018310764842178546, 'reg_lambda': 7.926767876708236, 'subsample': 0.6040623602956908, 'colsample_bytree': 0.8477989967853206, 'learning_rate': 0.00852486498447467, 'max_bin': 63, 'path_smooth': 0.020340208758410777, 'extra_trees': False, 'feature_k': 62}",62,-1.1363081870936176,0.0,0.0,0.2430925935181007,0.03631035083738,0.6666666666666666,0.0085428825031329,0.0135868245696984,0.0049911511587173,1.7,209,30,5,421,0.0003145556760842,0.0009853340373493,0.0183107648421785,7.926767876708236,0.6040623602956908,0.8477989967853206,0.0085248649844746,63,0.0203402087584107,False,62
54,30c08b9382467b1d,"{'num_leaves': 8, 'max_depth': 3, 'min_child_samples': 555, 'min_child_weight': 0.0032492106802772067, 'min_split_gain': 0.0006163843343912115, 'reg_alpha': 0.0042857808590404485, 'reg_lambda': 1.22531601488808, 'subsample': 0.7161526389169003, 'colsample_bytree': 0.7662506536549131, 'learning_rate': 0.005339619069807073, 'max_bin': 127, 'path_smooth': 0.024864305098018444, 'extra_trees': True, 'feature_k': 48}",48,-1.030481726615606,0.0,0.0,-0.0283466661338858,-0.0131595589243723,0.5555555555555556,0.0085541463503205,0.0136049187405385,0.0050053409178311,2.8,353,8,3,555,0.0032492106802772,0.0006163843343912,0.0042857808590404,1.22531601488808,0.7161526389169003,0.7662506536549131,0.005339619069807,127,0.0248643050980184,True,48
55,5066ec05c088891f,"{'num_leaves': 19, 'max_depth': 5, 'min_child_samples': 333, 'min_child_weight': 0.0003959288206781443, 'min_split_gain': 0.0, 'reg_alpha': 0.02420056721056098, 'reg_lambda': 1.3775910395043378, 'subsample': 0.9187313023046234, 'colsample_bytree': 0.9156487901658196, 'learning_rate': 0.007402101392922678, 'max_bin': 127, 'path_smooth': 0.5270479378240263, 'extra_trees': False, 'feature_k': 53}",53,-1.1434412672559218,0.0,0.0,0.3174864130127637,0.0118546523891689,0.5555555555555556,0.0085469273670427,0.013588505583195,0.004996690765147,2.2,232,19,5,333,0.0003959288206781,0.0,0.0242005672105609,1.3775910395043378,0.9187313023046234,0.9156487901658196,0.0074021013929226,127,0.5270479378240263,False,53
56,64ba6ae2144fe79d,"{'num_leaves': 8, 'max_depth': 3, 'min_child_samples': 632, 'min_child_weight': 0.0002454641259640419, 'min_split_gain': 0.05304341423323221, 'reg_alpha': 0.04788044507142474, 'reg_lambda': 1.1888392842520041, 'subsample': 0.937684132563087, 'colsample_bytree': 0.9004175953345931, 'learning_rate': 0.007884053296618761, 'max_bin': 63, 'path_smooth': 0.08040905469949684, 'extra_trees': False, 'feature_k': 42}",42,-1.103860621079818,0.0,0.0,0.1854714228559872,0.0136985169007631,0.4444444444444444,0.0085527699321222,0.0136007404527744,0.0050048056685582,1.4,251,8,3,632,0.000245464125964,0.0530434142332322,0.0478804450714247,1.188839284252004,0.937684132563087,0.9004175953345931,0.0078840532966187,63,0.0804090546994968,False,42
57,299d4070d7b9fc2a,"{'num_leaves': 9, 'max_depth': 8, 'min_child_samples': 4175, 'min_child_weight': 0.010142935032137477, 'min_split_gain': 0.00018536773922580747, 'reg_alpha': 0.019058639646876516, 'reg_lambda': 4.87593261597876, 'subsample': 0.6215557033149943, 'colsample_bytree': 0.4384070890301963, 'learning_rate': 0.045050009152532544, 'max_bin': 127, 'path_smooth': 1.258326608600669, 'extra_trees': False, 'feature_k': 52}",52,-1.0747314593155568,0.0,0.0,-0.0897322258491676,-0.0357599144553054,0.5555555555555556,0.0085583026468855,0.0136036113227913,0.005014716992755,0.6,23,9,8,4175,0.0101429350321374,0.0001853677392258,0.0190586396468765,4.87593261597876,0.6215557033149943,0.4384070890301963,0.0450500091525325,127,1.258326608600669,False,52
58,310de1d413cbcab5,"{'num_leaves': 32, 'max_depth': 5, 'min_child_samples': 293, 'min_child_weight': 0.0003295894869939223, 'min_split_gain': 0.0025382292622602837, 'reg_alpha': 0.0012665254721349916, 'reg_lambda': 2.1597192243510044, 'subsample': 0.8456408469125546, 'colsample_bytree': 0.8753765808667473, 'learning_rate': 0.012140735893375549, 'max_bin': 63, 'path_smooth': 0.4171157732251128, 'extra_trees': False, 'feature_k': 58}",58,-1.1080881061610564,0.0,0.0,0.3343884761489732,0.0133193094875311,0.5555555555555556,0.0085493700598523,0.0135929783090008,0.0050004469405488,1.6,116,32,5,293,0.0003295894869939,0.0025382292622602,0.0012665254721349,2.1597192243510044,0.8456408469125546,0.8753765808667473,0.0121407358933755,63,0.4171157732251128,False,58
59,336d0587e07efab1,"{'num_leaves': 38, 'max_depth': -1, 'min_child_samples': 1025, 'min_child_weight': 0.00024681549248273775, 'min_split_gain': 5.204559300509468e-05, 'reg_alpha': 0.023122081657748834, 'reg_lambda': 10.808194753674671, 'subsample': 0.578531094967392, 'colsample_bytree': 0.7934222645558364, 'learning_rate': 0.011733437859430169, 'max_bin': 127, 'path_smooth': 0.09961369885956031, 'extra_trees': True, 'feature_k': 58}",58,-0.9789992338475236,0.0,0.0,0.0085299841474556,-0.0197945974319174,0.5555555555555556,0.0085521319815723,0.0136026614834128,0.0050011234922149,1.3,130,38,-1,1025,0.0002468154924827,5.204559300509468e-05,0.0231220816577488,10.808194753674671,0.578531094967392,0.7934222645558364,0.0117334378594301,127,0.0996136988595603,True,58
60,2cdc519030e9fccb,"{'num_leaves': 23, 'max_depth': 5, 'min_child_samples': 1647, 'min_child_weight': 0.00019627597867188237, 'min_split_gain': 0.0005941914447838311, 'reg_alpha': 0.001153328811588356, 'reg_lambda': 1.0656953157841256, 'subsample': 0.8358774123474092, 'colsample_bytree': 0.8398377016570988, 'learning_rate': 0.01052122777222483, 'max_bin': 127, 'path_smooth': 0.15935030323810348, 'extra_trees': False, 'feature_k': 39}",39,-1.0547841721932374,0.0,0.0,0.1853453139251086,-0.0081365648882395,0.5555555555555556,0.0085511089424978,0.0135949354622433,0.0050007945868958,1.4,158,23,5,1647,0.0001962759786718,0.0005941914447838,0.0011533288115883,1.0656953157841256,0.8358774123474092,0.8398377016570988,0.0105212277722248,127,0.1593503032381034,False,39
61,b2fc1381e3a0bc54,"{'num_leaves': 60, 'max_depth': -1, 'min_child_samples': 1853, 'min_child_weight': 0.00017728771383056693, 'min_split_gain': 0.009368785746468067, 'reg_alpha': 0.004246137379676355, 'reg_lambda': 1.132419373900735, 'subsample': 0.8044870704513561, 'colsample_bytree': 0.9228391482757273, 'learning_rate': 0.005606755301136176, 'max_bin': 63, 'path_smooth': 0.09416593717945208, 'extra_trees': False, 'feature_k': 38}",38,-1.0624944932396465,0.0,0.0,0.1431435115551549,0.002062757850639,0.4444444444444444,0.0085512174962439,0.0135995547857607,0.005001423289191,1.2,174,60,-1,1853,0.0001772877138305,0.009368785746468,0.0042461373796763,1.132419373900735,0.8044870704513561,0.9228391482757272,0.0056067553011361,63,0.094165937179452,False,38
62,a105b9429df47987,"{'num_leaves': 20, 'max_depth': 5, 'min_child_samples': 244, 'min_child_weight': 0.0006973449316197893, 'min_split_gain': 0.0, 'reg_alpha': 0.27715162604101257, 'reg_lambda': 1.418563058195797, 'subsample': 0.9015848219348893, 'colsample_bytree': 0.941967141913515, 'learning_rate': 0.007108941144711534, 'max_bin': 127, 'path_smooth': 0.2713944885865368, 'extra_trees': False, 'feature_k': 123}",123,-1.1988405068656696,0.0,0.0,0.3335060326066912,0.0525849218374675,0.7777777777777778,0.0085355019435463,0.0135736756616212,0.0049813969986642,3.6,313,20,5,244,0.0006973449316197,0.0,0.2771516260410125,1.418563058195797,0.9015848219348892,0.941967141913515,0.0071089411447115,127,0.2713944885865368,False,123
63,bee430e4cac1925b,"{'num_leaves': 9, 'max_depth': 6, 'min_child_samples': 694, 'min_child_weight': 0.040482729053622366, 'min_split_gain': 0.00015016714718839256, 'reg_alpha': 0.006574999253098954, 'reg_lambda': 1.0891549649098107, 'subsample': 0.6348974504910732, 'colsample_bytree': 0.6858094629329751, 'learning_rate': 0.035859543567998226, 'max_bin': 63, 'path_smooth': 7.891290820716266, 'extra_trees': True, 'feature_k': 135}",135,-1.173983179793717,0.0,0.0,0.0802813954893106,0.0297297325642526,0.6666666666666666,0.0085444816143351,0.0136021048878751,0.0049898824860377,1.1,61,9,6,694,0.0404827290536223,0.0001501671471883,0.0065749992530989,1.089154964909811,0.6348974504910732,0.6858094629329751,0.0358595435679982,63,7.891290820716266,True,135
64,926614eba5f3b638,"{'num_leaves': 8, 'max_depth': 6, 'min_child_samples': 483, 'min_child_weight': 0.01673121815293021, 'min_split_gain': 0.0001229600544015532, 'reg_alpha': 0.012788120723662526, 'reg_lambda': 2.519088774069015, 'subsample': 0.6617381619533862, 'colsample_bytree': 0.7508659286991641, 'learning_rate': 0.048375393187005164, 'max_bin': 63, 'path_smooth': 1.7639632831343353, 'extra_trees': True, 'feature_k': 134}",134,-1.1907418006860546,0.0,0.0,-0.0054637999268096,0.0248297680584744,0.5555555555555556,0.0085433284230894,0.0136015316494445,0.0049893078114543,1.0,52,8,6,483,0.0167312181529302,0.0001229600544015,0.0127881207236625,2.519088774069015,0.6617381619533862,0.7508659286991641,0.0483753931870051,63,1.7639632831343353,True,134
65,45ff6bb7f939efbb,"{'num_leaves': 8, 'max_depth': 6, 'min_child_samples': 407, 'min_child_weight': 0.02345470151108573, 'min_split_gain': 0.00014877077486172177, 'reg_alpha': 0.021813290973059316, 'reg_lambda': 2.5019488604008977, 'subsample': 0.7380427851115576, 'colsample_bytree': 0.7514498734955699, 'learning_rate': 0.01892237003962141, 'max_bin': 63, 'path_smooth': 0.27129249667617705, 'extra_trees': True, 'feature_k': 135}",135,-1.1417016868262375,0.0,0.0,0.1710645052799679,0.0147615841431739,0.5555555555555556,0.0085512542863868,0.0136020085361059,0.0049999495974778,1.2,86,8,6,407,0.0234547015110857,0.0001487707748617,0.0218132909730593,2.5019488604008977,0.7380427851115576,0.7514498734955699,0.0189223700396214,63,0.271292496676177,True,135
66,e073b92fe430c44d,"{'num_leaves': 19, 'max_depth': 6, 'min_child_samples': 534, 'min_child_weight': 0.0068897848565464305, 'min_split_gain': 0.00010630577628186974, 'reg_alpha': 0.022640038761447902, 'reg_lambda': 2.0316253865945604, 'subsample': 0.6264553741083034, 'colsample_bytree': 0.6894750963440073, 'learning_rate': 0.04740798484748618, 'max_bin': 63, 'path_smooth': 2.113678619737522, 'extra_trees': True, 'feature_k': 134}",134,-1.1316021469837316,0.0,0.0,0.0924863475826274,0.0238996907629705,0.6666666666666666,0.0085528591891829,0.0135986272068005,0.0050059767307571,1.1,19,19,6,534,0.0068897848565464,0.0001063057762818,0.0226400387614479,2.0316253865945604,0.6264553741083034,0.6894750963440073,0.0474079848474861,63,2.113678619737522,True,134
67,61c1e3d288c077e3,"{'num_leaves': 11, 'max_depth': 5, 'min_child_samples': 828, 'min_child_weight': 0.06844230770015765, 'min_split_gain': 0.00011668612761799889, 'reg_alpha': 0.0435067018378109, 'reg_lambda': 2.7846252864659107, 'subsample': 0.5521802802988581, 'colsample_bytree': 0.6642042374150336, 'learning_rate': 0.02607301757091978, 'max_bin': 63, 'path_smooth': 8.944127609891899, 'extra_trees': True, 'feature_k': 122}",122,-1.1707009626156637,0.0,0.0,0.0554426234888303,0.0241281474235355,0.5555555555555556,0.0085399100861555,0.0135939080437371,0.0049822839164853,2.1,99,11,5,828,0.0684423077001576,0.0001166861276179,0.0435067018378109,2.7846252864659107,0.5521802802988581,0.6642042374150336,0.0260730175709197,63,8.944127609891899,True,122
68,86f2e5e30385296e,"{'num_leaves': 6, 'max_depth': 5, 'min_child_samples': 2226, 'min_child_weight': 0.08813323964318652, 'min_split_gain': 0.0001493331767195568, 'reg_alpha': 0.0060540813498739755, 'reg_lambda': 3.8005879064467125, 'subsample': 0.6497617705630018, 'colsample_bytree': 0.7200127967853163, 'learning_rate': 0.02763123851747409, 'max_bin': 63, 'path_smooth': 4.894118479656098, 'extra_trees': True, 'feature_k': 115}",115,-1.0842030484506726,0.0,0.0,0.0281274827605937,-0.0083272357138166,0.4444444444444444,0.0085518019085409,0.0135990881715552,0.0050017483588192,1.9,59,6,5,2226,0.0881332396431865,0.0001493331767195,0.0060540813498739,3.800587906446713,0.6497617705630018,0.7200127967853163,0.027631238517474,63,4.894118479656098,True,115
69,d6adb1a21a053633,"{'num_leaves': 9, 'max_depth': 5, 'min_child_samples': 784, 'min_child_weight': 0.01194090492704084, 'min_split_gain': 0.0001348088051854653, 'reg_alpha': 0.046264238214360064, 'reg_lambda': 4.404689395436041, 'subsample': 0.5230795699530683, 'colsample_bytree': 0.5182401345614565, 'learning_rate': 0.018416606435438142, 'max_bin': 127, 'path_smooth': 8.418669372833516, 'extra_trees': True, 'feature_k': 131}",131,-1.2362261347265415,0.0,0.0,-0.0275046445625242,0.0228579495478913,0.5555555555555556,0.0085492989015059,0.0136023329100664,0.0049984431405565,1.1,86,9,5,784,0.0119409049270408,0.0001348088051854,0.04626423821436,4.404689395436041,0.5230795699530683,0.5182401345614565,0.0184166064354381,127,8.418669372833516,True,131
70,bd4a169f1c85ebe6,"{'num_leaves': 8, 'max_depth': 5, 'min_child_samples': 605, 'min_child_weight': 0.008571677541985087, 'min_split_gain': 0.00011325042107973637, 'reg_alpha': 0.043203403834210105, 'reg_lambda': 13.979692367380487, 'subsample': 0.5182277549088095, 'colsample_bytree': 0.43250525293366165, 'learning_rate': 0.014384691761072927, 'max_bin': 127, 'path_smooth': 4.776076287043366, 'extra_trees': True, 'feature_k': 130}",130,-1.160952469678511,0.0,0.0,-0.0045952119631367,0.0054555095359096,0.7777777777777778,0.0085476274000703,0.0136037515826906,0.0049933931701529,1.1,150,8,5,605,0.008571677541985,0.0001132504210797,0.0432034038342101,13.979692367380489,0.5182277549088095,0.4325052529336616,0.0143846917610729,127,4.776076287043366,True,130
71,67501c735a51d6ec,"{'num_leaves': 5, 'max_depth': 6, 'min_child_samples': 501, 'min_child_weight': 0.02613133443828651, 'min_split_gain': 0.0, 'reg_alpha': 0.01922193303923827, 'reg_lambda': 1.5004152159643116, 'subsample': 0.6427303783808187, 'colsample_bytree': 0.8620067914308609, 'learning_rate': 0.03440400698404618, 'max_bin': 63, 'path_smooth': 1.2877870246664231, 'extra_trees': True, 'feature_k': 132}",132,-1.212499945723582,0.0,0.0,0.1666249823011265,0.0122619703127246,0.4444444444444444,0.0085518500432861,0.0135998996287164,0.0049992285696396,1.1,79,5,6,501,0.0261313344382865,0.0,0.0192219330392382,1.5004152159643116,0.6427303783808187,0.8620067914308609,0.0344040069840461,63,1.2877870246664231,True,132
72,eebd8a511fd32c60,"{'num_leaves': 4, 'max_depth': 6, 'min_child_samples': 1560, 'min_child_weight': 0.040342430230536463, 'min_split_gain': 0.0, 'reg_alpha': 0.009460362022877563, 'reg_lambda': 1.399820918674449, 'subsample': 0.5088899936154699, 'colsample_bytree': 0.9467077042762632, 'learning_rate': 0.02576827284190676, 'max_bin': 63, 'path_smooth': 3.6395202526215167, 'extra_trees': True, 'feature_k': 123}",123,-1.1708335004061476,0.0,0.0,0.0540867957856789,-0.0081757514160256,0.4444444444444444,0.0085444063529565,0.0136000515144959,0.0049859833991847,2.3,154,4,6,1560,0.0403424302305364,0.0,0.0094603620228775,1.399820918674449,0.5088899936154699,0.9467077042762632,0.0257682728419067,63,3.6395202526215167,True,123
73,15c96b59bf2d4e86,"{'num_leaves': 17, 'max_depth': 8, 'min_child_samples': 1376, 'min_child_weight': 0.018354500758975448, 'min_split_gain': 0.0001299632077855494, 'reg_alpha': 0.14920524977734798, 'reg_lambda': 1.6501283837410587, 'subsample': 0.5937364814357873, 'colsample_bytree': 0.5192734735211214, 'learning_rate': 0.011712188319372253, 'max_bin': 127, 'path_smooth': 8.751457571206812, 'extra_trees': True, 'feature_k': 127}",127,-1.174903007993731,0.0,0.0,0.0427371845089461,0.0016664982543536,0.4444444444444444,0.0085467921437185,0.013599120993457,0.004992632392519,1.3,156,17,8,1376,0.0183545007589754,0.0001299632077855,0.1492052497773479,1.6501283837410587,0.5937364814357873,0.5192734735211214,0.0117121883193722,127,8.751457571206812,True,127
74,022ac687b328ed8c,"{'num_leaves': 11, 'max_depth': 8, 'min_child_samples': 494, 'min_child_weight': 0.023226265264857507, 'min_split_gain': 0.00015950345586312282, 'reg_alpha': 0.0806772279462144, 'reg_lambda': 1.824747564368391, 'subsample': 0.5408202409053093, 'colsample_bytree': 0.5188625589590905, 'learning_rate': 0.01411795880637877, 'max_bin': 127, 'path_smooth': 0.6477988131484177, 'extra_trees': True, 'feature_k': 124}",124,-1.2198648089754092,0.0,0.0,0.0797306751206285,0.0113021630704002,0.4444444444444444,0.0085469780398982,0.0135978434062602,0.0049948779583535,1.1,105,11,8,494,0.0232262652648575,0.0001595034558631,0.0806772279462144,1.824747564368391,0.5408202409053093,0.5188625589590905,0.0141179588063787,127,0.6477988131484177,True,124
75,8920655382c4e3c2,"{'num_leaves': 17, 'max_depth': 8, 'min_child_samples': 2664, 'min_child_weight': 0.011313705949486726, 'min_split_gain': 0.000219115637243473, 'reg_alpha': 0.035093199245798554, 'reg_lambda': 1.381921703672956, 'subsample': 0.7206073676057378, 'colsample_bytree': 0.6142890335542337, 'learning_rate': 0.013639032765087428, 'max_bin': 127, 'path_smooth': 2.222903156465806, 'extra_trees': True, 'feature_k': 133}",133,-1.128139178001358,0.0,0.0,0.0420332155135203,0.0002386861016656,0.4444444444444444,0.0085502241077509,0.0135991548537355,0.0049979821675576,1.6,155,17,8,2664,0.0113137059494867,0.0002191156372434,0.0350931992457985,1.381921703672956,0.7206073676057378,0.6142890335542337,0.0136390327650874,127,2.222903156465806,True,133
76,9ed0971712d77629,"{'num_leaves': 32, 'max_depth': 5, 'min_child_samples': 786, 'min_child_weight': 0.047924923164665734, 'min_split_gain': 0.0001972008476557857, 'reg_alpha': 0.9923958371031227, 'reg_lambda': 2.267515926515682, 'subsample': 0.6113783712141652, 'colsample_bytree': 0.5400307110227558, 'learning_rate': 0.009221281374289557, 'max_bin': 127, 'path_smooth': 2.1566753848444735, 'extra_trees': True, 'feature_k': 133}",133,-1.2405463091016384,0.0,0.0,0.0423178440268254,0.0234649618574099,0.6666666666666666,0.0085439463476065,0.0135976415565207,0.0049897535666713,1.4,204,32,5,786,0.0479249231646657,0.0001972008476557,0.9923958371031228,2.267515926515682,0.6113783712141652,0.5400307110227558,0.0092212813742895,127,2.156675384844473,True,133
77,8de09787ec674140,"{'num_leaves': 5, 'max_depth': 6, 'min_child_samples': 229, 'min_child_weight': 0.0019786754680526817, 'min_split_gain': 0.0, 'reg_alpha': 0.0871508629151331, 'reg_lambda': 1.7463613461797156, 'subsample': 0.566629547191028, 'colsample_bytree': 0.7529465929704215, 'learning_rate': 0.023084974621309762, 'max_bin': 63, 'path_smooth': 5.60350938417235, 'extra_trees': True, 'feature_k': 129}",129,-1.1182211006788134,0.0,0.0,0.037622052831115,0.0116730968512327,0.4444444444444444,0.0085531313315202,0.0136044974204828,0.0050028933308424,1.1,85,5,6,229,0.0019786754680526,0.0,0.0871508629151331,1.7463613461797156,0.566629547191028,0.7529465929704215,0.0230849746213097,63,5.60350938417235,True,129
78,9596a2a1443a3ec5,"{'num_leaves': 12, 'max_depth': 8, 'min_child_samples': 246, 'min_child_weight': 0.0295627179106873, 'min_split_gain': 0.00024257059958680667, 'reg_alpha': 0.05941413506230455, 'reg_lambda': 1.0477157580219827, 'subsample': 0.5051068196377699, 'colsample_bytree': 0.4427224607849869, 'learning_rate': 0.017972168662588776, 'max_bin': 127, 'path_smooth': 0.07309573152699254, 'extra_trees': True, 'feature_k': 131}",131,-1.0885142343669465,0.0,0.0,0.1759092343316504,-0.0017508153954112,0.5555555555555556,0.0085474710748932,0.0135952556132153,0.0049969039758394,1.0,69,12,8,246,0.0295627179106873,0.0002425705995868,0.0594141350623045,1.0477157580219827,0.5051068196377699,0.4427224607849869,0.0179721686625887,127,0.0730957315269925,True,131
79,86dcb30c5f6fc566,"{'num_leaves': 32, 'max_depth': 5, 'min_child_samples': 1934, 'min_child_weight': 0.04057509247110487, 'min_split_gain': 0.00026502626392769477, 'reg_alpha': 0.23738812056988412, 'reg_lambda': 2.283323862417933, 'subsample': 0.49068931484685163, 'colsample_bytree': 0.4938233687674529, 'learning_rate': 0.007340662831995074, 'max_bin': 127, 'path_smooth': 0.5872800670053233, 'extra_trees': True, 'feature_k': 135}",135,-1.1495543217480164,0.0,0.0,-0.007879402030853,-0.0002543679396912,0.4444444444444444,0.0085474967687491,0.0135989821498809,0.0049947934548522,1.7,324,32,5,1934,0.0405750924711048,0.0002650262639276,0.2373881205698841,2.283323862417933,0.4906893148468516,0.4938233687674529,0.007340662831995,127,0.5872800670053233,True,135
80,fd6c168278c30123,"{'num_leaves': 6, 'max_depth': 6, 'min_child_samples': 205, 'min_child_weight': 0.03279118114761731, 'min_split_gain': 0.0, 'reg_alpha': 0.021448121876968648, 'reg_lambda': 3.5384271693828984, 'subsample': 0.5176392175920719, 'colsample_bytree': 0.9415799491481639, 'learning_rate': 0.037519519926127926, 'max_bin': 63, 'path_smooth': 0.02826195797110217, 'extra_trees': True, 'feature_k': 123}",123,-1.1270243736239505,0.0,0.0,-0.0089036628236327,0.0115340089216424,0.3333333333333333,0.0085546442596195,0.0136056401683397,0.0050049960526182,0.9,46,6,6,205,0.0327911811476173,0.0,0.0214481218769686,3.5384271693828984,0.5176392175920719,0.941579949148164,0.0375195199261279,63,0.0282619579711021,True,123
81,9c3ee97b852fb689,"{'num_leaves': 5, 'max_depth': 8, 'min_child_samples': 248, 'min_child_weight': 0.010727552898506763, 'min_split_gain': 0.0, 'reg_alpha': 0.0065574794512987845, 'reg_lambda': 1.242636137406704, 'subsample': 0.7724811121761095, 'colsample_bytree': 0.9268914104692743, 'learning_rate': 0.03292556954063509, 'max_bin': 63, 'path_smooth': 0.4375587074013911, 'extra_trees': True, 'feature_k': 125}",125,-1.1382053478375254,0.0,0.0,-0.0060401845566175,-0.0019702209238545,0.4444444444444444,0.0085593578197282,0.0136093986410093,0.0050108856062678,1.0,54,5,8,248,0.0107275528985067,0.0,0.0065574794512987,1.242636137406704,0.7724811121761095,0.9268914104692744,0.032925569540635,63,0.4375587074013911,True,125
82,e9522f0552139ec4,"{'num_leaves': 26, 'max_depth': -1, 'min_child_samples': 498, 'min_child_weight': 0.019921165897823, 'min_split_gain': 0.00012021691447300127, 'reg_alpha': 0.1313150106942053, 'reg_lambda': 2.8895291346193845, 'subsample': 0.6704640770169042, 'colsample_bytree': 0.4976760481339607, 'learning_rate': 0.010811850993445187, 'max_bin': 127, 'path_smooth': 1.2135097635566472, 'extra_trees': True, 'feature_k': 128}",128,-1.2054671400195491,0.0,0.0,0.1329526619814041,0.0097679984213696,0.4444444444444444,0.0085452152725177,0.0135941354897118,0.0049923259928177,1.5,110,26,-1,498,0.019921165897823,0.000120216914473,0.1313150106942053,2.8895291346193845,0.6704640770169042,0.4976760481339607,0.0108118509934451,127,1.2135097635566472,True,128
83,53b611c469b8d901,"{'num_leaves': 8, 'max_depth': 3, 'min_child_samples': 556, 'min_child_weight': 0.028691230040893332, 'min_split_gain': 0.00012582478177234797, 'reg_alpha': 1.7070684621241008, 'reg_lambda': 6.883033835467504, 'subsample': 0.5682501067014397, 'colsample_bytree': 0.6333659243112923, 'learning_rate': 0.011338661662077506, 'max_bin': 127, 'path_smooth': 3.2640395113687086, 'extra_trees': True, 'feature_k': 135}",135,-1.2039513405167352,0.0,0.0,0.0550818628301643,0.0228422208887074,0.5555555555555556,0.0085427883361561,0.013603451710048,0.0049854849365215,1.6,261,8,3,556,0.0286912300408933,0.0001258247817723,1.7070684621241008,6.883033835467504,0.5682501067014397,0.6333659243112923,0.0113386616620775,127,3.2640395113687086,True,135
84,d1587353f8a63b6f,"{'num_leaves': 16, 'max_depth': 4, 'min_child_samples': 653, 'min_child_weight': 0.015147434540475612, 'min_split_gain': 9.330242215894094e-05, 'reg_alpha': 0.16168339877911472, 'reg_lambda': 23.991362891610883, 'subsample': 0.6336358425215658, 'colsample_bytree': 0.580743513367712, 'learning_rate': 0.009733252484188312, 'max_bin': 127, 'path_smooth': 0.6062911451288675, 'extra_trees': True, 'feature_k': 135}",135,-1.1517716813845362,0.0,0.0,0.1745012067623632,0.0170650441311041,0.6666666666666666,0.0085459254033469,0.0135965595697045,0.0049923525979946,1.5,196,16,4,653,0.0151474345404756,9.330242215894094e-05,0.1616833987791147,23.991362891610883,0.6336358425215658,0.580743513367712,0.0097332524841883,127,0.6062911451288675,True,135
85,6753d3c1436e784f,"{'num_leaves': 8, 'max_depth': 3, 'min_child_samples': 407, 'min_child_weight': 0.07943887162624506, 'min_split_gain': 8.501328534844569e-05, 'reg_alpha': 3.612064762730646, 'reg_lambda': 9.132900500679973, 'subsample': 0.6690739688463382, 'colsample_bytree': 0.579078059900095, 'learning_rate': 0.01568364618243094, 'max_bin': 127, 'path_smooth': 0.8971100171391021, 'extra_trees': True, 'feature_k': 124}",124,-1.14732037937539,0.0,0.0,0.0419448108725084,-0.0046443438921708,0.5555555555555556,0.0085518991397064,0.0136027137764222,0.0050008516353578,1.1,101,8,3,407,0.079438871626245,8.501328534844569e-05,3.612064762730646,9.132900500679972,0.6690739688463382,0.579078059900095,0.0156836461824309,127,0.8971100171391021,True,124
86,3406b01d239328de,"{'num_leaves': 4, 'max_depth': 6, 'min_child_samples': 320, 'min_child_weight': 0.02004906566230337, 'min_split_gain': 0.0, 'reg_alpha': 0.030334692985432957, 'reg_lambda': 1.2184364493916782, 'subsample': 0.6899232641609265, 'colsample_bytree': 0.8677100743917294, 'learning_rate': 0.03651906924715654, 'max_bin': 63, 'path_smooth': 1.397131872196075, 'extra_trees': False, 'feature_k': 134}",134,-1.1293805739503764,0.0,0.0,0.170928056707432,0.0218305292695221,0.6666666666666666,0.0085544537604031,0.013605983654224,0.0050059036449177,1.2,52,4,6,320,0.0200490656623033,0.0,0.0303346929854329,1.2184364493916782,0.6899232641609265,0.8677100743917294,0.0365190692471565,63,1.397131872196075,False,134
87,dfcdddb205778bd1,"{'num_leaves': 8, 'max_depth': 3, 'min_child_samples': 333, 'min_child_weight': 0.016464339519647316, 'min_split_gain': 0.0, 'reg_alpha': 4.337549532156052, 'reg_lambda': 9.297987183620023, 'subsample': 0.600116636749771, 'colsample_bytree': 0.6370031681619431, 'learning_rate': 0.016009305230980937, 'max_bin': 63, 'path_smooth': 4.63879811611196, 'extra_trees': True, 'feature_k': 132}",132,-1.14532208626565,0.0,0.0,0.0368429791280497,0.0081541443356021,0.5555555555555556,0.0085471408168539,0.0136027814560344,0.0049929730280508,1.6,131,8,3,333,0.0164643395196473,0.0,4.337549532156052,9.297987183620023,0.600116636749771,0.6370031681619431,0.0160093052309809,63,4.63879811611196,True,132
88,3cdbfc7d06a9000a,"{'num_leaves': 27, 'max_depth': -1, 'min_child_samples': 467, 'min_child_weight': 0.007036740020688493, 'min_split_gain': 0.00020954035540522533, 'reg_alpha': 0.12115274048108288, 'reg_lambda': 3.1557129806592905, 'subsample': 0.7829343621112091, 'colsample_bytree': 0.5195486115948879, 'learning_rate': 0.011299072302417876, 'max_bin': 127, 'path_smooth': 4.061872323068582, 'extra_trees': True, 'feature_k': 132}",132,-1.2119320011221235,0.0,0.0,0.1498299675123355,0.0291174065390188,0.5555555555555556,0.0085415358512176,0.0135903469600309,0.0049869379605201,1.5,131,27,-1,467,0.0070367400206884,0.0002095403554052,0.1211527404810828,3.1557129806592905,0.7829343621112091,0.5195486115948879,0.0112990723024178,127,4.061872323068582,True,132
89,6a1687096a264e24,"{'num_leaves': 17, 'max_depth': -1, 'min_child_samples': 644, 'min_child_weight': 0.05871872189254417, 'min_split_gain': 0.00028493434972810225, 'reg_alpha': 0.38993296310185527, 'reg_lambda': 1.1572752244545237, 'subsample': 0.7568063059318713, 'colsample_bytree': 0.45639726556177407, 'learning_rate': 0.02376825226403437, 'max_bin': 127, 'path_smooth': 3.555600912179202, 'extra_trees': True, 'feature_k': 136}",136,-1.1958095428897175,0.0,0.0,0.1268749476491686,0.005310120837124,0.5555555555555556,0.008548251572029,0.0135969041223368,0.0049974319830103,1.0,50,17,-1,644,0.0587187218925441,0.0002849343497281,0.3899329631018552,1.1572752244545237,0.7568063059318713,0.456397265561774,0.0237682522640343,127,3.555600912179202,True,136
90,c740194bc60606c3,"{'num_leaves': 38, 'max_depth': -1, 'min_child_samples': 476, 'min_child_weight': 0.028986395048407745, 'min_split_gain': 0.00035921397642979785, 'reg_alpha': 0.39776094577600296, 'reg_lambda': 4.293502265989052, 'subsample': 0.6129628044549364, 'colsample_bytree': 0.6150922421491708, 'learning_rate': 0.005888599180981862, 'max_bin': 127, 'path_smooth': 1.6287962792130766, 'extra_trees': False, 'feature_k': 132}",132,-1.1510276104210546,0.0,0.0,0.1276524643055121,0.0362307382407408,0.5555555555555556,0.0085397199292953,0.0135818132177864,0.0049873394568706,2.8,161,38,-1,476,0.0289863950484077,0.0003592139764297,0.3977609457760029,4.293502265989052,0.6129628044549364,0.6150922421491708,0.0058885991809818,127,1.6287962792130766,False,132
91,1365c040e1988cf7,"{'num_leaves': 14, 'max_depth': -1, 'min_child_samples': 350, 'min_child_weight': 0.002648580230302876, 'min_split_gain': 0.00031837193392885127, 'reg_alpha': 0.065595138374229, 'reg_lambda': 2.4961284141133304, 'subsample': 0.7897466086200647, 'colsample_bytree': 0.5627668362737573, 'learning_rate': 0.00776164426995226, 'max_bin': 127, 'path_smooth': 0.8590100363808839, 'extra_trees': True, 'feature_k': 135}",135,-1.218880709222982,0.0,0.0,0.1604923650278835,0.0291894175364366,0.6666666666666666,0.0085430379507987,0.0135954392063561,0.0049879633259282,2.5,276,14,-1,350,0.0026485802303028,0.0003183719339288,0.065595138374229,2.4961284141133304,0.7897466086200647,0.5627668362737573,0.0077616442699522,127,0.8590100363808839,True,135
92,9dc6917bfde563fa,"{'num_leaves': 14, 'max_depth': -1, 'min_child_samples': 336, 'min_child_weight': 0.0020796428543956753, 'min_split_gain': 0.0003494803353383171, 'reg_alpha': 0.06190715840774956, 'reg_lambda': 3.4196025649206097, 'subsample': 0.8363172709178847, 'colsample_bytree': 0.6010646185547555, 'learning_rate': 0.006371567245835423, 'max_bin': 127, 'path_smooth': 0.24696921345807538, 'extra_trees': True, 'feature_k': 135}",135,-1.2287672346002567,0.0,0.0,0.1495451397865586,0.0252935891464317,0.5555555555555556,0.0085410886153393,0.0135938995314614,0.0049851206317444,3.5,366,14,-1,336,0.0020796428543956,0.0003494803353383,0.0619071584077495,3.4196025649206097,0.8363172709178847,0.6010646185547555,0.0063715672458354,127,0.2469692134580753,True,135
93,360d7b6d4501c045,"{'num_leaves': 4, 'max_depth': 2, 'min_child_samples': 283, 'min_child_weight': 0.002029833589341097, 'min_split_gain': 0.0003835921596993217, 'reg_alpha': 0.08391286748232551, 'reg_lambda': 3.091336127651076, 'subsample': 0.8709463498849219, 'colsample_bytree': 0.4385714864776525, 'learning_rate': 0.005984770659332814, 'max_bin': 127, 'path_smooth': 0.3751304173208656, 'extra_trees': True, 'feature_k': 136}",136,-1.150761092882715,0.0,0.0,0.1329523650099655,0.0071625439681667,0.4444444444444444,0.0085525995900182,0.0136068601369386,0.0050009289816692,2.1,539,4,2,283,0.002029833589341,0.0003835921596993,0.0839128674823255,3.091336127651076,0.8709463498849219,0.4385714864776525,0.0059847706593328,127,0.3751304173208656,True,136
94,ea2cdc58b7f2cb99,"{'num_leaves': 40, 'max_depth': -1, 'min_child_samples': 453, 'min_child_weight': 0.001996801265606468, 'min_split_gain': 0.0003371474014662521, 'reg_alpha': 0.003429539136608758, 'reg_lambda': 4.744398648338642, 'subsample': 0.663886082833633, 'colsample_bytree': 0.366499068226565, 'learning_rate': 0.011862896530751604, 'max_bin': 127, 'path_smooth': 0.9579815722116021, 'extra_trees': True, 'feature_k': 93}",93,-1.1801326285955769,0.0,0.0,0.1315981322059889,0.0239395301100806,0.5555555555555556,0.008534018623928,0.0135864036511323,0.0049754654277374,1.3,176,40,-1,453,0.0019968012656064,0.0003371474014662,0.0034295391366087,4.744398648338642,0.663886082833633,0.366499068226565,0.0118628965307516,127,0.957981572211602,True,93
95,628fdc1c707b960a,"{'num_leaves': 24, 'max_depth': -1, 'min_child_samples': 301, 'min_child_weight': 0.007405433480975552, 'min_split_gain': 0.0, 'reg_alpha': 0.18089530804052717, 'reg_lambda': 11.486824089209643, 'subsample': 0.8601728880689972, 'colsample_bytree': 0.6078514719599653, 'learning_rate': 0.00605840110731004, 'max_bin': 127, 'path_smooth': 0.7594294310408967, 'extra_trees': True, 'feature_k': 95}",95,-1.2142397738870505,0.0,0.0,0.1666025463423113,0.0197645027147949,0.4444444444444444,0.0085435612921112,0.0135920837356922,0.0049903394502604,2.0,234,24,-1,301,0.0074054334809755,0.0,0.1808953080405271,11.486824089209644,0.8601728880689972,0.6078514719599653,0.00605840110731,127,0.7594294310408967,True,95
96,2ad525071cda2a98,"{'num_leaves': 10, 'max_depth': -1, 'min_child_samples': 1410, 'min_child_weight': 0.0056140645361543035, 'min_split_gain': 0.0, 'reg_alpha': 0.0945130020096224, 'reg_lambda': 8.096600953831386, 'subsample': 0.8584034805115698, 'colsample_bytree': 0.6727182014072571, 'learning_rate': 0.006101099501477972, 'max_bin': 127, 'path_smooth': 0.7148786660815334, 'extra_trees': True, 'feature_k': 89}",89,-1.164092453368906,0.0,0.0,0.1000118285851918,0.0079050612109708,0.4444444444444444,0.0085465048471668,0.01359773509093,0.0049925038828156,2.2,319,10,-1,1410,0.0056140645361543,0.0,0.0945130020096224,8.096600953831386,0.8584034805115698,0.6727182014072571,0.0061010995014779,127,0.7148786660815334,True,89
97,a1038e9c33ef780c,"{'num_leaves': 17, 'max_depth': -1, 'min_child_samples': 353, 'min_child_weight': 0.015932032334986, 'min_split_gain': 0.00029697467257720127, 'reg_alpha': 0.30325929775315225, 'reg_lambda': 1.407857290091596, 'subsample': 0.710262904491479, 'colsample_bytree': 0.47575401771417936, 'learning_rate': 0.006691872997909723, 'max_bin': 63, 'path_smooth': 1.1047183067877577, 'extra_trees': True, 'feature_k': 86}",86,-1.2126069181773589,0.0,0.0,0.0885556933083571,0.0064624705072674,0.4444444444444444,0.0085472638233829,0.0135949325120835,0.0049957330931047,1.3,210,17,-1,353,0.015932032334986,0.0002969746725772,0.3032592977531522,1.407857290091596,0.710262904491479,0.4757540177141793,0.0066918729979097,63,1.1047183067877575,True,86
98,906e43a857634b3d,"{'num_leaves': 32, 'max_depth': -1, 'min_child_samples': 212, 'min_child_weight': 0.024442441674514693, 'min_split_gain': 0.0004427835747267892, 'reg_alpha': 0.02594711151587349, 'reg_lambda': 1.5819406271464704, 'subsample': 0.5703883985076962, 'colsample_bytree': 0.47582653092463856, 'learning_rate': 0.006395678982541513, 'max_bin': 63, 'path_smooth': 0.7095222656529336, 'extra_trees': True, 'feature_k': 87}",87,-1.2533662463213011,0.0,0.0,0.1231078549661321,0.0229105517109301,0.5555555555555556,0.0085406343113174,0.0135853398812387,0.0049880810190659,1.5,178,32,-1,212,0.0244424416745146,0.0004427835747267,0.0259471115158734,1.5819406271464704,0.5703883985076962,0.4758265309246385,0.0063956789825415,63,0.7095222656529336,True,87
99,41260fd17fd7771f,"{'num_leaves': 19, 'max_depth': -1, 'min_child_samples': 341, 'min_child_weight': 0.01533569088919334, 'min_split_gain': 0.0005610368448079277, 'reg_alpha': 0.02220494350703049, 'reg_lambda': 6.1610656459541255, 'subsample': 0.50389560085075, 'colsample_bytree': 0.5112243500146697, 'learning_rate': 0.0055301995206061, 'max_bin': 63, 'path_smooth': 0.22786996556374142, 'extra_trees': True, 'feature_k': 81}",81,-1.20208878056349,0.0,0.0,0.1138672746862303,0.0159848636746138,0.5555555555555556,0.0085367593488155,0.0135872887383082,0.0049789767062071,2.2,383,19,-1,341,0.0153356908891933,0.0005610368448079,0.0222049435070304,6.1610656459541255,0.50389560085075,0.5112243500146697,0.0055301995206061,63,0.2278699655637414,True,81
100,2cba60e7dd521173,"{'num_leaves': 12, 'max_depth': -1, 'min_child_samples': 433, 'min_child_weight': 0.07795240037044339, 'min_split_gain': 0.00043624718646646137, 'reg_alpha': 0.026226940521803216, 'reg_lambda': 1.0521777820537355, 'subsample': 0.603281142132903, 'colsample_bytree': 0.36709422374702305, 'learning_rate': 0.007918708650052994, 'max_bin': 63, 'path_smooth': 1.317481922018328, 'extra_trees': False, 'feature_k': 81}",81,-1.17134350574755,0.0,0.0,0.2139486489062538,0.0192319346701254,0.5555555555555556,0.0085452143059111,0.0135918309858398,0.0049931957350473,1.1,174,12,-1,433,0.0779524003704433,0.0004362471864664,0.0262269405218032,1.0521777820537357,0.603281142132903,0.367094223747023,0.0079187086500529,63,1.317481922018328,False,81
101,bb3728b0f0f3d270,"{'num_leaves': 25, 'max_depth': -1, 'min_child_samples': 255, 'min_child_weight': 0.015649251118213258, 'min_split_gain': 0.0, 'reg_alpha': 0.18596491678028096, 'reg_lambda': 23.258864988129062, 'subsample': 0.8489390047982653, 'colsample_bytree': 0.45714082691059216, 'learning_rate': 0.008140735359289001, 'max_bin': 127, 'path_smooth': 0.3297244409707481, 'extra_trees': True, 'feature_k': 80}",80,-1.1965889934247032,0.0,0.0,0.1392784397177675,0.0095201797895198,0.4444444444444444,0.0085424186618656,0.013592166133602,0.0049882802359411,1.3,178,25,-1,255,0.0156492511182132,0.0,0.1859649167802809,23.258864988129066,0.8489390047982653,0.4571408269105921,0.008140735359289,127,0.3297244409707481,True,80
102,c807f548b947e86d,"{'num_leaves': 15, 'max_depth': -1, 'min_child_samples': 379, 'min_child_weight': 0.005581702154284901, 'min_split_gain': 0.000467269373164535, 'reg_alpha': 2.0447605984628394, 'reg_lambda': 1.7795948553612508, 'subsample': 0.8365594284141061, 'colsample_bytree': 0.5150365557132233, 'learning_rate': 0.008286982442561161, 'max_bin': 63, 'path_smooth': 1.0611254921960929, 'extra_trees': True, 'feature_k': 86}",86,-1.1713828302003146,0.0,0.0,0.1109046704683327,0.0047886991356745,0.5555555555555556,0.0085469667403486,0.0135981193059817,0.0049940243932299,1.3,191,15,-1,379,0.0055817021542849,0.0004672693731645,2.0447605984628394,1.7795948553612508,0.8365594284141061,0.5150365557132233,0.0082869824425611,63,1.0611254921960929,True,86
103,c993a1e048cca492,"{'num_leaves': 34, 'max_depth': -1, 'min_child_samples': 203, 'min_child_weight': 0.06440418413278662, 'min_split_gain': 0.0, 'reg_alpha': 0.01158634138454291, 'reg_lambda': 1.6175905799658297, 'subsample': 0.5083409555926544, 'colsample_bytree': 0.42967791290859053, 'learning_rate': 0.008458511042274248, 'max_bin': 63, 'path_smooth': 2.0822686115275686, 'extra_trees': True, 'feature_k': 83}",83,-1.241544928821886,0.0,0.0,0.1351966113965426,0.0248270898378955,0.5555555555555556,0.008536894934965,0.0135805392090579,0.0049816369563186,1.6,163,34,-1,203,0.0644041841327866,0.0,0.0115863413845429,1.6175905799658297,0.5083409555926544,0.4296779129085905,0.0084585110422742,63,2.0822686115275686,True,83
104,6239c1b5df2d829c,"{'num_leaves': 41, 'max_depth': 8, 'min_child_samples': 442, 'min_child_weight': 0.017057665663329325, 'min_split_gain': 0.0, 'reg_alpha': 0.0022914218921294316, 'reg_lambda': 3.1380041098861855, 'subsample': 0.6210652628368337, 'colsample_bytree': 0.37156255235858254, 'learning_rate': 0.011403529050774757, 'max_bin': 63, 'path_smooth': 2.029888963959071, 'extra_trees': True, 'feature_k': 81}",81,-1.2135612918558727,0.0,0.0,0.1462828586456828,0.0195254696934375,0.5555555555555556,0.0085428509090194,0.0135881317491374,0.0049901844497287,1.1,125,41,8,442,0.0170576656633293,0.0,0.0022914218921294,3.138004109886185,0.6210652628368337,0.3715625523585825,0.0114035290507747,63,2.029888963959071,True,81
105,a91d8ab8ca88712e,"{'num_leaves': 26, 'max_depth': -1, 'min_child_samples': 265, 'min_child_weight': 0.05046505461132068, 'min_split_gain': 0.0, 'reg_alpha': 0.06522811639302285, 'reg_lambda': 1.2220574292113449, 'subsample': 0.5306253038078692, 'colsample_bytree': 0.6801646762734569, 'learning_rate': 0.00566976659562877, 'max_bin': 63, 'path_smooth': 1.4693951550215625, 'extra_trees': True, 'feature_k': 75}",75,-1.2063248787960332,0.0,0.0,0.1200434230656086,0.0188166560942738,0.5555555555555556,0.0085414353809973,0.0135876831270328,0.0049890784473696,1.6,208,26,-1,265,0.0504650546113206,0.0,0.0652281163930228,1.2220574292113449,0.5306253038078692,0.6801646762734569,0.0056697665956287,63,1.4693951550215625,True,75
106,437cd09aeba5b4a5,"{'num_leaves': 10, 'max_depth': -1, 'min_child_samples': 355, 'min_child_weight': 0.0009720231441039985, 'min_split_gain': 0.0006969357966013873, 'reg_alpha': 0.01689685722808985, 'reg_lambda': 1.7514595384617109, 'subsample': 0.8116730095497753, 'colsample_bytree': 0.6363426801206752, 'learning_rate': 0.009987430735104719, 'max_bin': 127, 'path_smooth': 0.02179911749622048, 'extra_trees': True, 'feature_k': 78}",78,-1.1007377439379544,0.0,0.0,0.163774485722643,-0.0067209678368853,0.4444444444444444,0.0085526799722108,0.0136015050891941,0.0050028848376886,1.0,125,10,-1,355,0.0009720231441039,0.0006969357966013,0.0168968572280898,1.7514595384617109,0.8116730095497753,0.6363426801206752,0.0099874307351047,127,0.0217991174962204,True,78
107,1c914fcaa1f5cdf6,"{'num_leaves': 27, 'max_depth': -1, 'min_child_samples': 415, 'min_child_weight': 0.015529834890459416, 'min_split_gain': 0.0, 'reg_alpha': 0.052526008688022735, 'reg_lambda': 9.351853412515926, 'subsample': 0.9443554512728075, 'colsample_bytree': 0.7115062326468706, 'learning_rate': 0.005101063603243723, 'max_bin': 127, 'path_smooth': 1.3760085743634067, 'extra_trees': False, 'feature_k': 78}",78,-1.078461666735755,0.0,0.0,0.1379089191500009,0.0122727372291314,0.4444444444444444,0.0085538329228357,0.0135958020089954,0.0050087231107703,1.8,105,27,-1,415,0.0155298348904594,0.0,0.0525260086880227,9.351853412515926,0.9443554512728076,0.7115062326468706,0.0051010636032437,127,1.3760085743634067,False,78
108,c154318620c7506c,"{'num_leaves': 55, 'max_depth': 8, 'min_child_samples': 426, 'min_child_weight': 0.00921139871626374, 'min_split_gain': 0.0, 'reg_alpha': 0.004406758491313783, 'reg_lambda': 5.436680526782802, 'subsample': 0.6461009042708133, 'colsample_bytree': 0.3565997213034567, 'learning_rate': 0.005749964551628086, 'max_bin': 63, 'path_smooth': 6.097298901657588, 'extra_trees': True, 'feature_k': 78}",78,-1.1870143636647732,0.0,0.0,0.1510916751640874,0.0091536660965715,0.4444444444444444,0.0085491284214039,0.0135913542818445,0.0050005941944403,1.2,174,55,8,426,0.0092113987162637,0.0,0.0044067584913137,5.436680526782802,0.6461009042708133,0.3565997213034567,0.005749964551628,63,6.097298901657588,True,78
109,2f2e2008e4fa6fb4,"{'num_leaves': 13, 'max_depth': -1, 'min_child_samples': 347, 'min_child_weight': 0.03643925132628342, 'min_split_gain': 0.0, 'reg_alpha': 0.0047272260826962545, 'reg_lambda': 2.53950083857028, 'subsample': 0.5300347415087845, 'colsample_bytree': 0.38974072180837843, 'learning_rate': 0.014630104503865574, 'max_bin': 63, 'path_smooth': 1.6789238044915509, 'extra_trees': True, 'feature_k': 79}",79,-1.1002488516792213,0.0,0.0,0.1860895871465719,-0.0042261862239548,0.3333333333333333,0.0085514851233801,0.0135968703290911,0.005001489676811,0.8,92,13,-1,347,0.0364392513262834,0.0,0.0047272260826962,2.53950083857028,0.5300347415087845,0.3897407218083784,0.0146301045038655,63,1.6789238044915509,True,79
110,677527435f77e73f,"{'num_leaves': 4, 'max_depth': 2, 'min_child_samples': 362, 'min_child_weight': 0.007691930408023687, 'min_split_gain': 0.0007078786918195485, 'reg_alpha': 0.28387874293264836, 'reg_lambda': 1.4950816101288171, 'subsample': 0.6730462926531122, 'colsample_bytree': 0.49273088912314433, 'learning_rate': 0.005963527110983348, 'max_bin': 63, 'path_smooth': 0.5500865702693457, 'extra_trees': True, 'feature_k': 77}",77,-1.1891210477846277,0.0,0.0,0.1668399138197023,0.0105647484392262,0.5555555555555556,0.0085523871914694,0.01360179113923,0.0050023039094704,1.4,439,4,2,362,0.0076919304080236,0.0007078786918195,0.2838787429326483,1.4950816101288171,0.6730462926531122,0.4927308891231443,0.0059635271109833,63,0.5500865702693457,True,77
111,cd55fa56f1fe64b2,"{'num_leaves': 43, 'max_depth': -1, 'min_child_samples': 218, 'min_child_weight': 0.024949483341623925, 'min_split_gain': 0.0005625668457333647, 'reg_alpha': 0.062464621473812675, 'reg_lambda': 2.3198259278381665, 'subsample': 0.5254382664826016, 'colsample_bytree': 0.396455081556093, 'learning_rate': 0.022799243683301617, 'max_bin': 63, 'path_smooth': 0.17904958359084047, 'extra_trees': True, 'feature_k': 4}",4,-1.0734810014589915,0.0,0.0,0.2972935378879306,-0.0391826036948887,0.4444444444444444,0.0085542517315651,0.0135933118617935,0.0050067001650864,0.5,127,43,-1,218,0.0249494833416239,0.0005625668457333,0.0624646214738126,2.3198259278381665,0.5254382664826016,0.396455081556093,0.0227992436833016,63,0.1790495835908404,True,4
112,8783ba869804e1e8,"{'num_leaves': 28, 'max_depth': 6, 'min_child_samples': 420, 'min_child_weight': 0.09455542087141161, 'min_split_gain': 0.0, 'reg_alpha': 0.005090821231426129, 'reg_lambda': 1.2355170861324243, 'subsample': 0.4654430710922015, 'colsample_bytree': 0.4954172543531544, 'learning_rate': 0.008142391248189306, 'max_bin': 63, 'path_smooth': 4.726782467746492, 'extra_trees': False, 'feature_k': 83}",83,-1.1745768354942612,0.0,0.0,0.1535605460828943,0.01550056773396,0.4444444444444444,0.0085441756727407,0.013589328197567,0.0049921611376341,1.1,126,28,6,420,0.0945554208714116,0.0,0.0050908212314261,1.2355170861324245,0.4654430710922015,0.4954172543531544,0.0081423912481893,63,4.726782467746492,False,83
113,80956f8aaf748e1e,"{'num_leaves': 8, 'max_depth': 3, 'min_child_samples': 206, 'min_child_weight': 0.0013975160341406485, 'min_split_gain': 0.0, 'reg_alpha': 0.01482109523344729, 'reg_lambda': 1.122425388655223, 'subsample': 0.5935103468648592, 'colsample_bytree': 0.4455073442000622, 'learning_rate': 0.01739548634440728, 'max_bin': 63, 'path_smooth': 1.6956199549127042, 'extra_trees': True, 'feature_k': 86}",86,-1.174805475026195,0.0,0.0,0.0965537095950168,-0.0003308161696865,0.4444444444444444,0.0085496091531538,0.0135987086404602,0.0049981444769017,0.8,112,8,3,206,0.0013975160341406,0.0,0.0148210952334472,1.122425388655223,0.5935103468648592,0.4455073442000622,0.0173954863444072,63,1.6956199549127042,True,86
114,42837c0b27e64647,"{'num_leaves': 12, 'max_depth': 6, 'min_child_samples': 384, 'min_child_weight': 0.00039972225720239185, 'min_split_gain': 0.0003101210068022839, 'reg_alpha': 0.007680259725462623, 'reg_lambda': 1.401423388193658, 'subsample': 0.689663873982199, 'colsample_bytree': 0.6554504723322016, 'learning_rate': 0.005592909222865513, 'max_bin': 127, 'path_smooth': 1.948005433085859, 'extra_trees': True, 'feature_k': 88}",88,-1.167098949209714,0.0,0.0,0.1604421466213452,0.0131308034573248,0.6666666666666666,0.0085469219981674,0.0135964287677618,0.0049949868822223,1.9,279,12,6,384,0.0003997222572023,0.0003101210068022,0.0076802597254626,1.401423388193658,0.689663873982199,0.6554504723322016,0.0055929092228655,127,1.948005433085859,True,88
115,aa8db81db5fb1935,"{'num_leaves': 4, 'max_depth': -1, 'min_child_samples': 546, 'min_child_weight': 0.04536209839835552, 'min_split_gain': 0.0, 'reg_alpha': 0.019693743624985622, 'reg_lambda': 5.372774141674334, 'subsample': 0.6087626193482699, 'colsample_bytree': 0.8544219655561607, 'learning_rate': 0.03867909914435098, 'max_bin': 127, 'path_smooth': 0.9549467671710468, 'extra_trees': True, 'feature_k': 90}",90,-1.0846162347356103,0.0,0.0,0.0233419994960653,-0.0060978382575465,0.4444444444444444,0.0085524471430079,0.0136034010067408,0.0050025527629296,0.9,52,4,-1,546,0.0453620983983555,0.0,0.0196937436249856,5.372774141674334,0.6087626193482699,0.8544219655561607,0.0386790991443509,127,0.9549467671710468,True,90
116,f4f1e071e67ed1d0,"{'num_leaves': 10, 'max_depth': 4, 'min_child_samples': 217, 'min_child_weight': 0.0019729739013231887, 'min_split_gain': 0.0003512349254808432, 'reg_alpha': 0.0710121461930212, 'reg_lambda': 3.2509035389492507, 'subsample': 0.834741747429752, 'colsample_bytree': 0.7678493224697172, 'learning_rate': 0.007124563991883221, 'max_bin': 127, 'path_smooth': 2.3830438919535353, 'extra_trees': True, 'feature_k': 89}",89,-1.1922110887148238,0.0,0.0,0.2291455587286508,0.0278544411729217,0.6666666666666666,0.0085391096656389,0.0135934857295415,0.0049824698270302,2.8,487,10,4,217,0.0019729739013231,0.0003512349254808,0.0710121461930212,3.2509035389492507,0.834741747429752,0.7678493224697172,0.0071245639918832,127,2.383043891953536,True,89
117,fc81f01c7b0a0a25,"{'num_leaves': 23, 'max_depth': -1, 'min_child_samples': 228, 'min_child_weight': 0.0018183356433998307, 'min_split_gain': 0.0003701746199069768, 'reg_alpha': 0.3936452703953925, 'reg_lambda': 5.593464792173144, 'subsample': 0.8207783583344944, 'colsample_bytree': 0.636462224915925, 'learning_rate': 0.006980870709193483, 'max_bin': 127, 'path_smooth': 0.9984034411960044, 'extra_trees': True, 'feature_k': 132}",132,-1.1955456910304174,0.0,0.0,0.1609182689163784,0.0216526495718941,0.5555555555555556,0.0085467862008326,0.0135943955656029,0.0049954810321085,1.9,172,23,-1,228,0.0018183356433998,0.0003701746199069,0.3936452703953925,5.593464792173144,0.8207783583344944,0.636462224915925,0.0069808707091934,127,0.9984034411960044,True,132
118,b7381d50e2f3b411,"{'num_leaves': 32, 'max_depth': 5, 'min_child_samples': 274, 'min_child_weight': 0.06648290998460414, 'min_split_gain': 0.0002560449891593167, 'reg_alpha': 2.0815320729680833, 'reg_lambda': 1.1037625388074057, 'subsample': 0.6531769743337573, 'colsample_bytree': 0.597696338938821, 'learning_rate': 0.007918341648074954, 'max_bin': 127, 'path_smooth': 2.201268188001297, 'extra_trees': True, 'feature_k': 133}",133,-1.200873179007258,0.0,0.0,0.1190120742559552,0.0200181784785504,0.6666666666666666,0.008544803562382,0.0135964347646709,0.0049914726595978,1.6,196,32,5,274,0.0664829099846041,0.0002560449891593,2.081532072968084,1.1037625388074055,0.6531769743337573,0.597696338938821,0.0079183416480749,127,2.201268188001297,True,133
119,13a2903eb5961569,"{'num_leaves': 5, 'max_depth': 8, 'min_child_samples': 1448, 'min_child_weight': 0.02620851192362166, 'min_split_gain': 0.0, 'reg_alpha': 0.0197909658335119, 'reg_lambda': 1.031664472840236, 'subsample': 0.5096224157655178, 'colsample_bytree': 0.5386845611663494, 'learning_rate': 0.012683633182732154, 'max_bin': 127, 'path_smooth': 0.2834784658123539, 'extra_trees': True, 'feature_k': 87}",87,-1.187068106548708,0.0,0.0,-0.0505726541928435,-0.0118365290783022,0.3333333333333333,0.0085511933056495,0.0135991335625057,0.0050007397039565,1.0,158,5,8,1448,0.0262085119236216,0.0,0.0197909658335119,1.031664472840236,0.5096224157655178,0.5386845611663494,0.0126836331827321,127,0.2834784658123539,True,87
120,d09408ab4501da2e,"{'num_leaves': 44, 'max_depth': -1, 'min_child_samples': 208, 'min_child_weight': 0.03279804100471151, 'min_split_gain': 0.0008292050280397887, 'reg_alpha': 0.013781082412763195, 'reg_lambda': 1.4411167142654138, 'subsample': 0.49777981300730856, 'colsample_bytree': 0.5768566547011492, 'learning_rate': 0.006502890882023456, 'max_bin': 63, 'path_smooth': 1.835749225642542, 'extra_trees': True, 'feature_k': 135}",135,-1.2275564648053496,0.0,0.0,0.11519674314975492,0.02773166907856127,0.5555555555555556,0.00853578841929141,0.013582455539367239,0.004980543276492279,2.0,178,44,-1,208,0.03279804100471151,0.0008292050280397887,0.013781082412763195,1.4411167142654138,0.49777981300730856,0.5768566547011492,0.006502890882023456,63,1.835749225642542,True,135
